pmcid,doi,title,journal,pubdate,pub_year,criteria_era,article_type_inferred,included,exclusion_reason,num_patients,age_numeric,age_descriptive,age_original_quote,age_range_mapped,age_midpoint_for_analysis,age_group,age_unit_original,sex,has_eds,has_pots,has_mcas,has_mastocytosis,triad_present,diagnostic_criteria_cited,beighton_score,symptoms_detected,terminology_used,extraction_method,extraction_date,eds_subtype,has_heds,has_non_heds_eds,eds_negated
PMC13079633,10.3389/frph.2026.1753684,"Females with hypermobile Ehlers–Danlos syndrome self-report more sexual problems than chronic pain controls without hypermobility, males, or patients with hypermobile spectrum disorders.",Front Reprod Health,2026,2026,post-2017 (2017 international classification),clinical_study,True,,407,,,"2Study designThis retrospective observational study examined adult patients (≥18 years of age) seen at the Mayo Clinic Florida EDS Clinic in the Department of Internal Medicine from 1 February 2020 to 19 May 2025 (n = 1,407) by self-referral or referrals from inside or outside the Mayo Clinic.",,,,years,female,True,False,True,False,False,2017 international classification; Beighton,5,joint_hypermobility; subluxations_dislocations; chronic_pain; skin_hyperextensibility; fatigue; headache_migraine,hEDS; hypermobile EDS; JHS; HSD; MCAS; mast cell activation syndrome,rule_based_v3,2026-04-16T20:47:52.130940,hEDS_HSD,True,False,False
PMC13070550,10.7759/cureus.105190,Tourniquet Use and Anesthesiology Considerations in Patients With Hypermobile Ehlers-Danlos Syndrome: Balancing Orthopedic Needs With Anesthetic Safety.,Cureus,2026 Mar,2026,post-2017 (2017 international classification),review_or_study,True,,16,,,,,,,years,,True,True,False,False,False,,,joint_hypermobility; subluxations_dislocations; chronic_pain; tachycardia; syncope; skin_hyperextensibility; easy_bruising; neuropathy; medication_sensitivity,hEDS; hypermobile EDS; JHS; POTS; postural tachycardia syndrome; dysautonomia,rule_based_v3,2026-04-16T20:47:52.479543,hEDS_HSD,True,False,False
PMC13067300,10.1155/cria/8693646,2-Chloroprocaine vs. Lidocaine in a Patient With Hypermobile Ehlers-Danlos Syndrome and a History of Local Anesthetic Resistance: A Case Report.,Case Rep Anesthesiol,2026,2026,post-2017 (2017 international classification),case_report,True,,1,33,,We describe a 33-year-old G2P0010 ASA III parturient with a history of hEDS and lidocaine resistance who presented for an anesthesia consultation in anticipation of possible neuraxial anesthesia.,,33,adult (30-44),years,,True,False,False,False,False,,,joint_hypermobility; skin_hyperextensibility; headache_migraine,hEDS; hypermobile EDS,rule_based_v3,2026-04-16T20:47:52.485842,hEDS_HSD,True,False,False
PMC13037643,10.2147/VHRM.S592420,The Investigation and Management of the Abdominopelvic Vascular Compression Syndromes in Patients with Ehlers-Danlos Syndrome and Hypermobility Spectrum Disorder.,Vasc Health Risk Manag,2026,2026,post-2017 (2017 international classification),clinical_study,True,,3,,,,,,,years,female,True,True,True,False,True,,,joint_hypermobility; chronic_pain; orthostatic_intolerance; tachycardia; syncope; urticaria; skin_hyperextensibility; fatigue; gi_symptoms; headache_migraine; neuropathy; brain_fog; palpitations,hEDS; hypermobile EDS; JHS; HSD; POTS; postural tachycardia syndrome; dysautonomia; MCAS; mast cell activation syndrome,rule_based_v3,2026-04-16T20:47:53.844643,hEDS_HSD,True,False,False
PMC13026537,10.3390/jcm15062212,Characterizing Initial Cervical Spine and Neurovascular Findings in 84 Consecutive Patients with Hypermobile Ehlers-Danlos Syndrome: A Retrospective Study.,J Clin Med,2026 Mar 14,2026,post-2017 (2017 international classification),clinical_study,True,,84,20,,"Methods: This single-center, retrospective observational study included patients with hEDS aged 20-50 years from 1 January 2022-31 December 2024, at an outpatient neck center.",,20,young adult (18-29),years,female,True,False,False,False,False,2017 international classification,,joint_hypermobility; chronic_pain; orthostatic_intolerance; tachycardia; skin_hyperextensibility; fatigue; headache_migraine; neuropathy; brain_fog; palpitations,hEDS; hypermobile EDS; JHS; dysautonomia,rule_based_v3,2026-04-16T20:47:53.943845,hEDS_HSD,True,False,False
PMC12991944,10.1016/j.tcr.2026.101317,Acute isolated traumatic anterior pisiform dislocation in an adult: A case report.,Trauma Case Rep,2026 Feb,2026,post-2017 (2017 international classification),case_report,True,,1,23,,"This report describes a 23-year-old, right-handed male who presented in March 2024 with acute anterior pisiform dislocation following indirect trauma while lifting furniture.",,23,young adult (18-29),years,male,True,False,False,False,False,,,subluxations_dislocations; chronic_pain,,rule_based_v3,2026-04-16T20:47:53.950016,hEDS_HSD,True,False,False
PMC12966997,10.7759/cureus.103015,Efficacy of Lidocaine Infusion in the Management of Chronic Myofascial Pain and Intractable Migrainous Headache in a Patient With Hypermobile Ehlers-Danlos Syndrome: A Case Report.,Cureus,2026 Feb,2026,post-2017 (2017 international classification),clinical_study,True,,815,,young_adult,"We describe a young adult with longstanding hypermobility, recurrent subluxations, chronic periscapular pain, migrainous headaches, and dysautonomia who achieved marked clinical improvement with lidocaine-based therapies, including trigger-point injections (TPIs) and scheduled intravenous lidocaine ...",18-30 years,24,young adult (18-29),years,female,True,True,True,False,True,2017 international classification; Villefranche; Beighton,5,joint_hypermobility; subluxations_dislocations; chronic_pain; tachycardia; skin_hyperextensibility; easy_bruising; fatigue; gi_symptoms; headache_migraine; neuropathy,hEDS; hypermobile EDS; JHS; HSD; POTS; postural tachycardia syndrome; dysautonomia,rule_based_v3,2026-04-16T20:47:54.105338,hEDS_HSD,True,False,False
PMC12958675,10.1186/s13023-026-04242-4,Prevalence and management of mental health comorbidities in a German cohort of patients with Ehlers-Danlos syndromes and a generalized hypermobility spectrum disorder.,Orphanet J Rare Dis,2026 Feb 3,2026,post-2017 (2017 international classification),clinical_study,True,,59,50,,"gHM was defined according to the 2017 EDS criteria as having a Beighton score of ≥ 5 for pubertal men and women up to the age of 50, and a Beighton score of ≥ 4 for women over 50 years old [1, 20].",,50,middle aged (45-59),years,female,True,False,True,False,False,2017 international classification; Beighton,,joint_hypermobility; chronic_pain; skin_hyperextensibility; easy_bruising; fatigue,hEDS; hypermobile EDS; JHS; HSD; dysautonomia; mast cell activation syndrome,rule_based_v3,2026-04-16T20:47:54.144055,hEDS_HSD,True,False,False
PMC13023622,10.3390/biomedicines14030689,An Overview of Vascular Compression Syndromes and Associations with Autonomic Dysfunction: A Review.,Biomedicines,2026 Mar 17,2026,post-2017 (2017 international classification),clinical_study,True,,64,,child,,3-12 years,7.5,childhood (5-11),years,female,True,True,True,False,True,Beighton,2,joint_hypermobility; chronic_pain; orthostatic_intolerance; tachycardia; syncope; fatigue; gi_symptoms; headache_migraine; neuropathy; brain_fog; palpitations,hEDS; hypermobile EDS; JHS; HSD; POTS; postural tachycardia syndrome; dysautonomia; MCAD,rule_based_v3,2026-04-16T20:48:13.136267,hEDS_HSD,True,False,False
PMC12998959,10.2147/ITT.S581262,"Postural Orthostatic Tachycardia Syndrome, Myalgic Encephalomyelitis/Chronic Fatigue Syndrome and Long COVID as Neuroimmune Disorders.",Immunotargets Ther,2026,2026,post-2017 (2017 international classification),animal_study,True,,100,12,,"8,9 POTS diagnostic criteria include the following: 1) an excessive and sustained increase in heart rate (HR) of more than 30 beats per minute (bpm) within 10 minutes of standing or during a head-up tilt table test [or in individuals aged 12 to 19 years, an increase of > 40 bpm] 2) absence of orthos...",,12,adolescent (12-17),years,,False,True,True,False,False,,,chronic_pain; orthostatic_intolerance; tachycardia; syncope; fatigue; neuropathy; palpitations,POTS; postural tachycardia syndrome; dysautonomia; mast cell activation syndrome,rule_based_v3,2026-04-16T20:48:13.167713,,False,False,False
PMC12982215,10.1007/s10286-025-01172-2,Systematic literature review: treatment of postural orthostatic tachycardia syndrome (POTS).,Clin Auton Res,2026 Feb,2026,post-2017 (2017 international classification),clinical_study,True,,14,32,,Compression garmentsOne RCT with 19 female patients aged 32 ± 2 years in which only splanchnic venous compression (40 mmHg) was compared to placebo could not find significant changes in HR increment (p > 0.,,32,adult (30-44),years,female,False,True,False,False,False,2015 POTS consensus,,orthostatic_intolerance; tachycardia; syncope; fatigue; gi_symptoms; headache_migraine; neuropathy; palpitations,POTS; postural tachycardia syndrome,rule_based_v3,2026-04-16T20:48:13.239098,,False,False,False
PMC12949424,10.1002/ccr3.72181,Postural Orthostatic Tachycardia Syndrome Presenting With Recurrent Syncope After Cervical Spinal Cord Injury.,Clin Case Rep,2026 Mar,2026,post-2017 (2017 international classification),case_report,True,,1,55,,This case report describes a male in his 50s suffering from C2 spinal cord injury who developed recurrent postural syncope post-injury.,,55,middle aged (45-59),decade (50s),male,False,True,False,False,False,,,tachycardia; syncope; flushing; fatigue; gi_symptoms; headache_migraine; neuropathy; palpitations,POTS; postural tachycardia syndrome,rule_based_v3,2026-04-16T20:48:13.315637,,False,False,False
PMC12892731,10.1093/ehjcr/ytag033,Genetic variants in acetylcholine processing and significant improvement with pyridostigmine in a patient with postural orthostatic tachycardia syndrome: a case report.,Eur Heart J Case Rep,2026 Feb,2026,post-2017 (2017 international classification),case_report,True,,1,30,,Case summaryWe report a 30-year-old woman with POTS who experienced significant improvement with pyridostigmine.,,30,adult (30-44),years,female,False,True,False,False,False,,,orthostatic_intolerance; tachycardia; fatigue; headache_migraine,POTS; postural tachycardia syndrome; dysautonomia,rule_based_v3,2026-04-16T20:48:13.329408,,False,False,False
PMC12864418,10.3389/fpubh.2026.1724482,"Post-licensure safety surveillance of 9-valent human papillomavirus vaccine using the vaccine adverse event reporting system, 2014-2024.",Front Public Health,2026,2026,post-2017 (2017 international classification),case_report,True,,66,9,,Food and Drug Administration (FDA) in December 2014 for use in females aged 9 through 26 years and males aged 9 through 15 years for the prevention of cancers and genital warts caused by the targeted HPV types (1).,,9,childhood (5-11),years,female,False,True,True,False,False,Brighton,,chronic_pain; tachycardia; syncope; anaphylaxis; fatigue; headache_migraine; neuropathy,POTS; postural tachycardia syndrome; dysautonomia; mast cell activation syndrome,rule_based_v3,2026-04-16T20:48:13.360039,,False,False,False
PMC12813278,10.1016/j.crwh.2025.e00778,Autoimmune syndrome induced by adjuvants (ASIA) following urethral sling placement: A case report.,Case Rep Womens Health,2026 Mar,2026,post-2017 (2017 international classification),animal_study,True,,4479,39,,A 39-year-old woman developed debilitating systemic symptoms following the placement of a synthetic mid-urethral sling for stress urinary incontinence.,,39,adult (30-44),years,female,False,True,False,False,False,,,chronic_pain; tachycardia; fatigue; neuropathy; brain_fog,POTS; postural tachycardia syndrome,rule_based_v3,2026-04-16T20:48:13.376447,,False,False,False
PMC13062802,10.21037/acr-2025-207,A successful treatment of urticaria pigmentosa with omalizumab in a pediatric patient: a case report.,AME Case Rep,2026,2026,post-2017 (2017 international classification),review_or_study,True,,1,14,,"Case DescriptionWe report a 14-year-old Middle Eastern female with a 1-year history of intensely pruritic, hyperpigmented macules significantly impacting her quality of life.",,14,adolescent (12-17),years,female,False,False,True,True,False,,,urticaria; anaphylaxis; fatigue; palpitations,MCAD; mast cell activation syndrome; mastocytosis,rule_based_v3,2026-04-16T20:48:24.768329,,False,False,False
PMC13019796,10.12659/AJCR.951085,Management Strategy for Anaphylaxis in a Patient With Suspected or Confirmed Mastocytosis: A Case Report.,Am J Case Rep,2026 Mar 22,2026,post-2017 (2017 international classification),clinical_study,True,,9,31,,"Patient: Female, 31-year-old

Final Diagnosis: Anaphylaxis

Symptoms: Hypotension

Clinical Procedure: -

Specialty: Anesthesiology • Critical Care Medicine

Objective: Unusual clinical course
BackgroundAnaphylaxis is a severe, systemic hypersensitivity reaction that poses a potential threat to life...",,31,adult (30-44),years,female,False,False,True,True,False,,,tachycardia; syncope; flushing; urticaria; anaphylaxis; gi_symptoms; headache_migraine,MCAS; MCAD; mast cell activation syndrome; mastocytosis,rule_based_v3,2026-04-16T20:48:24.831105,,False,False,False
PMC12981734,10.7759/cureus.103302,Recurrent Cyclic Vomiting and Gastroparesis-Like Symptoms in a Patient With Mast Cell Activation Syndrome (MCAS): A Case of Gastrointestinal-Predominant MCAS.,Cureus,2026 Feb,2026,post-2017 (2017 international classification),case_report,True,,1,36,,"Thus, we present a case of a 36-year-old male with MCAS who presented with acute, intractable nausea, vomiting, and left-sided back pain.",,36,adult (30-44),years,male,False,False,True,True,False,,,tachycardia; flushing; urticaria; anaphylaxis; gi_symptoms; headache_migraine,MCAS; mast cell activation syndrome; mastocytosis,rule_based_v3,2026-04-16T20:48:24.852319,,False,False,False
PMC12971857,10.1007/s11882-026-01262-9,Hereditary Alpha-Tryptasemia and Mastocytosis: What We Know and What We Need To Learn.,Curr Allergy Asthma Rep,2026 Mar 9,2026,post-2017 (2017 international classification),clinical_study,True,,1,,child,"CM is the predominant form in children, typically presenting within the first year of life.",3-12 years,7.5,childhood (5-11),years,,False,True,True,True,False,MCAS consensus criteria,,joint_hypermobility; tachycardia; syncope; flushing; urticaria; anaphylaxis; fatigue; gi_symptoms; headache_migraine,JHS; POTS; postural tachycardia syndrome; MCAS; MCAD; mast cell activation syndrome; mastocytosis,rule_based_v3,2026-04-16T20:48:25.142793,,False,False,False
PMC12922065,10.3390/neurosci7010027,Moyamoya Vasculopathy and Atypical Moyamoya-like Patterns: Insights into Diagnosis and Therapeutic Implications.,NeuroSci,2026 Feb 15,2026,post-2017 (2017 international classification),review_or_study,True,,1,6,,"Management is pattern-specific: MMS and atypical forms are generally managed conservatively, whereas MMD frequently requires surgical revascularization, particularly in children and symptomatic adults.",,6,childhood (5-11),years,male,False,False,True,False,False,,,headache_migraine,MCAS,rule_based_v3,2026-04-16T20:48:25.351708,,False,False,False
PMC12790910,10.3340/jkns.2025.0059,Twig-Like Middle Cerebral Artery : Acquired Lesion Rather than Congenital Anomaly.,J Korean Neurosurg Soc,2026 Jan,2026,post-2017 (2017 international classification),case_report,True,,9875,65,,Case 1 : recurrent basal ganglia intracerebral hemorrhage caused by microaneurysmA 65-year-old woman presented to the emergency department with right-sided hemiplegia.,,65,older adult (60-74),years,female,False,False,True,False,False,,,,MCAS,rule_based_v3,2026-04-16T20:48:25.867053,,False,False,False
PMC12741381,10.1016/j.jdcr.2025.10.067,A probable case of hyaluronic acid injection-induced MAST cell activation syndrome with refractory vasoplegia: A rare complication reversed with hyaluronidase.,JAAD Case Rep,2026 Jan,2026,post-2017 (2017 international classification),case_report,True,,1,43,,"Case reportA 43-year-old female received an HA-filler injection for the first time, with 2 mL Restylane Defyne and 3 ml Restylane Lyft administered in the malar area, zygomatic arch, chin, and mandibular arch.",,43,adult (30-44),years,female,False,True,True,True,False,,,tachycardia; syncope; flushing; urticaria; anaphylaxis; gi_symptoms; headache_migraine,postural tachycardia syndrome; MCAS; mast cell activation syndrome; mastocytosis,rule_based_v3,2026-04-16T20:48:26.028207,,False,False,False
PMC13062037,10.1111/nmo.70305,Gastrointestinal Symptoms and Systemic Comorbidities in Patients With POTS: A Systematic Review and Meta-Analysis.,Neurogastroenterol Motil,2026 Apr,2026,post-2017 (2017 international classification),clinical_study,True,,5215,,child,"It is defined as a clinical syndrome lasting at least 6 months characterized by an increase in heart rate of ≥ 30 beats/min (or ≥ 40 beats/min or more in children), often with a standing heart rate of > 120 beats/min, within 10 min of standing in adults or head-up tilt (HUT), and in the absence of o...",3-12 years,7.5,childhood (5-11),years,,True,True,True,False,True,,,joint_hypermobility; chronic_pain; orthostatic_intolerance; tachycardia; syncope; fatigue; gi_symptoms; headache_migraine; palpitations,hEDS; hypermobile EDS; JHS; POTS; postural tachycardia syndrome; dysautonomia; MCAS; mast cell activation syndrome,rule_based_v3,2026-04-16T20:48:48.212172,hEDS_HSD,True,False,False
PMC12942574,10.3390/jcm15041626,Patient Characteristics of a Telemedicine Clinic for Pediatric and Young Adult Postural Orthostatic Tachycardia Syndrome.,J Clin Med,2026 Feb 20,2026,post-2017 (2017 international classification),clinical_study,True,,277,23,,"Patients up through the age of 23 years were evaluated, either diagnosing or confirming a diagnosis of POTS, and identifying other symptoms and diagnoses.",,23,young adult (18-29),years,female,True,True,True,False,True,Beighton; MCAS consensus criteria,0,joint_hypermobility; orthostatic_intolerance; tachycardia; flushing; urticaria; gi_symptoms; headache_migraine; palpitations,hEDS; hypermobile EDS; JHS; HSD; POTS; postural tachycardia syndrome; dysautonomia; MCAS; mast cell activation syndrome,rule_based_v3,2026-04-16T20:48:48.264924,hEDS_HSD,True,False,False
PMC12615188,10.3389/fneur.2025.1508176,Hypothesis paper: high prevalence of Tinel sign in hypermobile Ehlers-Danlos syndrome.,Front Neurol,2025,2025,post-2017 (2017 international classification),review_or_study,True,,1,,,,,,,years,,True,False,False,False,False,2017 international classification,,joint_hypermobility; subluxations_dislocations; chronic_pain; skin_hyperextensibility; neuropathy,EDS type III; hEDS; hypermobile EDS; JHS,rule_based_v3,2026-04-16T20:47:55.551247,hEDS_HSD,True,False,False
PMC12551611,10.7759/cureus.93109,Ehlers-Danlos Syndrome: A Tale of Two Cases Highlighting Rare Subtypes and Diagnostic Considerations.,Cureus,2025 Sep,2025,post-2017 (2017 international classification),case_report,True,,66,16,,Case presentationCase report oneA 16-year-old boy presented to the rheumatology outpatient department (OPD) with the chief complaint of a large swelling around the left knee following a trivial trauma that occurred one month before presentation at the hospital.,,16,adolescent (12-17),years,male,True,True,False,False,False,2017 international classification; Villefranche; Beighton,1,joint_hypermobility; subluxations_dislocations; chronic_pain; orthostatic_intolerance; tachycardia; syncope; skin_hyperextensibility; easy_bruising; fatigue; gi_symptoms,hEDS; hypermobile EDS; JHS; HSD; POTS; postural tachycardia syndrome; dysautonomia,rule_based_v3,2026-04-16T20:47:55.616395,hEDS_HSD,True,False,False
PMC12488752,10.1007/s00264-025-06632-y,Survival of anterior cruciate ligament  reconstruction in patients with Ehlers-Danlos syndrome: A comparison with anatomic risk factors in existing literature.,Int Orthop,2025 Oct,2025,post-2017 (2017 international classification),clinical_study,True,,21,4,,,,4,early childhood (1-4),years,male,True,False,False,False,False,Beighton,,joint_hypermobility; subluxations_dislocations; chronic_pain,EDS hypermobility type; hEDS; JHS,rule_based_v3,2026-04-16T20:47:55.835111,hEDS_HSD,True,False,False
PMC12465098,10.7759/cureus.90988,Exploring the Association Between Median Arcuate Ligament Syndrome and Hypermobile Ehlers-Danlos Syndrome: A Case Report.,Cureus,2025 Aug,2025,post-2017 (2017 international classification),case_report,True,,1,21,,Case presentationThe patient is a 21-year-old white female with a diagnosis of hEDS who initially presented in May 2022 with right upper quadrant (RUQ) abdominal pain worsened by food intake.,,21,young adult (18-29),years,female,True,True,False,False,False,2017 international classification; Beighton,,joint_hypermobility; chronic_pain; orthostatic_intolerance; tachycardia; syncope; skin_hyperextensibility; gi_symptoms,hEDS; hypermobile EDS; JHS; postural tachycardia syndrome,rule_based_v3,2026-04-16T20:47:55.892848,hEDS_HSD,True,False,False
PMC12420492,10.1192/j.eurpsy.2025.2134,Unraveling Reality : Complaints that became delusions aligned to Ehlers-Danlos Syndrome ended up with ECT - a case report.,Eur Psychiatry,2025 Apr,2025,post-2017 (2017 international classification),case_report,True,,1,42,,"ResultsA 42-year-old female patient,diagnosed with anxiety disorder 7 years prior, who has shown no remission and has experienced multiple hospital admissions over the past year due to various psychotic and depressive episodes, presented to our hospital with complaints that a “sorcerer” had cast spe...",,42,adult (30-44),years,female,True,False,False,False,False,,,,,rule_based_v3,2026-04-16T20:47:55.922228,EDS_unspecified,True,False,False
PMC12409755,10.7759/cureus.89400,Anesthetic Management of a Pregnant Patient With Ehlers-Danlos Syndrome Undergoing Elective Cesarean Delivery: A Case Report.,Cureus,2025 Aug,2025,post-2017 (2017 international classification),case_report,True,,1,36,,"We present the case of a 36-year-old woman with classical EDS (cEDS) and multiple comorbidities, including postural orthostatic tachycardia syndrome, bronchial asthma, congenital adrenal hypoplasia, and chronic venous thrombosis, who underwent an elective cesarean section.",,36,adult (30-44),years,female,True,True,False,False,False,,,joint_hypermobility; subluxations_dislocations; chronic_pain; tachycardia; skin_hyperextensibility,hEDS; hypermobile EDS; JHS; POTS; postural tachycardia syndrome; dysautonomia,rule_based_v3,2026-04-16T20:47:55.943840,vascular_EDS,False,True,False
PMC12276532,10.1016/j.asmr.2025.101120,Double-Allograft Shoulder Stabilization for Multidirectional Instability Is Associated With Improved Function and Survivability After 2 Years.,Arthrosc Sports Med Rehabil,2025 Jun,2025,post-2017 (2017 international classification),clinical_study,True,,43,,,,,,,years,male,True,False,False,False,False,Beighton,2,joint_hypermobility; subluxations_dislocations; orthostatic_intolerance; skin_hyperextensibility,,rule_based_v3,2026-04-16T20:47:56.285975,hEDS_HSD,True,False,False
PMC12200703,10.1371/journal.pone.0325709,Characterizing the content and quality of internet resources on exercise training in Ehlers-Danlos Syndromes and generalized hypermobility spectrum disorder.,PLoS One,2025,2025,post-2017 (2017 international classification),case_report,True,,1,,,The second study interviewed 6 young adults with joint hypermobility and chronic pain to explore their internet use and experiences [24].,,,,years,,True,True,False,False,False,2017 international classification,,joint_hypermobility; subluxations_dislocations; chronic_pain; skin_hyperextensibility; fatigue,HSD; dysautonomia,rule_based_v3,2026-04-16T20:47:56.466032,hEDS_HSD,True,False,False
PMC12047577,10.1016/j.xrrt.2024.11.001,Recurrent elbow instability in a patient with Ehlers-Danlos syndrome treated with soft tissue reconstruction: case report.,JSES Rev Rep Tech,2025 May,2025,post-2017 (2017 international classification),case_report,True,,60,10,,The first episode of dislocation of the right elbow occurred when she was 10 year old; three years later she was diagnosed with EDS.,,10,childhood (5-11),years,female,True,False,False,False,False,,,joint_hypermobility; subluxations_dislocations; chronic_pain; skin_hyperextensibility,JHS,rule_based_v3,2026-04-16T20:47:56.643669,hEDS_HSD,True,False,False
PMC11905011,10.1002/acr2.70024,UK Medical Cannabis Registry: An Analysis of Outcomes of Medical Cannabis Therapy for Hypermobility-Associated Chronic Pain.,ACR Open Rheumatol,2025 Mar,2025,post-2017 (2017 international classification),clinical_study,True,,161,,,"2
 Furthermore, hypermobility is more common and severe in women and children, suggesting both age and gender specificity.",,,,years,,True,False,False,False,False,,,joint_hypermobility; subluxations_dislocations; chronic_pain; skin_hyperextensibility; fatigue; gi_symptoms; headache_migraine; neuropathy,hEDS; hypermobile EDS; HSD,rule_based_v3,2026-04-16T20:47:56.999721,hEDS_HSD,True,False,False
PMC11841416,10.3389/fmed.2025.1514349,A case of massive hematoma: reflections on hypermobile Ehlers-Danlos syndrome.,Front Med (Lausanne),2025,2025,post-2017 (2017 international classification),case_report,True,,1,18,,"Feature of criterion C cannot be counted in this situation
 2Case presentationAn 18-year-old male presented with minor hemoptysis lasting 8 h.",,18,young adult (18-29),years,male,True,True,True,False,True,2017 international classification; Villefranche; Beighton,,joint_hypermobility; subluxations_dislocations; chronic_pain; orthostatic_intolerance; tachycardia; flushing; urticaria; skin_hyperextensibility; fatigue; gi_symptoms; mitral_valve_prolapse,hEDS; hypermobile EDS; JHS; HSD; POTS; postural tachycardia syndrome; MCAD,rule_based_v3,2026-04-16T20:47:57.465096,hEDS_HSD,True,False,False
PMC11829448,10.1186/s13023-025-03550-5,Rates of mental health concerns among individuals assessed at the GoodHope Ehlers-Danlos Syndrome Clinic.,Orphanet J Rare Dis,2025 Feb 14,2025,post-2017 (2017 international classification),clinical_study,True,,1035,,,,,,,years,female,True,False,False,False,False,2017 international classification; Beighton,4,joint_hypermobility; subluxations_dislocations; chronic_pain; orthostatic_intolerance; skin_hyperextensibility; fatigue,hEDS; hypermobile EDS; JHS; HSD; dysautonomia,rule_based_v3,2026-04-16T20:47:57.668443,hEDS_HSD,True,False,False
PMC11650402,10.1111/nmo.14957,"A machine learning approach to stratify patients with hypermobile Ehlers-Danlos syndrome/hypermobility spectrum disorders according to disorders of gut brain interaction, comorbidities and quality of life.",Neurogastroenterol Motil,2025 Jan,2025,post-2017 (2017 international classification),case_report,True,,26,,,,,,,years,female,True,True,False,False,False,2017 international classification; Villefranche; Brighton; Beighton,,joint_hypermobility; chronic_pain; tachycardia; syncope; gi_symptoms; headache_migraine; palpitations,EDS hypermobility type; hEDS; hypermobile EDS; JHS; HSD; POTS; postural tachycardia syndrome; dysautonomia,rule_based_v3,2026-04-16T20:47:58.728791,hEDS_HSD,True,False,False
PMC12802868,10.1016/j.jaccas.2025.106326,Tirzepatide and Autonomic Dysfunction: Insights From Postural Orthostatic Tachycardia Syndrome.,JACC Case Rep,2025 Dec 17,2025,post-2017 (2017 international classification),case_report,True,,1,,,,,,,years,,False,True,False,False,False,,,tachycardia,POTS; postural tachycardia syndrome,rule_based_v3,2026-04-16T20:48:13.395751,,False,False,False
PMC12793844,10.1016/j.jaccas.2025.105430,Exacerbation of Postural Orthostatic Tachycardia Syndrome With Tirzepatide Prescribed for Weight Loss.,JACC Case Rep,2025 Oct 15,2025,post-2017 (2017 international classification),case_report,True,,1,28,,Case SummaryPOTS was exacerbated in a 28-year-old woman with obesity after using tirzepatide for weight reduction.,,28,young adult (18-29),years,female,False,True,False,False,False,MCAS consensus criteria,,orthostatic_intolerance; tachycardia; syncope; gi_symptoms; palpitations,POTS; postural tachycardia syndrome,rule_based_v3,2026-04-16T20:48:13.403645,,False,False,False
PMC12711217,10.36660/abc.20250347,Use of Ivabradine in the Treatment of Patients with Postural Orthostatic Tachycardia Syndrome (POTS): A Systematic Review.,Arq Bras Cardiol,2025 Nov,2025,post-2017 (2017 international classification),review_or_study,True,,1,,,"Ivabradine in children with POTS: a retrospective study
Towheed et al.",,,,years,,True,True,False,False,False,,,tachycardia,POTS; postural tachycardia syndrome,rule_based_v3,2026-04-16T20:48:13.535678,EDS_mentioned_but_excluded,False,False,True
PMC12743803,10.1177/20420986251395925,Complex chronic adverse events following immunization: a systemic critique and reform proposal for vaccine pharmacovigilance.,Ther Adv Drug Saf,2025,2025,post-2017 (2017 international classification),clinical_study,True,,21,,adolescent,"84
 A frequently cited example comes from El Carmen de Bolívar, a rural town in northern Colombia, where hundreds of adolescent girls developed acute and chronic, multisystem symptoms following a school-based HPV vaccination campaign.",12-18 years,15,adolescent (12-17),years,female,False,True,False,False,False,Brighton; 2015 POTS consensus,,chronic_pain; orthostatic_intolerance; tachycardia; syncope; anaphylaxis; fatigue; neuropathy; palpitations,POTS; postural tachycardia syndrome; dysautonomia,rule_based_v3,2026-04-16T20:48:14.387424,,False,False,False
PMC12736109,10.3390/ph18121827,Disproportionality Analysis of Adverse Events Associated with IL-1 Inhibitors in the FDA Adverse Event Reporting System (FAERS).,Pharmaceuticals (Basel),2025 Dec 1,2025,post-2017 (2017 international classification),clinical_study,True,,670,5,,"As the first approved IL-1 inhibitor (2001), anakinra remains a basic drug for the treatment of refractory RA and neonatal multi-system inflammatory diseases through inhibiting the binding of IL-1α/β to receptors [5].",,5,childhood (5-11),years,female,False,True,False,False,False,MCAS consensus criteria,,tachycardia; urticaria; medication_sensitivity,POTS; postural tachycardia syndrome,rule_based_v3,2026-04-16T20:48:14.490720,,False,False,False
PMC12714501,10.1016/j.jaccas.2025.105773,Autonomic Dysfunction and Postural Orthostatic Tachycardia Syndrome Secondary to Abuse.,JACC Case Rep,2025 Nov 26,2025,post-2017 (2017 international classification),case_report,True,,1,20,,"Case 1A 20-year-old woman with a history of hypermobile Ehlers-Danlos syndrome, seizure disorder, and POTS presented to the cardiology clinic for evaluation.",,20,young adult (18-29),years,female,True,True,False,False,False,,,orthostatic_intolerance; tachycardia; syncope; fatigue; gi_symptoms; headache_migraine; palpitations,hypermobile EDS; POTS; postural tachycardia syndrome; dysautonomia,rule_based_v3,2026-04-16T20:48:14.497416,EDS_mentioned_but_excluded,False,False,True
PMC12640735,10.1002/14651858.CD015363.pub2,Effects of human papillomavirus (HPV) vaccination programmes on community rates of HPV-related disease and harms from vaccination.,Cochrane Database Syst Rev,2025 Nov 24,2025,post-2017 (2017 international classification),clinical_study,True,,946,29,,"We performed meta-analysis on studies that reported effect estimates adjusted for confounding, with a focus on those receiving HPV vaccination at or before the age of 16 years (the target age group for vaccination).",,29,young adult (18-29),years,female,False,True,False,False,False,MCAS consensus criteria,,chronic_pain; orthostatic_intolerance; tachycardia; fatigue; brain_fog,POTS; postural tachycardia syndrome,rule_based_v3,2026-04-16T20:48:14.677881,,False,False,False
PMC12640326,10.1007/s00415-025-13518-x,Postural orthostatic tachycardia syndrome is the most frequent cardiovascular autonomic disorder following COVID-19 infection or vaccination.,J Neurol,2025 Nov 22,2025,post-2017 (2017 international classification),clinical_study,True,,120,28,,,,28,young adult (18-29),years,female,False,True,False,False,False,,,chronic_pain; orthostatic_intolerance; tachycardia; syncope; fatigue; gi_symptoms; headache_migraine; neuropathy; brain_fog,POTS; postural tachycardia syndrome; dysautonomia,rule_based_v3,2026-04-16T20:48:14.882749,,False,False,False
PMC12574150,10.1186/s40959-025-00379-6,Postural orthostatic tachycardia syndrome and orthostatic intolerance in adult patients with active cancer.,Cardiooncology,2025 Oct 29,2025,post-2017 (2017 international classification),case_report,True,,213,19,,MethodsConsecutive 220 active cancer patients aged 19-59 were enrolled.,,19,young adult (18-29),years,female,False,True,True,False,False,,,joint_hypermobility; orthostatic_intolerance; tachycardia; syncope; fatigue; gi_symptoms; headache_migraine; palpitations,JHS; POTS; postural tachycardia syndrome; dysautonomia,rule_based_v3,2026-04-16T20:48:14.909001,,False,False,False
PMC12554255,10.7759/cureus.93271,Chronic Cardiovascular Disorders Associated With COVID-19: A Literature Review.,Cureus,2025 Sep,2025,post-2017 (2017 international classification),clinical_study,True,,143,60,,"The average age of the subjects was 56 years, and the observation period lasted an average of 60.",,60,older adult (60-74),years,female,False,True,False,False,False,,,chronic_pain; orthostatic_intolerance; tachycardia; syncope; fatigue; gi_symptoms; headache_migraine; brain_fog; palpitations,POTS; postural tachycardia syndrome,rule_based_v3,2026-04-16T20:48:14.986470,,False,False,False
PMC12520903,10.3389/fneur.2025.1642869,Differential diagnosis of orthostatic dizziness with persistent postural-perceptual dizziness and its underlying mechanisms.,Front Neurol,2025,2025,post-2017 (2017 international classification),animal_study,True,,53,3,,The frequency of severe lesions with white matter hyperintensities (WMH) at Fazekas stage 3 was notably higher in patients experiencing ‘unexplained’ dizziness compared to those with ‘explained’ causes of dizziness (60).,,3,early childhood (1-4),years,female,False,True,False,False,False,,,chronic_pain; orthostatic_intolerance; tachycardia; syncope; fatigue; gi_symptoms; headache_migraine; neuropathy; brain_fog; palpitations,POTS; postural tachycardia syndrome,rule_based_v3,2026-04-16T20:48:15.069731,,False,False,False
PMC12515974,10.3389/fcimb.2025.1647203,"Immunotherapies for postural orthostatic tachycardia syndrome, other common autonomic disorders, and Long COVID: current state and future direction.",Front Cell Infect Microbiol,2025,2025,post-2017 (2017 international classification),clinical_study,True,,16,60,,"This form of syncope is common, with 42% of women and 32% of men experiencing at least one episode by age 60.",,60,older adult (60-74),years,,True,True,True,True,True,,,chronic_pain; orthostatic_intolerance; tachycardia; syncope; fatigue; gi_symptoms; headache_migraine; neuropathy; brain_fog; palpitations; medication_sensitivity,HSD; POTS; postural tachycardia syndrome; dysautonomia; mast cell activation syndrome,rule_based_v3,2026-04-16T20:48:15.142188,hEDS_HSD,True,False,False
PMC12504783,10.7759/cureus.91804,Therapeutic Plasma Exchange in Postural Tachycardia Syndrome (POTS).,Cureus,2025 Sep,2025,post-2017 (2017 international classification),review_or_study,True,,1,,child,EditorialPostural tachycardia syndrome (POTS) is an autonomic nervous system condition that is characterized by an increase in heart rate of at least 30 beats per minute (40 beats per minute in adolescents or children) upon standing from the supine position without corresponding hypotension [1].,3-12 years,7.5,childhood (5-11),years,,False,True,False,False,False,,,orthostatic_intolerance; tachycardia; fatigue; headache_migraine; palpitations,POTS; postural tachycardia syndrome; dysautonomia,rule_based_v3,2026-04-16T20:48:15.201131,,False,False,False
PMC12495029,10.1093/ehjcr/ytaf425,Monitoring of cardiorespiratory vagal desynchrony using novel biomarkers derived from smartwatch electrocardiograms in a patient recovering from long COVID: case report.,Eur Heart J Case Rep,2025 Oct,2025,post-2017 (2017 international classification),case_report,True,,1,35,,"Methods and resultsThis study examines a 35-year-old male with long COVID, POTS, and chronic fatigue syndrome (CFS), who recorded 328 ECGs over using a Samsung smartwatch.",,35,adult (30-44),years,male,False,True,False,False,False,,,tachycardia; fatigue,POTS; postural tachycardia syndrome; dysautonomia,rule_based_v3,2026-04-16T20:48:15.208185,,False,False,False
PMC12441330,10.1016/j.jaccas.2025.104167,A Case of Postural Orthostatic Tachycardia Syndrome in a 20-Year-Old Female Athlete: Review of Ivabradine Guidelines.,JACC Case Rep,2025 Jul 16,2025,post-2017 (2017 international classification),clinical_study,True,,49,20,,"Case SummaryA 20-year-old woman with POTS, complicated by multiple comorbidities, experienced a severe functional decline.",,20,young adult (18-29),years,female,True,True,False,False,False,,,orthostatic_intolerance; tachycardia; syncope; chiari; palpitations,POTS; postural tachycardia syndrome,rule_based_v3,2026-04-16T20:48:15.225208,EDS_mentioned_but_excluded,False,False,True
PMC12399260,10.1016/j.jacadv.2025.101873,Characterization of Postural Orthostatic Tachycardia Syndrome in Long COVID: Self-reported Data From the LISTEN Study.,JACC Adv,2025 Aug,2025,post-2017 (2017 international classification),clinical_study,True,,1,18,,"Study recruitmentThe LISTEN study recruited participants from the Hugo Health Kindred community, an online group of people aged 18 years and older interested in contributing to COVID-19 research.",,18,young adult (18-29),years,female,True,True,True,False,True,,,joint_hypermobility; chronic_pain; orthostatic_intolerance; tachycardia; fatigue; gi_symptoms; headache_migraine; neuropathy; brain_fog; palpitations,hypermobile EDS; POTS; postural tachycardia syndrome; dysautonomia; MCAS; mast cell activation syndrome,rule_based_v3,2026-04-16T20:48:15.251973,EDS_unspecified,True,False,False
PMC12335401,10.1007/s00431-025-06253-y,Two-year follow-up on multisystem inflammatory syndrome in children (MIS-c): findings from a tertiary paediatric hospital in Latvia.,Eur J Pediatr,2025 Aug 9,2025,post-2017 (2017 international classification),clinical_study,True,,21,1,,"Regarding practical aspects, functional tests were not completed by 1-year-old patients, due to age-specific reasons.",,1,early childhood (1-4),years,female,False,True,False,False,False,,,orthostatic_intolerance; fatigue; neuropathy; brain_fog,POTS,rule_based_v3,2026-04-16T20:48:15.267520,,False,False,False
PMC12294965,10.3390/insects16070674,Effectiveness of Sunn Hemp (Crotalaria juncea L.) in Reducing Wireworm Damage in Potatoes.,Insects,2025 Jun 27,2025,post-2017 (2017 international classification),animal_study,True,,1,1,,The ESI source was operated in positive ionization mode with the following instrumental parameters: capillary voltage of 1.,,1,early childhood (1-4),years,,False,True,False,False,False,,,,HSD; POTS,rule_based_v3,2026-04-16T20:48:15.342706,,False,False,False
PMC12280984,10.1073/pnas.2426874122,Patient-reported treatment outcomes in ME/CFS and long COVID.,Proc Natl Acad Sci U S A,2025 Jul 15,2025,post-2017 (2017 international classification),clinical_study,True,,925,1,,,,1,early childhood (1-4),years,female,True,True,True,False,True,,,joint_hypermobility; tachycardia; fatigue; headache_migraine; brain_fog,POTS; postural tachycardia syndrome; dysautonomia; MCAS; mast cell activation syndrome,rule_based_v3,2026-04-16T20:48:15.603560,EDS_unspecified,True,False,False
PMC12283190,10.1155/ogi/8872884,The Long-Term Postural Orthostatic Tachycardia Syndrome Outcomes Survey-Gynecologic Findings: A Cross-Sectional Survey in Young Women.,Obstet Gynecol Int,2025,2025,post-2017 (2017 international classification),clinical_study,True,,167,18,,MethodsThe LT-POTS survey was offered to a group of patients diagnosed with POTS before age 18 years by one of the authors (Jeffrey R.,,18,young adult (18-29),years,female,False,True,False,False,False,,,joint_hypermobility; orthostatic_intolerance; tachycardia; syncope; fatigue; gi_symptoms; headache_migraine,POTS; postural tachycardia syndrome,rule_based_v3,2026-04-16T20:48:15.634614,,False,False,False
PMC12197400,10.3390/vaccines13060548,Cardiopulmonary Effects of COVID-19 Vaccination: A Comprehensive Narrative Review.,Vaccines (Basel),2025 May 22,2025,post-2017 (2017 international classification),clinical_study,True,,19,82,,"TCM following COVID-19 vaccination tends to occur in older females, with systematic reviews yielding a median age of 61.",,82,elderly (75+),years,female,False,True,False,False,False,,,tachycardia; syncope; fatigue; headache_migraine; palpitations,POTS; postural tachycardia syndrome; dysautonomia,rule_based_v3,2026-04-16T20:48:15.695704,,False,False,False
PMC12148095,10.33549/physiolres.935504,Autoimmune Antibodies in Orthostatic Intolerance Syndromes.,Physiol Res,2025 Apr 30,2025,post-2017 (2017 international classification),case_report,True,,61,12,,Postural orthostatic tachycardia syndrome is characterized by a sustained increase in heart rate ≥30 bpm (≥ 40 bpm for adolescents aged 12-19 years) during 10 minutes of standing in the absence of orthostatic hypotension with associated symptoms of orthostatic intolerance.,,12,adolescent (12-17),years,female,False,True,False,False,False,,,orthostatic_intolerance; tachycardia; syncope; fatigue; gi_symptoms; headache_migraine; neuropathy; palpitations,POTS; postural tachycardia syndrome,rule_based_v3,2026-04-16T20:48:15.730833,,False,False,False
PMC12112802,10.3390/medicina61050773,The Involvement and Manifestations of SARS-CoV-2 Virus in Cardiovascular Pathology.,Medicina (Kaunas),2025 Apr 22,2025,post-2017 (2017 international classification),animal_study,True,,19,21,,"A study published in 2024 highlights that vaccination, especially with three doses, significantly improved immune responses and reduced the severity of COVID-19 in elderly patients.",,21,young adult (18-29),years,female,False,True,False,False,False,,,chronic_pain; orthostatic_intolerance; tachycardia; syncope; fatigue; headache_migraine; brain_fog; palpitations; medication_sensitivity,POTS; postural tachycardia syndrome; dysautonomia,rule_based_v3,2026-04-16T20:48:16.104884,,False,False,False
PMC12071195,10.3389/fneur.2025.1567708,Impact of exercise to treat postural orthostatic tachycardia syndrome: a systematic review.,Front Neurol,2025,2025,post-2017 (2017 international classification),clinical_study,True,,25,12,,"Current consensus criteria for the diagnosis of POTS in adults requires symptoms of orthostatic intolerance for at least three months, along with a sustained increase in heart rate (HR) of at least 30 beats per minute within 10 min of upright position (40 beats per minute in patients age 12-19 years...",,12,adolescent (12-17),years,female,True,True,True,True,True,MCAS consensus criteria,,joint_hypermobility; orthostatic_intolerance; tachycardia; fatigue; headache_migraine; neuropathy,HSD; POTS; postural tachycardia syndrome; MCAS; mast cell activation syndrome; mastocytosis,rule_based_v3,2026-04-16T20:48:16.147587,hEDS_HSD,True,False,False
PMC11771442,10.1210/jcemcr/luae218.021,P-18 THREE BODY PROBLEM PATIENT: EHLER DANLOS SYNDROME COMBINED WITH HYPOPHOSPHATASIA AND FATTY ACID OXIDATION DEFECT.,JCEM Case Rep,2025 Jan,2025,post-2017 (2017 international classification),case_report,True,,1,27,,Clinical CaseA 27-year-old male visited an endocrinology clinic with a complaint of low libido that started six months ago.,,27,young adult (18-29),years,male,True,True,True,True,True,,,joint_hypermobility; subluxations_dislocations; tachycardia; urticaria; headache_migraine,postural tachycardia syndrome; MCAD; mastocytosis,rule_based_v3,2026-04-16T20:48:16.260894,EDS_unspecified,True,False,False
PMC12641438,10.3389/fcvm.2025.1705201,Cardiovascular manifestations in mast cell activation disease: key insights for cardiologists and angiologists.,Front Cardiovasc Med,2025,2025,post-2017 (2017 international classification),animal_study,True,,12,2,,,,2,early childhood (1-4),years,,True,False,True,True,False,,,tachycardia; syncope; urticaria; anaphylaxis; gi_symptoms; neuropathy; medication_sensitivity,MCAS; MCAD; mast cell activation syndrome; mastocytosis,rule_based_v3,2026-04-16T20:48:26.778312,EDS_unspecified,True,False,False
PMC12633608,10.1101/2025.10.19.25338239,"Geography, Ancestry, Age and Sex Shape Somatic Autosomal Mosaic Chromosomal Alterations in Blood.",medRxiv,2025 Oct 20,2025,post-2017 (2017 international classification),case_report,True,,1,77,,,,77,elderly (75+),years,female,False,False,True,False,False,,,,MCAS,rule_based_v3,2026-04-16T20:48:27.224533,,False,False,False
PMC12614038,10.7759/cureus.94557,Refractory Antiphospholipid Syndrome With Thoracic Outlet and Superior Vena Cava Syndromes: A Complex Case of Recurrent Thrombosis.,Cureus,2025 Oct,2025,post-2017 (2017 international classification),review_or_study,True,,1,39,,"This is the case of a 39-year-old female with treatment-resistant antiphospholipid syndrome (APS), hereditary angioedema (HAE), and mast cell activation syndrome (MCAS) complicated by SVCS and venous TOS.",,39,adult (30-44),years,female,False,False,True,False,False,,,tachycardia; gi_symptoms; medication_sensitivity,dysautonomia; MCAS; MCAD; mast cell activation syndrome,rule_based_v3,2026-04-16T20:48:27.240662,,False,False,False
PMC12615035,10.1155/crh/9562195,Chronic Anaphylaxis With Indolent Systemic Mastocytosis: A Case Report.,Case Rep Hematol,2025,2025,post-2017 (2017 international classification),case_report,True,,1,35,,We report the case of a 35-year-old Caucasian female who suffered repeated life-threatening anaphylactic episodes that greatly decreased her quality of life and that the best supportive care measures failed to control.,,35,adult (30-44),years,female,False,True,False,True,False,,,chronic_pain; tachycardia; flushing; urticaria; anaphylaxis; gi_symptoms; headache_migraine; brain_fog,postural tachycardia syndrome; mastocytosis,rule_based_v3,2026-04-16T20:48:27.256526,,False,False,False
PMC12405650,10.1177/10668969251331202,"Mucinous Cystadenocarcinomas of the Breast Exhibit Heterogeneous Genomic Profile as Triple Negative Breast Cancer, Harbor Alterations in PIK3CA, PTEN, AKT1, and GNAS Genes, and May Not Be Indolent.",Int J Surg Pathol,2025 Oct,2025,post-2017 (2017 international classification),case_report,True,,3,50,,"Patient 1The patient was a 50-year-old woman with no past medical history who identified a movable, nontender mass in the left breast.",,50,middle aged (45-59),years,female,False,False,True,False,False,,,,MCAS,rule_based_v3,2026-04-16T20:48:28.163266,,False,False,False
PMC12404107,10.14740/jh2104,Mast Cell Leukemia: Comprehensive Review of Literature With Current Insights and Updates on Management.,J Hematol,2025 Aug,2025,post-2017 (2017 international classification),animal_study,True,,1,2,,,,2,early childhood (1-4),years,female,False,False,True,True,False,MCAS consensus criteria,,tachycardia; syncope; flushing; urticaria; anaphylaxis; fatigue; gi_symptoms; headache_migraine,MCAS; MCAD; mast cell activation syndrome; mastocytosis,rule_based_v3,2026-04-16T20:48:28.386659,,False,False,False
PMC12347703,10.3390/jcm14155455,The Pulmonary Manifestation of Mastocytosis: Experiences of the National Reference Centre of Excellence.,J Clin Med,2025 Aug 3,2025,post-2017 (2017 international classification),clinical_study,True,,104,46,,"A total of 104 Caucasian patients with mastocytosis and mast cell activation syndrome from the Department of Allergology, Medical University of Gdansk, were studied (median age 46 years; 95% CI 44.",,46,middle aged (45-59),years,,False,False,True,True,False,,,anaphylaxis; fatigue,MCAS; MCAD; mast cell activation syndrome; mastocytosis,rule_based_v3,2026-04-16T20:48:28.558123,,False,False,False
PMC12246164,10.1038/s41598-025-10020-2,Impact of major congenital anomalies on preterm birth and low birth weight.,Sci Rep,2025 Jul 10,2025,post-2017 (2017 international classification),review_or_study,True,,1,2,,"Preterm birth is defined as delivery before 37 weeks of gestation, while low birth weight refers to birth weight less than 2,500 g, regardless of the gestational age2.",,2,early childhood (1-4),years,female,False,False,True,False,False,2017 international classification,,,MCAS,rule_based_v3,2026-04-16T20:48:28.633612,,False,False,False
PMC12030918,10.3892/ol.2025.15050,Genomic and clinical‑pathological features of mucinous cystadenocarcinoma of the breast with HER2 amplification: A case report.,Oncol Lett,2025 Jun,2025,post-2017 (2017 international classification),case_report,True,,40,64,,"In the present study, a rare case of a 64-year-old woman with HER2-positive MCA who underwent long-term follow-up without recurrence or distant metastasis is reported.",,64,older adult (60-74),years,female,False,False,True,False,False,,,,MCAS,rule_based_v3,2026-04-16T20:48:28.834424,,False,False,False
PMC11825596,10.1007/s11914-025-00901-w,Management of Bone Health in Adult Mastocytosis.,Curr Osteoporos Rep,2025 Feb 13,2025,post-2017 (2017 international classification),clinical_study,True,,1374,40,,"The level of evidence for this practice is weak, with one case report (of a woman aged 40 years) showing an improvement of bone pain after six weeks of inhaled sodium cromoglicate in addition to her usual H1 and H2 antihistamines and oral sodium cromoglicate treatment [52].",,40,adult (30-44),years,female,False,False,True,True,False,MCAS consensus criteria,,urticaria,MCAD; mast cell activation syndrome; mastocytosis,rule_based_v3,2026-04-16T20:48:29.029922,,False,False,False
PMC11773267,10.1016/j.eclinm.2024.103043,Characterization of patients with clonal mast cells in the bone marrow with clinical significance not otherwise specified.,EClinicalMedicine,2025 Feb,2025,post-2017 (2017 international classification),clinical_study,True,,432,,,,,,,years,,False,False,True,True,False,,,flushing; urticaria; anaphylaxis,MCAS; MCAD; mastocytosis,rule_based_v3,2026-04-16T20:48:29.181613,,False,False,False
PMC12633589,10.1101/2025.10.22.25338573,Understanding Comorbidities in Hypermobile Ehlers-Danlos Syndrome: Could a Viral Infection Lead to a Diagnosis?,medRxiv,2025 Oct 24,2025,post-2017 (2017 international classification),case_report,True,,19,25,,,,25,young adult (18-29),years,female,True,True,True,False,True,,,joint_hypermobility; chronic_pain; tachycardia; syncope; fatigue; gi_symptoms,hEDS; hypermobile EDS; POTS; postural tachycardia syndrome; dysautonomia; MCAS; mast cell activation syndrome,rule_based_v3,2026-04-16T20:48:48.441354,hEDS_HSD,True,False,False
PMC12541780,10.3389/fdgth.2025.1662255,Wearable technology in the management of complex chronic illness: preliminary survey results on self-reported outcomes.,Front Digit Health,2025,2025,post-2017 (2017 international classification),clinical_study,True,,1,18,,"MethodsA random sample of users of the Visible mobile application (Visible Plus; requires both the armband and paid subscription), aged 18 or older and with self-identified complex chronic illnesses such as LC or ME/CFS, were invited to complete an online survey regarding the impact of the app on th...",,18,young adult (18-29),years,female,True,True,True,False,False,,,chronic_pain; tachycardia; fatigue; headache_migraine,POTS; postural tachycardia syndrome; MCAS; mast cell activation syndrome,rule_based_v3,2026-04-16T20:48:48.462304,EDS_mentioned_but_excluded,False,False,True
PMC12437428,10.1192/j.eurpsy.2025.189,"Hypermobility, immune dysfunction and dysautonomia cluster in ADHD.",Eur Psychiatry,2025 Apr,2025,post-2017 (2017 international classification),case_report,True,,1,,,,,,,years,,True,True,True,False,True,,,joint_hypermobility; tachycardia; fatigue,hEDS; hypermobile EDS; JHS; HSD; POTS; postural tachycardia syndrome; dysautonomia; MCAD,rule_based_v3,2026-04-16T20:48:48.494021,hEDS_HSD,True,False,False
PMC12063504,10.3389/fneur.2025.1513199,"Association of postural orthostatic tachycardia syndrome, hypermobility spectrum disorders, and mast cell activation syndrome in young patients; prevalence, overlap and response to therapy depends on the definition.",Front Neurol,2025,2025,post-2017 (2017 international classification),clinical_study,True,,392,18,,"Additionally, the recommendation was made that a diagnosis of hEDS not be made until a patient reaches biological maturity or the age of 18 years.",,18,young adult (18-29),years,female,True,True,True,False,True,2017 international classification; Beighton; MCAS consensus criteria,,joint_hypermobility; subluxations_dislocations; orthostatic_intolerance; tachycardia; syncope; urticaria; easy_bruising; fatigue; gi_symptoms; headache_migraine; brain_fog; palpitations; medication_sensitivity,hEDS; hypermobile EDS; JHS; HSD; POTS; postural tachycardia syndrome; dysautonomia; MCAS; MCAD; mast cell activation syndrome,rule_based_v3,2026-04-16T20:48:48.582990,hEDS_HSD,True,False,False
PMC12048102,10.1159/000541880,Prevalence of Autoantibodies in Patients with Hereditary Alpha-Tryptasemia.,Int Arch Allergy Immunol,2025,2025,post-2017 (2017 international classification),case_report,True,,101,15,,Patients aged 15 years or older in whom tryptase genotyping was diagnostic for HαT were included.,,15,adolescent (12-17),years,female,True,True,True,True,True,,,tachycardia; flushing; urticaria; anaphylaxis; medication_sensitivity,hEDS; hypermobile EDS; POTS; postural tachycardia syndrome; MCAS; MCAD; mast cell activation syndrome; mastocytosis,rule_based_v3,2026-04-16T20:48:48.608635,hEDS_HSD,True,False,False
PMC12043455,10.3389/fneur.2025.1512671,Hyperventilation during rest and exercise in orthostatic intolerance and Spiky-Leaky Syndrome.,Front Neurol,2025,2025,post-2017 (2017 international classification),clinical_study,True,,392,9,,"MethodsStudy participantsWe reviewed clinical exercise testing data from patients aged 9 to 29 years who exhibited orthostatic intolerance (OI), as defined by Stewart (18) and Sandroni (9), along with at least one additional sign or symptom of autonomic nervous system dysfunction.",,9,childhood (5-11),years,female,True,True,True,False,True,2015 POTS consensus,,orthostatic_intolerance; tachycardia; syncope; fatigue; headache_migraine; brain_fog; palpitations,hypermobile EDS; HSD; POTS; postural tachycardia syndrome; dysautonomia; MCAS; mast cell activation syndrome,rule_based_v3,2026-04-16T20:48:48.664438,hEDS_HSD,True,False,False
PMC11755520,10.1177/20503121251315021,The prevalence of hypermobile Ehlers-Danlos syndrome at a gender-affirming primary care clinic.,SAGE Open Med,2025,2025,post-2017 (2017 international classification),clinical_study,True,,2180,16,,"Eligible participants were active patients at the gender-affirming primary care clinic, who were over the age of 16, were TGD, and had a diagnosis of hypermobile Ehlers-Danlos syndrome.",,16,adolescent (12-17),years,,True,True,True,False,True,,,joint_hypermobility; chronic_pain; tachycardia; fatigue; gi_symptoms; headache_migraine,hEDS; hypermobile EDS; HSD; POTS; postural tachycardia syndrome; dysautonomia; mast cell activation syndrome,rule_based_v3,2026-04-16T20:48:48.839951,hEDS_HSD,True,False,False
PMC12225415,10.3390/reports7020036,Postural Orthostatic Tachycardia Syndrome (POTS) as an Adverse Event to the Human Papilloma Virus (HPV) Vaccine and Its Relationship with Ehlers-Danlos Syndrome (EDS).,Reports (MDPI),2024 May 12,2024,post-2017 (2017 international classification),case_report,True,,1,42,,Case Presentation SectionA 42-year-old female received the Gardasil 4 vaccine on 14 January 2014.,,42,adult (30-44),years,female,True,True,True,False,True,Beighton,,joint_hypermobility; orthostatic_intolerance; tachycardia; syncope; flushing; anaphylaxis; fatigue; gi_symptoms; headache_migraine,EDS type III; hEDS; hypermobile EDS; POTS; postural tachycardia syndrome; MCAS; mast cell activation syndrome,rule_based_v3,2026-04-16T20:47:56.300288,hEDS_HSD,True,False,False
PMC11666444,10.3389/fneur.2024.1479545,"Neuraxial biomechanics, fluid dynamics, and myodural regulation: rethinking management of hypermobility and CNS disorders.",Front Neurol,2024,2024,post-2017 (2017 international classification),animal_study,True,,1,,,,,,,years,,True,True,True,False,True,,,joint_hypermobility; subluxations_dislocations; chronic_pain; tachycardia; skin_hyperextensibility; headache_migraine; neuropathy; chiari,hEDS; hypermobile EDS; JHS; POTS; postural tachycardia syndrome; dysautonomia; MCAS; mast cell activation syndrome,rule_based_v3,2026-04-16T20:47:58.290343,hEDS_HSD,True,False,False
PMC11641481,10.3390/healthcare12232392,Self-Perception of Physical Problems in Patients with Non-Vascular Type of Ehlers-Danlos Syndrome: A Qualitative Study.,Healthcare (Basel),2024 Nov 28,2024,post-2017 (2017 international classification),clinical_study,True,,24,41,,The interviews averaged 41 min in duration (ranging from 27 to 55 min).,,41,adult (30-44),years,female,True,False,True,True,False,,,joint_hypermobility; subluxations_dislocations; chronic_pain; skin_hyperextensibility; fatigue; neuropathy,EDS hypermobility type; hEDS; hypermobile EDS; JHS; HSD; dysautonomia; MCAS; mast cell activation syndrome; mastocytosis,rule_based_v3,2026-04-16T20:47:58.775731,hEDS_HSD,True,False,False
PMC11610443,10.1515/medgen-2024-2060,Clinical diagnosis of the monogenic Ehlers-Danlos syndromes.,Med Genet,2024 Dec,2024,post-2017 (2017 international classification),case_report,True,,1,20,,Individuals typically experience (ii) gingivitis and aggressive periodontitis leading to periodontal bone loss at a very young age with complete dental loss at an average age of 20 years.,,20,young adult (18-29),years,,True,False,False,False,False,2017 international classification; Villefranche; Beighton,,joint_hypermobility; subluxations_dislocations; skin_hyperextensibility; easy_bruising; gi_symptoms; headache_migraine,EDS type III; hEDS; hypermobile EDS; JHS; HSD,rule_based_v3,2026-04-16T20:47:58.887613,hEDS_HSD,True,False,False
PMC11585818,10.1016/j.crwh.2024.e00661,Recurrent adnexal torsion in a teenager with hypermobile Ehlers-Danlos syndrome: A case report.,Case Rep Womens Health,2024 Dec,2024,post-2017 (2017 international classification),case_report,True,,1,17,,"A 17-year-old clinically diagnosed with hEDS presented with recurrent lower abdominal pain, later attributed to intermittent partial adnexal torsion.",,17,adolescent (12-17),years,female,True,False,False,False,False,2017 international classification,,joint_hypermobility; subluxations_dislocations; chronic_pain; skin_hyperextensibility; gi_symptoms; headache_migraine,EDS type III; hEDS; hypermobile EDS; JHS; HSD,rule_based_v3,2026-04-16T20:47:58.906763,hEDS_HSD,True,False,False
PMC11581960,10.3389/fneur.2024.1459115,Presentation and physical therapy management using a neuroplasticity approach for patients with hypermobility-related upper cervical instability: a brief report.,Front Neurol,2024,2024,post-2017 (2017 international classification),case_report,True,,1,44,,"Jay, a 44-year-old male, had seen a local, non-EDS neurosurgeon who concluded that Jay did not have cervical pathology.",,44,adult (30-44),years,male,True,True,False,False,False,Beighton,7,joint_hypermobility; chronic_pain; orthostatic_intolerance; tachycardia; fatigue; headache_migraine; chiari,hEDS; hypermobile EDS; HSD; postural tachycardia syndrome,rule_based_v3,2026-04-16T20:47:58.971189,hEDS_HSD,True,False,False
PMC11545606,10.2147/IMCRJ.S490693,Bilateral Chronic Herpetic Anterior Uveitis in an Immunocompetent Patient.,Int Med Case Rep J,2024,2024,post-2017 (2017 international classification),review_or_study,True,,1,42,,ResultsA 42-year-old Kenyan female presented with a 2-year history of intermittent painful eye redness associated with blurring of vision of both eyes.,,42,adult (30-44),years,female,True,False,False,False,False,,,chronic_pain,hEDS,rule_based_v3,2026-04-16T20:47:58.981954,hEDS_HSD,True,False,False
PMC11532648,10.1210/jcemcr/luae205,Hypoglycemia Associated With Hypermobile Ehlers-Danlos Syndrome.,JCEM Case Rep,2024 Nov,2024,post-2017 (2017 international classification),case_report,True,,1,33,,Case PresentationA 33-year-old female with an established clinical diagnosis of hypermobile EDS (hEDS) was referred for evaluation of possible hypoglycemia during hospitalization for seizure-like activity.,,33,adult (30-44),years,female,True,True,True,False,True,Beighton,9,joint_hypermobility; subluxations_dislocations; chronic_pain; tachycardia; skin_hyperextensibility; fatigue; gi_symptoms; headache_migraine; neuropathy; chiari; brain_fog; palpitations,hEDS; hypermobile EDS; JHS; POTS; postural tachycardia syndrome; dysautonomia; MCAS; mast cell activation syndrome,rule_based_v3,2026-04-16T20:47:58.996381,hEDS_HSD,True,False,False
PMC11528175,10.7759/cureus.70667,Cesarean Delivery in a Patient With Hypermobile Ehlers-Danlos Syndrome: A Case Report.,Cureus,2024 Oct,2024,post-2017 (2017 international classification),case_report,True,,1,24,,This article aims to report an anesthetic approach of a 24-year-old woman with hEDS proposed for cesarean delivery.,,24,young adult (18-29),years,female,True,True,True,False,True,,,joint_hypermobility; subluxations_dislocations; tachycardia; skin_hyperextensibility; easy_bruising; fatigue; gi_symptoms; headache_migraine; neuropathy; mitral_valve_prolapse,hEDS; hypermobile EDS; JHS; postural tachycardia syndrome; dysautonomia,rule_based_v3,2026-04-16T20:47:59.020119,hEDS_HSD,True,False,False
PMC11515420,10.1186/s12891-024-07937-6,Outcomes of orthopaedic surgery in Ehlers-Danlos syndromes: a scoping review.,BMC Musculoskelet Disord,2024 Oct 24,2024,post-2017 (2017 international classification),animal_study,True,,491,46,,"(2017)USA [41]Revision pediatric anterior cruciate ligament reconstruction after failure of iliotibial band technique treated with all-epiphyseal technique in a prepubescent with Ehlers-Danlos syndrome: a case reportCaseEDS Type IVFU: 10 mos, 28 mos10 y/o FHad multiple prior injuries surgery (same k...",,46,middle aged (45-59),years,female,True,False,False,False,False,Beighton,9,joint_hypermobility; subluxations_dislocations; chronic_pain; skin_hyperextensibility; gi_symptoms; neuropathy; chiari,EDS type III; EDS hypermobility type; hEDS; hypermobile EDS; JHS; HSD,rule_based_v3,2026-04-16T20:47:59.382934,hEDS_HSD,True,False,False
PMC11421124,10.1186/s13023-024-03261-3,Functional benefit of joint surgery in patients with non-vascular Ehlers-Danlos syndrome: results of a retrospective study.,Orphanet J Rare Dis,2024 Sep 23,2024,post-2017 (2017 international classification),clinical_study,True,,69,60,,"Study populationThe inclusion criteria were: patient ≥ 18 years of age, with a confirmed diagnosis of EDS (according to the 2017 classification of EDS) and having undergone surgery on at least one of the following joints: shoulder, elbow, wrist, knee or ankle.",,60,older adult (60-74),years,female,True,False,False,False,False,2017 international classification; Beighton,,joint_hypermobility; subluxations_dislocations; chronic_pain; skin_hyperextensibility; fatigue; neuropathy,hEDS; hypermobile EDS; JHS,rule_based_v3,2026-04-16T20:47:59.544743,hEDS_HSD,True,False,False
PMC11410636,10.3389/fneur.2024.1455498,Long COVID and hypermobility spectrum disorders have shared pathophysiology.,Front Neurol,2024,2024,post-2017 (2017 international classification),case_report,True,,100,50,,"Criterion 1: Generalized joint hypermobility-Beighton score of ≥6 for pre-pubertal children and adolescents, ≥5 for pubertal men and women up to the age of 50 years, and ≥4 for those >50 years of ageCriterion 2: Two or more of the following features (A-C) must be presentFeature A: Systemic manifesta...",,50,middle aged (45-59),years,female,True,True,False,False,False,2017 international classification,,joint_hypermobility; subluxations_dislocations; chronic_pain; orthostatic_intolerance; tachycardia; skin_hyperextensibility; fatigue; neuropathy; mitral_valve_prolapse,hEDS; hypermobile EDS; JHS; HSD; POTS; postural tachycardia syndrome; dysautonomia; MCAD,rule_based_v3,2026-04-16T20:47:59.607736,hEDS_HSD,True,False,False
PMC11365123,10.1186/s13256-024-04628-7,Multiple dermatofibromas in a patient with Ehlers-Danlos syndrome: a case report.,J Med Case Rep,2024 Aug 31,2024,post-2017 (2017 international classification),case_report,True,,1,18,,Case presentationAn 18-year-old Iranian woman presented with multiple purple nodules ranging from 0.,,18,young adult (18-29),years,female,True,False,False,False,False,2017 international classification; Beighton,,joint_hypermobility; skin_hyperextensibility; easy_bruising,EDS hypermobility type; hEDS; hypermobile EDS; JHS; HSD,rule_based_v3,2026-04-16T20:47:59.631243,hEDS_HSD,True,False,False
PMC11341037,10.1371/journal.pone.0307442,Investigation of dermal collagen nanostructures in Ehlers-Danlos Syndrome (EDS) patients.,PLoS One,2024,2024,post-2017 (2017 international classification),review_or_study,True,,1,38,,"3 (labeled as hEDS throughout the paper)A 38-year-old woman with a history of multi-joint hypermobility, recurrent subluxation of both hips and knees, stretchy skin with easy bruising, chronic pains, orthostatic intolerance, migraines, and irritable bowel syndrome was referred to the GoodHope EDS cl...",,38,adult (30-44),years,female,True,False,False,False,False,2017 international classification; Villefranche; Beighton,5,joint_hypermobility; subluxations_dislocations; chronic_pain; orthostatic_intolerance; skin_hyperextensibility; easy_bruising; fatigue; headache_migraine,hEDS; hypermobile EDS; JHS,rule_based_v3,2026-04-16T20:47:59.687076,hEDS_HSD,True,False,False
PMC11109350,10.1016/j.jor.2024.05.009,The relationship between joint hypermobility and patellar instability: A systematic review.,J Orthop,2024 Oct,2024,post-2017 (2017 international classification),clinical_study,True,,391,,child,,3-12 years,7.5,childhood (5-11),years,female,True,False,False,False,False,Beighton,4,joint_hypermobility; subluxations_dislocations,hypermobile EDS; JHS,rule_based_v3,2026-04-16T20:47:59.823654,hEDS_HSD,True,False,False
PMC11268287,10.1177/21925682231151924,Outcomes Following Anterior Cervical Discectomy and Fusion in Patients With Ehlers-Danlos Syndrome.,Global Spine J,2024 Jul,2024,post-2017 (2017 international classification),animal_study,True,,533,84,,"Study PopulationThe study population included patients 18-84 years of age who underwent elective one- or two-level ACDF with a prior diagnosis of EDS, all selected using ICD-9 and ICD-10 codes from 2010 to 2020 (Table 1).",,84,elderly (75+),years,female,True,False,False,False,False,,,joint_hypermobility; skin_hyperextensibility,hypermobile EDS,rule_based_v3,2026-04-16T20:47:59.862752,hEDS_HSD,True,False,False
PMC11188875,10.14309/crj.0000000000001393,Esophageal Striae as a Possible Gastrointestinal Manifestation of Hypermobile Ehlers-Danlos Syndrome.,ACG Case Rep J,2024 Jun,2024,post-2017 (2017 international classification),case_report,True,,1,27,,"3,4A 27-year old woman presented with slowly progressive dysphagia.",,27,young adult (18-29),years,female,True,True,False,False,False,,,joint_hypermobility; tachycardia; skin_hyperextensibility; gi_symptoms; headache_migraine; brain_fog,hypermobile EDS; postural tachycardia syndrome,rule_based_v3,2026-04-16T20:48:00.047676,EDS_mentioned_but_excluded,False,False,True
PMC11095771,10.1371/journal.pone.0302401,Management of childbearing with hypermobile Ehlers-Danlos syndrome and hypermobility spectrum disorders: A scoping review and expert co-creation of evidence-based clinical guidelines.,PLoS One,2024,2024,post-2017 (2017 international classification),clinical_study,True,,1,22,neonate,"Articles were included if they reported primary research findings in relation to childbearing with hEDS/HSD, including case reports.",0-28 days,22,young adult (18-29),years,female,True,True,True,False,True,2017 international classification,,joint_hypermobility; subluxations_dislocations; chronic_pain; orthostatic_intolerance; tachycardia; syncope; flushing; urticaria; anaphylaxis; skin_hyperextensibility; fatigue; gi_symptoms; headache_migraine; neuropathy; chiari; brain_fog; mitral_valve_prolapse; palpitations,hEDS; hypermobile EDS; JHS; HSD; POTS; postural tachycardia syndrome; dysautonomia; MCAS; mast cell activation syndrome,rule_based_v3,2026-04-16T20:48:00.786234,hEDS_HSD,True,False,False
PMC11058070,10.1016/j.artd.2024.101390,Increased Opioid Use in Patients With Ehlers-Danlos Syndrome Before and After Total Hip Arthroplasty.,Arthroplast Today,2024 Jun,2024,post-2017 (2017 international classification),clinical_study,True,,688,,,,,,,years,,True,True,False,False,False,,,joint_hypermobility; subluxations_dislocations; chronic_pain; tachycardia; skin_hyperextensibility,hypermobile EDS; HSD; postural tachycardia syndrome; dysautonomia,rule_based_v3,2026-04-16T20:48:01.005404,EDS_mentioned_but_excluded,False,False,True
PMC11010766,10.1177/03000605241242582,Temporomandibular disorders among Ehlers-Danlos syndromes: a narrative review.,J Int Med Res,2024 Apr,2024,post-2017 (2017 international classification),clinical_study,True,,17,33,,"1
 The prevalence of GJH ranges from 12% to 28% in the general population, depending on age and sex, with children and women more commonly affected.",,33,adult (30-44),years,female,True,False,False,False,False,Beighton,,joint_hypermobility; subluxations_dislocations; chronic_pain; skin_hyperextensibility; headache_migraine,hEDS; hypermobile EDS; JHS; HSD,rule_based_v3,2026-04-16T20:48:01.108599,hEDS_HSD,True,False,False
PMC10917428,10.1159/000537705,A Possible Newly Defined and Treatable Secondary Cause of Early Morning Wake-Up Headaches in an Older Hypermobile Woman: Nutcracker Physiology with Spinal Epidural Venous Congestion.,Case Rep Neurol,2024 Jan-Dec,2024,post-2017 (2017 international classification),review_or_study,True,,1,61,,Case ReportA 61-year-old woman with a history of hypermobile Ehlers-Danlos syndrome began to be awakened with severe head pain at midnight at least several times per week.,,61,older adult (60-74),years,female,True,False,False,False,False,2017 international classification,,chronic_pain; gi_symptoms; headache_migraine,hEDS; hypermobile EDS; HSD,rule_based_v3,2026-04-16T20:48:01.248521,hEDS_HSD,True,False,False
PMC10784750,10.1002/ccr3.8431,Systemic pain relief after omalizumab injection in patient with hypermobile Ehlers-Danlos syndrome: A case report.,Clin Case Rep,2024 Jan,2024,post-2017 (2017 international classification),case_report,True,,1,33,,,,33,adult (30-44),years,,True,True,True,False,True,,,,hEDS; hypermobile EDS,rule_based_v3,2026-04-16T20:48:01.272342,hEDS_HSD,True,False,False
PMC11775448,10.3389/fneur.2024.1515486,Oral medications for the treatment of postural orthostatic tachycardia syndrome; a systematic review of studies before and during the COVID-19 pandemic.,Front Neurol,2024,2024,post-2017 (2017 international classification),animal_study,True,,1,,child,"Traditionally it is seen most frequently in women, with onset most often occurring from adolescence through childbearing age (5).",3-12 years,7.5,childhood (5-11),years,female,False,True,False,False,False,,,orthostatic_intolerance; tachycardia; syncope; fatigue; palpitations; medication_sensitivity,POTS; postural tachycardia syndrome; dysautonomia,rule_based_v3,2026-04-16T20:48:16.257849,,False,False,False
PMC11646465,10.2147/JMDH.S495088,Exercise Interventions in the Management of Postural Orthostatic Tachycardia Syndrome: A Scoping Review.,J Multidiscip Healthc,2024,2024,post-2017 (2017 international classification),clinical_study,True,,1,34,,"3Non-randomized clinical trialRichardson et al, 201725Using an exercise program to improve activity tolerance in a female with postural orthostatictachycardia syndrome: A case reportUSA1 female with POTS exacerbationOne 34-year-old femaleCase reportGeorge et al, 201613The international POTS registry...",,34,adult (30-44),years,female,False,True,False,False,False,MCAS consensus criteria,,joint_hypermobility; chronic_pain; orthostatic_intolerance; tachycardia; syncope; fatigue; gi_symptoms; headache_migraine; neuropathy; brain_fog,POTS; postural tachycardia syndrome; dysautonomia,rule_based_v3,2026-04-16T20:48:16.319938,,False,False,False
PMC11608111,10.7759/cureus.72765,Conservative Management of Cervicogenic Dizziness Associated With Upper Cervical Instability and Postural Orthostatic Tachycardia Syndrome: A Case Report.,Cureus,2024 Oct,2024,post-2017 (2017 international classification),review_or_study,True,,1,27,,"We present a case of a 27-year-old woman with a six-year history of dizziness, neck and cervicothoracic pain, and occipital-temporal-orbital headaches.",,27,young adult (18-29),years,female,True,True,False,False,False,,,joint_hypermobility; chronic_pain; tachycardia; syncope; gi_symptoms; headache_migraine; palpitations,POTS; postural tachycardia syndrome; dysautonomia,rule_based_v3,2026-04-16T20:48:16.341655,EDS_unspecified,True,False,False
PMC11565627,10.7759/cureus.71606,A Case of Post-malarial Postural Orthostatic Tachycardia Syndrome in a Young Woman of South Asian Origin.,Cureus,2024 Oct,2024,post-2017 (2017 international classification),animal_study,True,,1,25,,Case presentationFirst hospital visit (at age 25)A 25-year-old right-handed female medical student presented at a multispecialty hospital in southern India with a history of recurrent attacks of palpitations associated with giddiness and syncope.,,25,young adult (18-29),years,male,True,True,True,False,False,MCAS consensus criteria,,orthostatic_intolerance; tachycardia; syncope; fatigue; gi_symptoms; headache_migraine; neuropathy; mitral_valve_prolapse; palpitations; medication_sensitivity,POTS; postural tachycardia syndrome; dysautonomia,rule_based_v3,2026-04-16T20:48:16.384256,EDS_mentioned_but_excluded,False,False,True
PMC11562304,10.1186/s12872-024-04315-x,Postural orthostatic tachycardia syndrome after COVID-19 vaccination: A systematic review.,BMC Cardiovasc Disord,2024 Nov 13,2024,post-2017 (2017 international classification),clinical_study,True,,45,13,,"It is defined as an autonomic disorder characterized by a significant increase in heart rate (≥ 30 beats per minute in adults and ≥ 40 beats per minute in adolescents) within 10 min of standing, accompanied by symptoms such as dizziness, palpitations, fatigue, and syncope, without substantial change...",,13,adolescent (12-17),years,female,False,True,False,False,False,,,orthostatic_intolerance; tachycardia; syncope; fatigue; gi_symptoms; headache_migraine; neuropathy; palpitations,POTS; postural tachycardia syndrome; dysautonomia,rule_based_v3,2026-04-16T20:48:16.473094,,False,False,False
PMC11440135,10.1016/j.hrcr.2024.06.003,Postural orthostatic tachycardia syndrome after radiofrequency catheter ablation in the atrioventricular junction-An uncommon and often unrecognized complication.,HeartRhythm Case Rep,2024 Sep,2024,post-2017 (2017 international classification),case_report,True,,6,43,,Case reportA 43-year-old female patient presented to the hospital with a 2-week history of rapid palpitations associated with mild light-headedness while standing up.,,43,adult (30-44),years,female,False,True,False,False,False,,,orthostatic_intolerance; tachycardia; gi_symptoms; neuropathy; palpitations,POTS; postural tachycardia syndrome,rule_based_v3,2026-04-16T20:48:16.484956,,False,False,False
PMC11276651,10.3390/ijms25147778,Stress-Related Chronic Fatigue Syndrome: A Case Report with a Positive Response to Alpha-Methyl-P-Tyrosine (AMPT) Treatment.,Int J Mol Sci,2024 Jul 16,2024,post-2017 (2017 international classification),case_report,True,,1,29,,"Diagnostic TimelineA 29-year-old male presented at the hospital in 2012, reporting severe fatigue and a history of exhaustion from 2008 to 2012, necessitating intermittent daytime naps.",,29,young adult (18-29),years,male,False,True,False,False,False,,,tachycardia; fatigue; headache_migraine; brain_fog,POTS; postural tachycardia syndrome,rule_based_v3,2026-04-16T20:48:16.599065,,False,False,False
PMC11050777,10.3390/jcm13082405,The Role of Heparin in Postural Orthostatic Tachycardia Syndrome and Other Post-Acute Sequelae of COVID-19.,J Clin Med,2024 Apr 20,2024,post-2017 (2017 international classification),animal_study,True,,19,,,,,,,years,,False,True,False,False,False,,,orthostatic_intolerance; tachycardia,POTS; postural tachycardia syndrome; dysautonomia,rule_based_v3,2026-04-16T20:48:16.962520,,False,False,False
PMC11051445,10.3390/jpm14040435,Autoimmunity in Syndromes of Orthostatic Intolerance: An Updated Review.,J Pers Med,2024 Apr 20,2024,post-2017 (2017 international classification),animal_study,True,,14,,,"POTS primarily affects women of childbearing age [5,6].",,,,years,female,False,True,True,False,False,,,orthostatic_intolerance; tachycardia; syncope; fatigue; gi_symptoms; headache_migraine; neuropathy; palpitations,POTS; postural tachycardia syndrome; dysautonomia; mast cell activation syndrome,rule_based_v3,2026-04-16T20:48:17.219688,,False,False,False
PMC10990027,10.1097/HJH.0000000000003669,Complete remission with histamine blocker in a patient with intractable hyperadrenergic postural orthostatic tachycardia syndrome secondary to long coronavirus disease syndrome.,J Hypertens,2024 May 1,2024,post-2017 (2017 international classification),case_report,True,,1,26,,"CASE PRESENTATIONA previously healthy 26-year-old man was studied following 1 year of symptoms characterized by palpitations, presyncope, fatigue, postural dizziness, and brain fog, which began in March 2022, 2 months after recovery from mild COVID-19.",,26,young adult (18-29),years,male,False,True,True,False,False,,,orthostatic_intolerance; tachycardia; syncope; urticaria; fatigue; gi_symptoms; headache_migraine; neuropathy; brain_fog; palpitations,POTS; postural tachycardia syndrome; dysautonomia; MCAS; MCAD; mast cell activation syndrome,rule_based_v3,2026-04-16T20:48:17.237320,,False,False,False
PMC10981078,10.7759/cureus.55205,"Myocarditis, Coagulopathy, and Small Fibre, Sensory, and Multiple Cranial Nerve Neuropathy Complicating BNT162b2 Vaccination: A Case Report.",Cureus,2024 Feb,2024,post-2017 (2017 international classification),case_report,True,,1,51,,"The patient is a 51-year-old woman with chronic myopericarditis, coagulopathy due to factor-VIII increase and protein-S deficiency, GBS, and a number of other ocular, dermatological, immunological, and central nervous system abnormalities related to the second dose of the BNT172b2 vaccine.",,51,middle aged (45-59),years,female,False,True,False,False,False,,,orthostatic_intolerance; tachycardia; syncope; fatigue; gi_symptoms; headache_migraine; neuropathy; brain_fog; mitral_valve_prolapse; palpitations,POTS; postural tachycardia syndrome; dysautonomia,rule_based_v3,2026-04-16T20:48:17.291291,,False,False,False
PMC10849078,10.1093/ehjcr/ytae029,Radiofrequency venous ablation for symptomatic relief in postural orthostatic tachycardia syndrome: a case series.,Eur Heart J Case Rep,2024 Feb,2024,post-2017 (2017 international classification),review_or_study,True,,3,37,,"Case 1A 37-year-old woman with a history of chronic Lyme disease, portal and superficial vein thrombosis, and Lupus presented to our clinic 5 years after her initial POTS diagnosis.",,37,adult (30-44),years,female,False,True,False,False,False,,,chronic_pain; orthostatic_intolerance; tachycardia; syncope; fatigue; gi_symptoms; brain_fog; palpitations,POTS; postural tachycardia syndrome; dysautonomia,rule_based_v3,2026-04-16T20:48:17.326609,,False,False,False
PMC10767774,10.4274/balkanmedj.galenos.2023.2023-10-25,"""When,"" ""Where,"" and ""How"" of SARS-CoV-2 Infection Affects the Human Cardiovascular System: A Narrative Review.",Balkan Med J,2024 Jan 3,2024,post-2017 (2017 international classification),clinical_study,True,,19,12,,"In this narrative review, we describe and elucidate when, where, and how COVID-19 affects the human cardiovascular system in various parts of the human body that are vulnerable in every patient category, including children and athletes.",,12,adolescent (12-17),years,female,False,True,False,False,False,,,chronic_pain; orthostatic_intolerance; tachycardia; syncope; anaphylaxis; fatigue; gi_symptoms; neuropathy; palpitations,POTS; postural tachycardia syndrome; dysautonomia,rule_based_v3,2026-04-16T20:48:17.470690,,False,False,False
PMC10199303,10.1007/s10557-023-07465-w,Acute and Post-Acute COVID-19 Cardiovascular Complications: A Comprehensive Review.,Cardiovasc Drugs Ther,2024 Oct,2024,post-2017 (2017 international classification),clinical_study,True,,19,,,,,,,years,female,False,True,False,False,False,,,tachycardia; fatigue; gi_symptoms; headache_migraine; palpitations,POTS; postural tachycardia syndrome,rule_based_v3,2026-04-16T20:48:19.747042,,False,False,False
PMC11651727,10.1155/crnm/2503963,Unveiling the Uncommon: A Case Report of Horner's Syndrome as a Rare Glimpse Into Giant Cell Arteritis.,Case Rep Neurol Med,2024,2024,post-2017 (2017 international classification),case_report,True,,29,82,,"This case report discusses an 82-year-old female with hypertension, atrial fibrillation, and arthritis who presented with a 24 h history of right eye ptosis, blurred vision, dizziness, and aching eye pain.",,82,elderly (75+),years,female,False,False,True,False,False,,,headache_migraine,MCAS,rule_based_v3,2026-04-16T20:48:29.344413,,False,False,False
PMC11470813,10.7759/cureus.69285,Non-aneurysmal Subarachnoid Hemorrhage Due to an Aplastic or Twig-Like Middle Cerebral Artery Diagnosed by Cone Beam CT and M1 Selective Angiography: A Case Report.,Cureus,2024 Sep,2024,post-2017 (2017 international classification),clinical_study,True,,82,38,,A 38-year-old female patient experienced a sudden severe headache and was admitted to our hospital.,,38,adult (30-44),years,female,False,False,True,False,False,,,gi_symptoms; headache_migraine,MCAS,rule_based_v3,2026-04-16T20:48:29.493522,,False,False,False
PMC11187405,10.1002/jgh3.13102,Comparison of the effects of abdominal massage and osteopathic manipulative treatment home program on constipation in children with cerebral palsy.,JGH Open,2024 Jun,2024,post-2017 (2017 international classification),clinical_study,True,,30,12,,MethodsTwenty-nine children with CP with a mean age of 12.,,12,adolescent (12-17),years,,False,False,True,False,False,,,gi_symptoms,MCAS,rule_based_v3,2026-04-16T20:48:30.245830,,False,False,False
PMC11177828,10.14309/crj.0000000000001383,"Imatinib and Trigger Avoidance for Mast Cell Activation Syndrome Presenting With Attacks of Abdominal Pain, Nausea, Vomiting, and Diarrhea.",ACG Case Rep J,2024 Jun,2024,post-2017 (2017 international classification),clinical_study,True,,89,53,,A 53-year-old paint salesman suffered severe attacks of these symptoms for the 3 decades of his career.,,53,middle aged (45-59),years,male,False,False,True,True,False,,,flushing; urticaria; anaphylaxis; fatigue; gi_symptoms; headache_migraine,MCAS; MCAD; mast cell activation syndrome; mastocytosis,rule_based_v3,2026-04-16T20:48:30.265625,,False,False,False
PMC11090565,10.25259/JNRP_26_2024,Sequential mechanical thrombectomies in acute bilateral middle cerebral artery strokes: A case report and review of literature.,J Neurosci Rural Pract,2024 Apr-Jun,2024,post-2017 (2017 international classification),review_or_study,True,,1,47,,"Herein, we report a case of 47-year-old female having rheumatic heart disease presented with simultaneous bilateral MCAs occlusion, treated with mechanical thrombectomies successfully.",,47,middle aged (45-59),years,female,False,False,True,False,False,,,,MCAS,rule_based_v3,2026-04-16T20:48:30.317988,,False,False,False
PMC10814166,10.3390/diagnostics14020123,Challenges in Drug and Hymenoptera Venom Hypersensitivity Diagnosis and Management in Mastocytosis.,Diagnostics (Basel),2024 Jan 5,2024,post-2017 (2017 international classification),clinical_study,True,,388,46,,A case report describes a 46-year-old female with systemic mastocytosis without cutaneous involvement that had two anaphylactic episodes triggered by ciprofloxacin.,,46,middle aged (45-59),years,female,False,False,True,True,False,MCAS consensus criteria,,syncope; flushing; urticaria; anaphylaxis; gi_symptoms; headache_migraine; brain_fog; medication_sensitivity,MCAD; mast cell activation syndrome; mastocytosis,rule_based_v3,2026-04-16T20:48:31.171951,,False,False,False
PMC10803124,10.7573/dic.2023-9-5,"How to handle off-label prescriptions of rupatadine, a second-generation antihistamine and PAF antagonist: a review.",Drugs Context,2024,2024,post-2017 (2017 international classification),review_or_study,True,,15,17,,"16 Rupatadine is a valid therapeutic option for these ages due to its development and approved clinical efficacy studies in children over 2 years of age17,18 following current recommendations in paediatric guidelines.",,17,adolescent (12-17),years,,False,False,True,True,False,,,tachycardia; flushing; urticaria; headache_migraine,MCAD; mastocytosis,rule_based_v3,2026-04-16T20:48:31.242822,,False,False,False
PMC11809041,10.3389/fneur.2024.1484504,Comorbidities and neurosurgical interventions in a cohort with connective tissue disorders.,Front Neurol,2024,2024,post-2017 (2017 international classification),clinical_study,True,,1,,,,,,,years,female,True,True,True,False,True,2017 international classification; Beighton,2,joint_hypermobility; tachycardia; fatigue; gi_symptoms; neuropathy; chiari,hEDS; hypermobile EDS; JHS; POTS; postural tachycardia syndrome; dysautonomia; MCAD,rule_based_v3,2026-04-16T20:48:48.818233,hEDS_HSD,True,False,False
PMC11033372,10.3389/fimmu.2024.1369295,"Longitudinal cytokine and multi-modal health data of an extremely severe ME/CFS patient with HSD reveals insights into immunopathology, and disease severity.",Front Immunol,2024,2024,post-2017 (2017 international classification),review_or_study,True,,1,21,,The patient began experiencing health issues at age 21 and received a diagnosis of ME/CFS almost a decade later.,,21,young adult (18-29),years,male,True,True,True,False,True,,,chronic_pain; orthostatic_intolerance; tachycardia; anaphylaxis; fatigue; gi_symptoms; headache_migraine; neuropathy; brain_fog; medication_sensitivity,EDS type III; hEDS; HSD; POTS; postural tachycardia syndrome; MCAS; MCAD; mast cell activation syndrome,rule_based_v3,2026-04-16T20:48:48.970774,hEDS_HSD,True,False,False
PMC10584354,10.7759/cureus.45486,Anesthetic Management of an Obstetric Patient With Ehlers-Danlos and Wolff-Parkinson-White Syndromes.,Cureus,2023 Sep,2023,post-2017 (2017 international classification),case_report,True,,1,31,,"A 31-year-old, primigravida, nullipara (G1P0) female with a past medical history of Ehlers-Danlos Syndrome (EDS), newly diagnosed Wolff-Parkinson-White Syndrome (WPW), and fetal breech presentation initially presented at 36+5 weeks gestation for an external cephalic version (ECV).",,31,adult (30-44),years,female,True,True,False,False,False,,,joint_hypermobility; subluxations_dislocations; tachycardia; syncope; palpitations; medication_sensitivity,postural tachycardia syndrome,rule_based_v3,2026-04-16T20:48:01.576736,vascular_EDS,False,True,False
PMC10513349,10.7759/cureus.45713,The Analgesic Mismanagement of a Patient With Ehlers-Danlos Syndrome (Hypermobility Variant): A Case Report.,Cureus,2023 Sep,2023,post-2017 (2017 international classification),review_or_study,True,,1,67,,"A 67-year-old female with Ehlers-Danlos syndrome hypermobility type (EDS-HT), osteoarthritis (OA), and anxiety received opioid-based pain management for a decade before changing her primary care physician.",,67,older adult (60-74),years,female,True,False,False,False,False,Beighton,,joint_hypermobility; subluxations_dislocations; chronic_pain; skin_hyperextensibility; gi_symptoms; neuropathy; brain_fog,EDS hypermobility type; hEDS; hypermobile EDS; JHS,rule_based_v3,2026-04-16T20:48:01.624001,hEDS_HSD,True,False,False
PMC10510186,10.1186/s13023-023-02877-1,"Prevalence and quality of temporomandibular disorders, chronic pain and psychological distress in patients with classical and hypermobile Ehlers-Danlos syndrome: an exploratory study.",Orphanet J Rare Dis,2023 Sep 19,2023,post-2017 (2017 international classification),clinical_study,True,,1,1,,ParticipantsParticipation was open to individuals over 18 years of age affected by EDS.,,1,early childhood (1-4),years,female,True,False,False,False,False,,,joint_hypermobility; subluxations_dislocations; chronic_pain; skin_hyperextensibility; neuropathy,hEDS; hypermobile EDS; HSD,rule_based_v3,2026-04-16T20:48:01.660666,hEDS_HSD,True,False,False
PMC10488471,10.3390/jcm12175702,Primary Hemostasis Disorders as a Cause of Heavy Menstrual Bleeding in Women of Reproductive Age.,J Clin Med,2023 Sep 1,2023,post-2017 (2017 international classification),clinical_study,True,,1100,50,,"Alternatively, it has been proposed that the Beighton score should be considered positive (a) ≥6/9 in prepubertal children and adolescents, (b) ≥5/9 from puberty to 50 years of age and (c) ≥4/9 in people older than 50 years.",,50,middle aged (45-59),years,female,True,False,False,False,False,2017 international classification; Brighton; Beighton,4,joint_hypermobility; subluxations_dislocations; chronic_pain; orthostatic_intolerance; skin_hyperextensibility; easy_bruising; fatigue; gi_symptoms; headache_migraine,EDS hypermobility type; hEDS; hypermobile EDS; JHS; HSD,rule_based_v3,2026-04-16T20:48:01.905797,hEDS_HSD,True,False,False
PMC10472575,10.1186/s13023-023-02799-y,Psychological interventions for individuals with Ehlers-Danlos syndrome and hypermobility spectrum disorder: a scoping review.,Orphanet J Rare Dis,2023 Aug 31,2023,post-2017 (2017 international classification),clinical_study,True,,106,6,,"In a qualitative study of adults with EDS, it was revealed that many had shown symptoms as children that were overlooked and misdiagnosed by their families and healthcare professionals [16].",,6,childhood (5-11),years,female,True,True,False,False,False,Villefranche; Beighton,4,joint_hypermobility; subluxations_dislocations; chronic_pain; tachycardia; skin_hyperextensibility; fatigue; gi_symptoms; headache_migraine; neuropathy; brain_fog,EDS type III; EDS hypermobility type; hEDS; hypermobile EDS; JHS; HSD; POTS; postural tachycardia syndrome,rule_based_v3,2026-04-16T20:48:02.030825,hEDS_HSD,True,False,False
PMC10473008,10.1111/jvim.16805,Precision medicine using whole genome sequencing in a cat identifies a novel COL5A1 variant for classical Ehlers-Danlos syndrome.,J Vet Intern Med,2023 Sep-Oct,2023,post-2017 (2017 international classification),animal_study,True,,1,4,,"16

Herein the clinical, histopathological, ultrastructural, and genetic findings of a 4-year-old male castrated domestic medium hair cat presented with clinical signs consistent with cEDS are reported.",,4,early childhood (1-4),years,male,True,True,True,False,True,,,joint_hypermobility; subluxations_dislocations; chronic_pain; tachycardia; skin_hyperextensibility; easy_bruising; gi_symptoms; neuropathy; chiari; mitral_valve_prolapse,JHS; postural tachycardia syndrome; mast cell activation syndrome,rule_based_v3,2026-04-16T20:48:02.053547,hEDS_HSD,True,False,False
PMC10368949,10.3389/fcvm.2023.1171541,Therapeutic difficulties in a patient with Ehlers-Danlos syndrome and numerous symptomatic premature ventricular contractions-case report and literature review.,Front Cardiovasc Med,2023,2023,post-2017 (2017 international classification),case_report,True,,28,28,,"A 28-year-old female patient diagnosed with Ehlers-Danlos syndrome type III (hypermobile EDS, hEDS) was admitted to the cardiology clinic due to a 3-year history of symptomatic ventricular arrhythmia in the form of multiple premature ventricular contractions (PVCs).",,28,young adult (18-29),years,female,True,False,False,False,False,2017 international classification,,joint_hypermobility; subluxations_dislocations; chronic_pain; orthostatic_intolerance; tachycardia; syncope; skin_hyperextensibility; mitral_valve_prolapse; palpitations,EDS type III; hEDS; hypermobile EDS; JHS; dysautonomia,rule_based_v3,2026-04-16T20:48:02.233915,hEDS_HSD,True,False,False
PMC10369693,10.1186/s13023-023-02829-9,"Perioperative opioid-minimization approach as a useful protocol in the management of patients with Ehlers-Danlos syndrome-hypermobility type, craniocervical instability and severe chronic pain who are to undergo occipito-cervical fixation.",Orphanet J Rare Dis,2023 Jul 25,2023,post-2017 (2017 international classification),clinical_study,True,,42,,,"Moreover, there has also been evidence that haloperidol prophylaxis may be effective in the reduction of ketamine-induced emergence delirium in children [42].",,,,years,,True,True,True,False,True,2017 international classification,,joint_hypermobility; subluxations_dislocations; chronic_pain; tachycardia; fatigue; gi_symptoms; headache_migraine; neuropathy; chiari,EDS type III; EDS hypermobility type; hEDS; hypermobile EDS; JHS; POTS; postural tachycardia syndrome; dysautonomia; MCAS; mast cell activation syndrome,rule_based_v3,2026-04-16T20:48:03.080141,hEDS_HSD,True,False,False
PMC10294281,10.1159/000530423,Multiple Dermatomyofibromas in a Patient with Ehlers-Danlos Syndrome.,Case Rep Dermatol,2023 Jan-Dec,2023,post-2017 (2017 international classification),case_report,True,,100,41,,"Case ReportA 41-year-old patient with a past medical history significant for EDS, without subtyping at this time, initially presented to our clinic in 2012 for assessment of numerous spontaneously forming dark, indurated lesions across the chest.",,41,adult (30-44),years,,True,False,False,False,False,,,joint_hypermobility; chronic_pain; skin_hyperextensibility; easy_bruising; mitral_valve_prolapse,,rule_based_v3,2026-04-16T20:48:03.099970,hEDS_HSD,True,False,False
PMC10298114,10.3390/genes14061173,Spinal Deformity in Ehlers-Danlos Syndrome: Focus on Musculocontractural Type.,Genes (Basel),2023 May 27,2023,post-2017 (2017 international classification),animal_study,True,,58,19,,"2% of children aged 8 to 15, according to various studies [10,11,12].",,19,young adult (18-29),years,female,True,False,False,False,False,2017 international classification,,joint_hypermobility; subluxations_dislocations; skin_hyperextensibility; fatigue,EDS type III,rule_based_v3,2026-04-16T20:48:03.166273,hEDS_HSD,True,False,False
PMC10208411,10.3389/fresc.2023.1122673,"Female reproductive health impacts of Long COVID and associated illnesses including ME/CFS, POTS, and connective tissue disorders: a literature review.",Front Rehabil Sci,2023,2023,post-2017 (2017 international classification),review_or_study,True,,1,34,,"Based on transvaginal ultrasound examination and follicle-stimulating hormone (FSH) testing, POI was reported in a 34-year-old patient who had been experiencing irregular menstrual cycles and abnormally low bleeding since COVID-19 infection 12 months prior (22).",,34,adult (30-44),years,female,True,True,True,False,True,,,joint_hypermobility; subluxations_dislocations; chronic_pain; tachycardia; syncope; skin_hyperextensibility; fatigue; headache_migraine,hEDS; JHS; POTS; postural tachycardia syndrome; dysautonomia; MCAS; mast cell activation syndrome,rule_based_v3,2026-04-16T20:48:03.314507,hEDS_HSD,True,False,False
PMC10149087,10.7759/cureus.36961,Manual Therapy and Exercise for the Management of Chronic Neck Pain With Multiple Neurovascular Comorbidities: A Case Report.,Cureus,2023 Mar,2023,post-2017 (2017 international classification),case_report,True,,1,22,,"A 22-year-old female college student presented with a chief complaint of chronic, non-specific neck pain with comorbid Chiari malformation, migraines, upper cervical spinal fusion, Ehlers-Danlos syndrome (EDS), and postural orthostatic tachycardia syndrome (POTS) to an outpatient physical therapy cl...",,22,young adult (18-29),years,female,True,True,False,False,False,,,joint_hypermobility; chronic_pain; tachycardia; headache_migraine; chiari,hypermobile EDS; JHS; POTS; postural tachycardia syndrome,rule_based_v3,2026-04-16T20:48:03.451092,EDS_mentioned_but_excluded,False,False,True
PMC9981282,10.1155/2023/6863711,Pelvic Organ Prolapse in Ehlers-Danlos Syndrome.,Case Rep Urol,2023,2023,post-2017 (2017 international classification),review_or_study,True,,1,19,,"Case 1A 19-year-old G0P0 female with Ehlers-Danlos syndrome (EDS) type III and postural orthostatic tachycardia syndrome (POTS) presented with a history of chronic pelvic pain, symptomatic vaginal bulge/pressure, and pelvic muscle spasms.",,19,young adult (18-29),years,female,True,True,False,False,False,,,joint_hypermobility; chronic_pain; tachycardia; skin_hyperextensibility; fatigue; gi_symptoms; neuropathy; palpitations,EDS type III; hypermobile EDS; POTS; postural tachycardia syndrome; dysautonomia,rule_based_v3,2026-04-16T20:48:03.516241,EDS_mentioned_but_excluded,False,False,True
PMC9980260,10.1101/2023.02.24.23286404,"Sensory profiling in classical Ehlers-Danlos syndrome: a case-control study revealing pain characteristics, somatosensory changes, and impaired pain modulation.",medRxiv,2023 Feb 26,2023,post-2017 (2017 international classification),animal_study,True,,23,65,,Dutch-speaking males and females between 18 and 65 years of age were eligible for study participation.,,65,older adult (60-74),years,,True,False,False,False,False,Beighton,4,joint_hypermobility; subluxations_dislocations; chronic_pain; skin_hyperextensibility; easy_bruising; fatigue; neuropathy; medication_sensitivity,hEDS; HSD,rule_based_v3,2026-04-16T20:48:03.630529,hEDS_HSD,True,False,False
PMC9842784,10.1002/ccr3.6821,The value of dynamic elastomeric fabric orthoses in the management of a complex hypermobile Ehlers-Danlos syndrome patient: A case report.,Clin Case Rep,2023 Jan,2023,post-2017 (2017 international classification),clinical_study,True,,47,22,,"25

 2CASE HISTORY AND EXAMINATIONThe patient was a 22-year-old female Caucasian (height 160 cm, weight 70 kg) living in the United Kingdom with bilateral developmental dysplasia of the hip (DDH) with a radiographic Lateral Centre Edge Angle (LCEA) of 15° on the right and 17°.",,22,young adult (18-29),years,female,True,True,True,False,True,2017 international classification; Beighton,,joint_hypermobility; subluxations_dislocations; chronic_pain; orthostatic_intolerance; tachycardia; syncope; easy_bruising; fatigue; gi_symptoms; palpitations,hEDS; hypermobile EDS; HSD; POTS; postural tachycardia syndrome; dysautonomia; MCAS; mast cell activation syndrome,rule_based_v3,2026-04-16T20:48:03.679992,hEDS_HSD,True,False,False
PMC9649364,10.1016/j.radcr.2022.10.038,Cleidocranial dysplasia with hypermobile Ehlers-Danlos syndrome: A case report.,Radiol Case Rep,2023 Jan,2023,post-2017 (2017 international classification),case_report,True,,1,31,,"This case report describes a 31-year-old male with CCD with several unusual symptoms like generalized joint hypermobility, skin laxity, and smooth skin, which leads to set a diagnosis of hypermobile Ehlers-Danlos syndrome (hEDS).",,31,adult (30-44),years,male,True,False,False,False,False,Brighton,,joint_hypermobility; subluxations_dislocations,hEDS; hypermobile EDS; JHS,rule_based_v3,2026-04-16T20:48:03.935446,hEDS_HSD,True,False,False
PMC12462795,10.5152/eurjrheum.2022.21108,Autoimmune/inflammatory syndrome induced by adjuvants (ASIA) with postural orthostatic tachycardia syndrome after silicone breast implantation: Case report.,Eur J Rheumatol,2023 Jan,2023,post-2017 (2017 international classification),case_report,True,,1,49,,"Case PresentationCase 1A 49-year-old female patient submitted to an SBI in 2003, initiated diffuse pain, severe fatigue, myalgias, arthritis, and episodes of sudden tachycardia compatible with POTS.",,49,middle aged (45-59),years,female,False,True,False,False,False,,,tachycardia; fatigue,POTS; postural tachycardia syndrome,rule_based_v3,2026-04-16T20:48:15.219461,,False,False,False
PMC11270463,10.31083/j.rcm2401028,Cardiovascular Disease in Post-Acute COVID-19 Syndrome: A Comprehensive Review of Pathophysiology and Diagnosis Approach.,Rev Cardiovasc Med,2023 Jan,2023,post-2017 (2017 international classification),animal_study,True,,19,14,,"The duration of mechanical support ranged from 1 to 59 
days, with an average of 14.",,14,adolescent (12-17),years,,False,True,False,False,False,,,tachycardia; fatigue; gi_symptoms; palpitations,POTS; postural tachycardia syndrome,rule_based_v3,2026-04-16T20:48:16.570363,,False,False,False
PMC10762669,10.15420/aer.2023.20,Non-invasive Vagus Nerve Simulation in Postural Orthostatic Tachycardia Syndrome.,Arrhythm Electrophysiol Rev,2023,2023,post-2017 (2017 international classification),review_or_study,True,,19,,,,,,,years,,True,True,True,False,True,,,orthostatic_intolerance; tachycardia; fatigue; neuropathy,POTS; postural tachycardia syndrome; dysautonomia; MCAD,rule_based_v3,2026-04-16T20:48:17.753340,EDS_unspecified,True,False,False
PMC10755912,10.3389/fneur.2023.1321350,Evaluation and management of orthostatic headache in hypermobility disorders.,Front Neurol,2023,2023,post-2017 (2017 international classification),review_or_study,True,,1,,child,"Postural orthostatic tachycardia syndromePostural orthostatic tachycardia syndrome is an autonomic disorder most common in child-bearing age females, characterized by orthostatic tachycardia causing but not limited to: dizziness, presyncope, palpitations, fatigue, decreased concentration, tremulousn...",3-12 years,7.5,childhood (5-11),years,,True,True,False,False,False,,,joint_hypermobility; chronic_pain; orthostatic_intolerance; tachycardia; syncope; fatigue; gi_symptoms; headache_migraine; neuropathy; brain_fog; palpitations,hypermobile EDS; HSD; POTS; postural tachycardia syndrome,rule_based_v3,2026-04-16T20:48:18.137726,hEDS_HSD,True,False,False
PMC10481607,10.1186/s42234-023-00121-6,Impaired parasympathetic function in long-COVID postural orthostatic tachycardia syndrome - a case-control study.,Bioelectron Med,2023 Sep 6,2023,post-2017 (2017 international classification),animal_study,True,,1,,,,,,,years,female,False,True,False,False,False,,,chronic_pain; orthostatic_intolerance; tachycardia; syncope; fatigue; gi_symptoms; headache_migraine; palpitations,POTS; postural tachycardia syndrome,rule_based_v3,2026-04-16T20:48:18.387146,,False,False,False
PMC10467287,10.3389/fneur.2023.1221518,Postural orthostatic tachycardia syndrome and other related dysautonomic disorders after SARS-CoV-2 infection and after COVID-19 messenger RNA vaccination.,Front Neurol,2023,2023,post-2017 (2017 international classification),clinical_study,True,,19,12,,,,12,adolescent (12-17),years,female,False,True,False,False,False,,,joint_hypermobility; chronic_pain; orthostatic_intolerance; tachycardia; syncope; flushing; urticaria; fatigue; gi_symptoms; headache_migraine; neuropathy; brain_fog; palpitations,JHS; POTS; postural tachycardia syndrome; dysautonomia,rule_based_v3,2026-04-16T20:48:18.611966,,False,False,False
PMC10464593,10.1093/ehjcr/ytad390,Case report of long-term postural tachycardia syndrome in a patient after messenger RNA coronavirus disease-19 vaccination with mRNA-1273.,Eur Heart J Case Rep,2023 Aug,2023,post-2017 (2017 international classification),case_report,True,,1,54,,"Case summaryA 54-year-old female patient presented with a 9-months history of severe orthostatic intolerance since COVID-19 vaccination with messenger RNA (mRNA)-1273 (Spikevax, Moderna).",,54,middle aged (45-59),years,female,True,True,True,False,True,,,joint_hypermobility; orthostatic_intolerance; tachycardia; syncope; fatigue; gi_symptoms; headache_migraine; neuropathy; palpitations,POTS; postural tachycardia syndrome; MCAD,rule_based_v3,2026-04-16T20:48:18.626511,hEDS_HSD,True,False,False
PMC10382909,10.7759/cureus.41124,Postural Orthostatic Tachycardia Syndrome in Spinal Cord Injury.,Cureus,2023 Jun,2023,post-2017 (2017 international classification),review_or_study,True,,1,50,,"The majority of POTS patients are between 13 and 50 years of age, with a female-to-male ratio of 4-5:1.",,50,middle aged (45-59),years,male,False,True,False,False,False,,,orthostatic_intolerance; tachycardia; syncope; fatigue; gi_symptoms; headache_migraine; neuropathy; palpitations,POTS; postural tachycardia syndrome,rule_based_v3,2026-04-16T20:48:18.700741,,False,False,False
PMC10357168,10.3233/HAB-220013,Postural orthostatic tachycardia syndrome-like symptoms following COVID-19 vaccination: An overview of clinical literature.,Hum Antibodies,2023,2023,post-2017 (2017 international classification),case_report,True,,18,40,,Table 1Characteristics of patients reported to have developed POTS-like symptoms following COVID-19 VaccinationPatient 1Patient 2Patient 3Patient 4Patient 5Patient 6Age40 years42 years46 years37 years21 years46 yearsGenderMaleMaleFemaleFemaleFemaleFemaleCountrySouth KoreaUSAUSAUSAUSAUSAFirst doseMod...,,40,adult (30-44),years,,True,True,False,False,False,,,chronic_pain; orthostatic_intolerance; tachycardia; syncope; urticaria; fatigue; gi_symptoms; headache_migraine; neuropathy; brain_fog; palpitations,POTS; postural tachycardia syndrome; dysautonomia,rule_based_v3,2026-04-16T20:48:18.799658,EDS_unspecified,True,False,False
PMC10332885,10.7759/cureus.40235,COVID-19-Induced Postural Orthostatic Tachycardia Syndrome and Dysautonomia.,Cureus,2023 Jun,2023,post-2017 (2017 international classification),case_report,True,,1,53,,"We present a case of a 53-year-old woman who was diagnosed with POTS following extensive autoimmune workup, who was also status post-severe acute respiratory syndrome coronavirus 2 (SARS-CoV-2) infection.",,53,middle aged (45-59),years,female,False,True,True,False,False,,,chronic_pain; orthostatic_intolerance; tachycardia; syncope; flushing; fatigue; gi_symptoms; headache_migraine; neuropathy; brain_fog; palpitations,POTS; postural tachycardia syndrome; dysautonomia; MCAD,rule_based_v3,2026-04-16T20:48:18.819594,,False,False,False
PMC10259876,10.7759/cureus.38887,Choices and Challenges With Drug Therapy in Postural Orthostatic Tachycardia Syndrome: A Systematic Review.,Cureus,2023 May,2023,post-2017 (2017 international classification),clinical_study,True,,50,18,,"To meet the criteria for diagnosis, the symptoms should have existed for a chronic duration and a minimum heart rate change of 30 beats per minute in patients aged 18 years or more and 40 beats per minute in adolescents within 10 minutes of upright posture [6].",,18,young adult (18-29),years,,True,True,False,False,False,,,orthostatic_intolerance; tachycardia; syncope; fatigue; gi_symptoms; headache_migraine; neuropathy; brain_fog; palpitations,POTS; postural tachycardia syndrome,rule_based_v3,2026-04-16T20:48:18.882648,EDS_mentioned_but_excluded,False,False,True
PMC10224806,10.1093/oxfimm/iqad002,Autoimmunity in Long Covid and POTS.,Oxf Open Immunol,2023,2023,post-2017 (2017 international classification),clinical_study,True,,13,19,,"Such conditions include POTS (defined as orthostatic symptoms, a sustained heart rate rise of >30 bpm [or >40 bpm in individuals under 19 years of age]) on standing, without a reduction in blood pressure [32].",,19,young adult (18-29),years,female,False,True,True,True,False,MCAS consensus criteria,,chronic_pain; orthostatic_intolerance; tachycardia; syncope; flushing; urticaria; fatigue; gi_symptoms; headache_migraine; neuropathy; brain_fog; palpitations,POTS; postural tachycardia syndrome; dysautonomia; MCAS; mast cell activation syndrome; mastocytosis,rule_based_v3,2026-04-16T20:48:18.945879,,False,False,False
PMC10187582,10.2147/VHRM.S380270,"Postural Orthostatic Tachycardia Syndrome in COVID-19: A Contemporary Review of Mechanisms, Clinical Course and Management.",Vasc Health Risk Manag,2023,2023,post-2017 (2017 international classification),case_report,True,,20,,,"Unfortunately, the nonspecific nature of symptoms in otherwise healthy young adults, often leads to a label of “functional” etiologies, for years before a diagnosis of POTS is made.",,,,years,female,True,True,True,False,False,2015 POTS consensus,,joint_hypermobility; chronic_pain; orthostatic_intolerance; tachycardia; syncope; anaphylaxis; fatigue; gi_symptoms; headache_migraine; neuropathy; brain_fog; mitral_valve_prolapse; palpitations,JHS; POTS; postural tachycardia syndrome; dysautonomia; MCAD; mast cell activation syndrome,rule_based_v3,2026-04-16T20:48:19.872571,EDS_mentioned_but_excluded,False,False,True
PMC10090716,10.15441/ceem.22.409,Post-acute sequelae of SARS-CoV-2 syndrome presenting as postural orthostatic tachycardia syndrome.,Clin Exp Emerg Med,2023 Mar,2023,post-2017 (2017 international classification),clinical_study,True,,19,26,,"A 26-year-old nurse presented with mild cough and an itchy throat, immediately followed by palpitations, fatigue, and mild shortness of breath.",,26,young adult (18-29),years,male,True,True,False,False,False,,,chronic_pain; orthostatic_intolerance; tachycardia; syncope; fatigue; gi_symptoms; headache_migraine; neuropathy; brain_fog; palpitations,POTS; postural tachycardia syndrome; dysautonomia,rule_based_v3,2026-04-16T20:48:19.891341,EDS_unspecified,True,False,False
PMC10065129,10.7759/cureus.36955,COVID-19 Induced Postural Orthostatic Tachycardia Syndrome (POTS): A Review.,Cureus,2023 Mar,2023,post-2017 (2017 international classification),clinical_study,True,,1,18,,Figure 1Possible mechanisms of COVID-induced POTSAuthor's own creationEpidemiologyPatients diagnosed with POTS syndrome are usually younger (age 18-45) and female.,,18,young adult (18-29),years,female,False,True,False,False,False,,,orthostatic_intolerance; tachycardia; syncope; urticaria; fatigue; gi_symptoms; headache_migraine; neuropathy; palpitations,POTS; postural tachycardia syndrome; dysautonomia,rule_based_v3,2026-04-16T20:48:19.939602,,False,False,False
PMC10032659,10.7554/eLife.86002,Pathogenic mechanisms of post-acute sequelae of SARS-CoV-2 infection (PASC).,Elife,2023 Mar 22,2023,post-2017 (2017 international classification),animal_study,True,,19,,child,New-onset COVID-induced type 1 or 2 diabetes has also been documented in children (Tittel et al.,3-12 years,7.5,childhood (5-11),years,female,False,True,True,False,False,,,chronic_pain; orthostatic_intolerance; tachycardia; syncope; fatigue; gi_symptoms; headache_migraine; neuropathy; brain_fog; palpitations,POTS; postural tachycardia syndrome; dysautonomia; MCAS; mast cell activation syndrome,rule_based_v3,2026-04-16T20:48:20.198026,,False,False,False
PMC9963391,10.7759/cureus.34236,Suspected COVID-19 mRNA Vaccine-Induced Postural Orthostatic Tachycardia Syndrome.,Cureus,2023 Jan,2023,post-2017 (2017 international classification),case_report,True,,1,15,,"We present a case of a 15-year-old South Asian male who developed suspected postural orthostatic tachycardia syndrome (POTS) two weeks after receiving the Pfizer-BioNTech coronavirus disease 2019 (COVID-19) vaccine booster, which was successfully managed with low-dose fludrocortisone and ivabradine.",,15,adolescent (12-17),years,male,False,True,False,False,False,,,orthostatic_intolerance; tachycardia; syncope; fatigue; palpitations,POTS; postural tachycardia syndrome; dysautonomia,rule_based_v3,2026-04-16T20:48:20.208268,,False,False,False
PMC9871405,10.1002/ccr3.6889,A case of dysautonomia after COVID-19 infection in a patient with poorly controlled type I diabetes.,Clin Case Rep,2023 Jan,2023,post-2017 (2017 international classification),case_report,True,,6,20,,"2CASE PRESENTATIONA 20-year-old man with past medical history significant only for poorly controlled Type 1 diabetes mellitus (DM1), peripheral neuropathy, and previous admission/treatment of diabetic ketoacidosis presented to the ED for evaluation of chest pain and syncope.",,20,young adult (18-29),years,male,False,True,False,False,False,,,orthostatic_intolerance; tachycardia; syncope; gi_symptoms; neuropathy,POTS; postural tachycardia syndrome; dysautonomia,rule_based_v3,2026-04-16T20:48:20.223350,,False,False,False
PMC9839201,10.1038/s41579-022-00846-2,"Long COVID: major findings, mechanisms and recommendations.",Nat Rev Microbiol,2023 Mar,2023,post-2017 (2017 international classification),animal_study,True,,19,35,,"A higher prevalence of long Covid has been reported in certain ethnicities, including people with Hispanic or Latino heritage35.",,35,adult (30-44),years,female,True,True,True,False,True,,,orthostatic_intolerance; tachycardia; urticaria; fatigue; gi_symptoms; headache_migraine; neuropathy; brain_fog,POTS; postural tachycardia syndrome; dysautonomia; MCAS; mast cell activation syndrome,rule_based_v3,2026-04-16T20:48:20.335197,EDS_unspecified,True,False,False
PMC11869997,10.1016/j.jaip.2023.08.008,The Normal Range of Baseline Tryptase Should Be 1 to 15 ng/mL and Covers Healthy Individuals With HαT.,J Allergy Clin Immunol Pract,2023 Oct,2023,post-2017 (2017 international classification),case_report,True,,48,80,,"For example, in an 80-year-old patient with an MDS who has no MC mediator-related symptoms and a stable basal tryptase level of 27 ng/mL, we would not recommend a genetic test.",,80,elderly (75+),years,,False,False,True,True,False,,,anaphylaxis,dysautonomia; MCAS; MCAD; mast cell activation syndrome; mastocytosis,rule_based_v3,2026-04-16T20:48:28.907332,,False,False,False
PMC10718195,10.1002/clt2.12319,"Cognitive, neuropsychiatric and neurological alterations in mastocytosis: A systematic review.",Clin Transl Allergy,2023 Dec,2023,post-2017 (2017 international classification),clinical_study,True,,5,38,,"Attention challenges and learning difficulties were reported in children at a rate of 13%, while neurodevelopmental disorders occurred at rates of 8%-12%.",,38,adult (30-44),years,,False,False,True,True,False,,,syncope; flushing; urticaria; anaphylaxis; fatigue; gi_symptoms; headache_migraine; neuropathy; brain_fog; palpitations,MCAS; MCAD; mast cell activation syndrome; mastocytosis,rule_based_v3,2026-04-16T20:48:31.359333,,False,False,False
PMC10647312,10.3390/diagnostics13213307,"A Puzzling Mast Cell Trilogy: Anaphylaxis, MCAS, and Mastocytosis.",Diagnostics (Basel),2023 Oct 25,2023,post-2017 (2017 international classification),case_report,True,,122,,,CM is the main form of the disease in children and patients are generally observed to have the onset of the disease within the first year of life.,,,,years,male,False,False,True,True,False,MCAS consensus criteria,,chronic_pain; tachycardia; syncope; flushing; urticaria; anaphylaxis; fatigue; gi_symptoms; headache_migraine; palpitations; medication_sensitivity,MCAS; MCAD; mast cell activation syndrome; mastocytosis,rule_based_v3,2026-04-16T20:48:31.953464,,False,False,False
PMC10580708,10.1177/23247096231206624,Successful Mechanical Thrombectomy of Bilateral Middle Cerebral Artery Occlusions Following Apixaban Discontinuation.,J Investig Med High Impact Case Rep,2023 Jan-Dec,2023,post-2017 (2017 international classification),clinical_study,True,,1797,82,,An 82-year-old man with AF presented with left-sided hemiparesis and hypoesthesia due to occlusion of the right middle cerebral artery (MCA) after discontinuing apixaban for 5 days.,,82,elderly (75+),years,male,False,False,True,False,False,,,tachycardia,MCAS,rule_based_v3,2026-04-16T20:48:32.088244,,False,False,False
PMC10381535,10.3390/jpm13071116,Mast Cell Activation Syndrome Update-A Dermatological Perspective.,J Pers Med,2023 Jul 10,2023,post-2017 (2017 international classification),clinical_study,True,,115,,,"In humans, gain of function is associated with hypertension and absence seizures in children [21].",,,,years,female,True,True,True,True,True,MCAS consensus criteria,,tachycardia; syncope; flushing; urticaria; anaphylaxis; fatigue; gi_symptoms; headache_migraine; brain_fog; medication_sensitivity,EDS hypermobility type; POTS; postural tachycardia syndrome; MCAS; MCAD; mast cell activation syndrome; mastocytosis,rule_based_v3,2026-04-16T20:48:32.244938,hEDS_HSD,True,False,False
PMC10352544,10.1002/ccr3.7134,A case of high-risk AML in a patient with advanced systemic mastocytosis.,Clin Case Rep,2023 Jul,2023,post-2017 (2017 international classification),clinical_study,True,,40,69,,"8

 2CASE PRESENTATIONA 69-year-old Caucasian man presented at our center in March 2017 due to neutrophilic leukocytosis (white blood cell [WBC] count 16.",,69,older adult (60-74),years,male,False,False,True,True,False,,,syncope; anaphylaxis; gi_symptoms,MCAS; mastocytosis,rule_based_v3,2026-04-16T20:48:32.276261,,False,False,False
PMC10313892,10.1002/ccr3.7507,Simultaneous diagnosis of papillary thyroid cancer and systemic mastocytosis.,Clin Case Rep,2023 Jul,2023,post-2017 (2017 international classification),clinical_study,True,,245,43,,2CASE REPORTA 43-year-old woman with no significant past medical history presented with cervical lymphadenopathy for 3 weeks.,,43,adult (30-44),years,female,False,False,True,True,False,,,flushing; urticaria; anaphylaxis; gi_symptoms; headache_migraine,MCAS; mast cell activation syndrome; mastocytosis,rule_based_v3,2026-04-16T20:48:32.311944,,False,False,False
PMC10123330,10.7759/cureus.36640,Internal Carotid Artery Agenesis: A Rare Entity.,Cureus,2023 Mar,2023,post-2017 (2017 international classification),review_or_study,True,,1,67,,"A 67-year-old man presented with fluctuating right-sided hemiparesis and aphasia, found to have left ICA agenesis.",,67,older adult (60-74),years,male,False,False,True,False,False,,,gi_symptoms; headache_migraine,MCAS,rule_based_v3,2026-04-16T20:48:32.497659,,False,False,False
PMC11613559,10.1016/j.gimo.2023.100812,"Comorbidity, misdiagnoses, and the diagnostic odyssey in patients with hypermobile Ehlers-Danlos syndrome.",Genet Med Open,2023,2023,post-2017 (2017 international classification),case_report,True,,1,5,,"In fact, previous studies have suggested that patients undergo an average of 5 or more years before formally being diagnosed.",,5,childhood (5-11),years,female,True,True,True,False,True,2017 international classification; MCAS consensus criteria,,joint_hypermobility; subluxations_dislocations; chronic_pain; tachycardia; syncope; skin_hyperextensibility; fatigue; headache_migraine; neuropathy; chiari,hEDS; hypermobile EDS; POTS; postural tachycardia syndrome; dysautonomia; MCAS; MCAD; mast cell activation syndrome,rule_based_v3,2026-04-16T20:48:48.893865,hEDS_HSD,True,False,False
PMC10806170,10.3389/fneur.2023.1305972,Characterizing a new clinical phenotype: the co-existence of cerebral venous outflow and connective tissue disorders.,Front Neurol,2023,2023,post-2017 (2017 international classification),clinical_study,True,,86,36,,"2%, n = 75), with a mean age of 36.",,36,adult (30-44),years,female,True,True,True,False,False,,,joint_hypermobility; orthostatic_intolerance; tachycardia; flushing; headache_migraine; chiari; brain_fog; medication_sensitivity,JHS; POTS; postural tachycardia syndrome; dysautonomia; MCAS; MCAD; mast cell activation syndrome,rule_based_v3,2026-04-16T20:48:49.014121,EDS_mentioned_but_excluded,False,False,True
PMC10672129,10.3390/jpm13111562,Neuropsychiatric Manifestations of Mast Cell Activation Syndrome and Response to Mast-Cell-Directed Treatment: A Case Series.,J Pers Med,2023 Oct 31,2023,post-2017 (2017 international classification),animal_study,True,,139,47,,Illustrative Case: Patient 1The patient was a 47-year-old physician who was healthy except for episodes of anaphylaxis in response to nuts in her childhood and adolescence.,,47,middle aged (45-59),years,female,True,True,True,True,True,,,joint_hypermobility; chronic_pain; orthostatic_intolerance; tachycardia; syncope; flushing; anaphylaxis; easy_bruising; fatigue; gi_symptoms; headache_migraine; neuropathy; palpitations; medication_sensitivity,hEDS; hypermobile EDS; JHS; HSD; POTS; postural tachycardia syndrome; dysautonomia; MCAS; MCAD; mast cell activation syndrome; mastocytosis,rule_based_v3,2026-04-16T20:48:49.042659,hEDS_HSD,True,False,False
PMC9703103,10.1002/ccr3.6338,Classical Ehlers-Danlos syndrome with severe kyphoscoliosis due to a novel pathogenic variant of COL5A2.,Clin Case Rep,2022 Nov,2022,post-2017 (2017 international classification),case_report,True,,168,14,,"AbstractWe described a novel de novo missense variant of the gene encoding Collagen alpha-2(V) chain, associated with the classical Ehlers-Danlos syndrome (cEDS) (OMIM#130010), in a 14-year-old patient who presented with congenital and severe scoliosis, muscle hypotonia, ocular manifestations, and n...",,14,adolescent (12-17),years,female,True,False,False,False,False,Beighton,7,joint_hypermobility; subluxations_dislocations; chronic_pain; skin_hyperextensibility; easy_bruising; brain_fog; mitral_valve_prolapse,,rule_based_v3,2026-04-16T20:48:03.815114,hEDS_HSD,True,False,False
PMC9544979,10.1111/jgh.15927,Hypermobile Ehlers-Danlos syndrome and disorders of the gastrointestinal tract: What the gastroenterologist needs to know.,J Gastroenterol Hepatol,2022 Sep,2022,post-2017 (2017 international classification),animal_study,True,,62,50,,"9

Table 1New diagnostic criteria for hypermobile Ehlers-Danlos syndrome (hEDS)
7



Criterion 1:



Must be met


The Beighton score for generalized joint hypermobility
Prepubertal children/adolescents: > 6Men, women post puberty to age 50: > 5Over age 50: > 4
If one point below diagnostic, score ≥...",,50,middle aged (45-59),years,female,True,True,True,False,True,2017 international classification; Villefranche; Brighton; Beighton,2,joint_hypermobility; subluxations_dislocations; chronic_pain; orthostatic_intolerance; tachycardia; syncope; skin_hyperextensibility; fatigue; gi_symptoms; headache_migraine; neuropathy; mitral_valve_prolapse; palpitations,hEDS; hypermobile EDS; JHS; HSD; POTS; postural tachycardia syndrome; mast cell activation syndrome,rule_based_v3,2026-04-16T20:48:04.505731,hEDS_HSD,True,False,False
PMC9482467,10.2147/JPR.S377790,Multidisciplinary Approach to Treating Chronic Pain in Patients with Ehlers-Danlos Syndrome: Critically Appraised Topic.,J Pain Res,2022,2022,post-2017 (2017 international classification),clinical_study,True,,18,,young_adult,Clinical QuestionWhat components of a conservative multidisciplinary approach are best for treating chronic musculoskeletal pain in a young adult female with hypermobile Ehlers-Danlos syndrome (hEDS)? BackgroundThe Ehlers-Danlos syndromes (EDS) and hypermobility spectrum disorder (HSD) are connectiv...,18-30 years,24,young adult (18-29),years,female,True,False,False,False,False,2017 international classification; Villefranche,,joint_hypermobility; subluxations_dislocations; chronic_pain; skin_hyperextensibility; easy_bruising; fatigue; headache_migraine; neuropathy; brain_fog,EDS type III; EDS hypermobility type; hEDS; hypermobile EDS; JHS; HSD,rule_based_v3,2026-04-16T20:48:04.823228,hEDS_HSD,True,False,False
PMC9470354,10.1155/2022/5819406,Motor Skill Improvement Using Compressive Garments in a Child with Multidimensional Impairments and Ehlers-Danlos Syndrome.,Case Rep Psychiatry,2022,2022,post-2017 (2017 international classification),case_report,True,,1,8,,"We report the case of an 8-year-old child with a complex neurodevelopmental disorder, including severe developmental coordination disorder with dysgraphia, anxiety and depression, mild social functioning impairments, headache and chronic musculoskeletal pain, secondary to Ehlers-Danlos syndrome (EDS...",,8,childhood (5-11),years,male,True,False,False,False,False,Beighton,,joint_hypermobility; chronic_pain; urticaria; skin_hyperextensibility; fatigue; gi_symptoms; headache_migraine,EDS hypermobility type; JHS; HSD,rule_based_v3,2026-04-16T20:48:04.836060,hEDS_HSD,True,False,False
PMC9408984,10.3390/ijms23169090,Connective Tissue Disorders and Fragile X Molecular Status in Females: A Case Series and Review.,Int J Mol Sci,2022 Aug 13,2022,post-2017 (2017 international classification),case_report,True,,20,26,,Case ReportsCase #1A 26-year-old female was seen in the Genetics Clinic at KUMC for evaluation of a connective tissue disorder.,,26,young adult (18-29),years,female,True,True,False,False,False,Beighton,,joint_hypermobility; subluxations_dislocations; chronic_pain; tachycardia; syncope; skin_hyperextensibility; easy_bruising; headache_migraine; chiari; mitral_valve_prolapse; palpitations,JHS; HSD; POTS,rule_based_v3,2026-04-16T20:48:04.884531,hEDS_HSD,True,False,False
PMC9397026,10.3390/jfmk7030061,Rationale and Feasibility of Resistance Training in hEDS/HSD: A Narrative Review.,J Funct Morphol Kinesiol,2022 Aug 20,2022,post-2017 (2017 international classification),clinical_study,True,,15,10,,"However, when specifically evaluating individuals less than 45 years of age (n = 26), BMD trended towards being poorer (Lumbar: Z = -0.",,10,childhood (5-11),years,female,True,False,False,False,False,,,joint_hypermobility; subluxations_dislocations; chronic_pain; fatigue; gi_symptoms,EDS type III; hEDS; hypermobile EDS; JHS; HSD,rule_based_v3,2026-04-16T20:48:05.024306,hEDS_HSD,True,False,False
PMC9302035,10.7759/cureus.26148,A Diagnosis of Camptodactyly With Benign Joint Hypermobility Syndrome in a Patient Presenting With Fixed Flexion Deformity of the Fingers and Striae.,Cureus,2022 Jun,2022,post-2017 (2017 international classification),case_report,True,,1,15,,Case presentationA 15-year-old Sri Lankan boy was brought by his parents to the rheumatology clinic with fixed flexion deformities of the little fingers bilaterally with the associated diminished functional capacity of both hands and pain during the finger extensions.,,15,adolescent (12-17),years,male,True,False,False,False,False,Brighton; Beighton,,joint_hypermobility; chronic_pain; syncope; skin_hyperextensibility; fatigue; gi_symptoms; headache_migraine,JHS; dysautonomia,rule_based_v3,2026-04-16T20:48:05.093064,hEDS_HSD,True,False,False
PMC9214343,10.1016/j.arrct.2022.100189,Exercise and Rehabilitation in People With Ehlers-Danlos Syndrome: A Systematic Review.,Arch Rehabil Res Clin Transl,2022 Jun,2022,post-2017 (2017 international classification),clinical_study,True,,1,,,,,,,years,,True,True,True,False,True,2017 international classification; Villefranche; Brighton,,joint_hypermobility; subluxations_dislocations; chronic_pain; orthostatic_intolerance; tachycardia; urticaria; fatigue,EDS hypermobility type; hEDS; JHS; HSD; postural tachycardia syndrome,rule_based_v3,2026-04-16T20:48:05.452143,hEDS_HSD,True,False,False
PMC9131024,10.1093/ehjcr/ytac161,May-Thurner syndrome in patients with postural orthostatic tachycardia syndrome and Ehlers-Danlos syndrome: a case series.,Eur Heart J Case Rep,2022 Apr,2022,post-2017 (2017 international classification),case_report,True,,1,16,,"Present day (follow-up)Currently considering intervention for MTS Patient 1A 16-year-old female with hypermobile EDS and POTS presented for evaluation of
palpitations, concentration difficulties due to mental clouding, difficulty staying
upright and performing activities while standing, and dizzines...",,16,adolescent (12-17),years,female,True,True,True,False,True,,,joint_hypermobility; chronic_pain; orthostatic_intolerance; tachycardia; syncope; flushing; skin_hyperextensibility; fatigue; gi_symptoms; neuropathy; brain_fog; palpitations,POTS; postural tachycardia syndrome; dysautonomia,rule_based_v3,2026-04-16T20:48:05.548201,hEDS_HSD,True,False,False
PMC9122800,10.1002/ccr3.5887,"Idiopathic osteoporosis, Ehlers-Danlos syndrome, postural orthostatic tachycardia syndrome, and mast cell activation disorder in a 27-year-old male patient: A unique case presentation.",Clin Case Rep,2022 May,2022,post-2017 (2017 international classification),case_report,True,,3,27,,"4

Following several years of clinical investigation, we report a rare case of osteoporosis and hEDS in a 27-year-old male patient with a constellation of symptoms affiliated with postural orthostatic tachycardia (POTS), mast cell activation disorder (MCAD), and hidradenitis suppurativa (HS).",,27,young adult (18-29),years,male,True,True,True,True,True,2017 international classification; Beighton,,joint_hypermobility; subluxations_dislocations; chronic_pain; tachycardia; urticaria; skin_hyperextensibility; easy_bruising; fatigue; gi_symptoms; mitral_valve_prolapse,hEDS; hypermobile EDS; JHS; POTS; postural tachycardia syndrome; dysautonomia; MCAD; mast cell activation syndrome; mastocytosis,rule_based_v3,2026-04-16T20:48:05.607224,hEDS_HSD,True,False,False
PMC9110592,10.1007/s13555-022-00717-x,The Relevance of Skin Biopsies in General Internal Medicine: Facts and Myths.,Dermatol Ther (Heidelb),2022 May,2022,post-2017 (2017 international classification),case_report,True,,1,,,The disease is characterized by yellowish papules or plaque-like skin lesions often appearing in late childhood.,,,,years,female,True,False,False,False,False,Beighton,1,joint_hypermobility; skin_hyperextensibility; neuropathy; medication_sensitivity,EDS type III; hEDS; hypermobile EDS; JHS,rule_based_v3,2026-04-16T20:48:06.011097,hEDS_HSD,True,False,False
PMC8894232,10.1016/j.rmcr.2022.101602,Obstructive sleep apnea in a case of ehlers-danlos syndrome.,Respir Med Case Rep,2022,2022,post-2017 (2017 international classification),review_or_study,True,,1,40,,"Sleep Apnea was clinically suspected by his treating physician at age 40, but was never worked up.",,40,adult (30-44),years,male,True,False,False,False,False,2017 international classification,,joint_hypermobility; subluxations_dislocations; chronic_pain; fatigue; headache_migraine,EDS hypermobility type; hypermobile EDS; dysautonomia,rule_based_v3,2026-04-16T20:48:06.168889,hEDS_HSD,True,False,False
PMC8777155,10.1016/j.crwh.2022.e00384,Twin pregnancy with untyped Ehlers-Danlos syndrome requiring prompt genetic testing: A case report.,Case Rep Womens Health,2022 Jan,2022,post-2017 (2017 international classification),case_report,True,,1,20,,2Case PresentationThe 20-year-old patient was carrying dichorionic diamniotic twins in her first pregnancy.,,20,young adult (18-29),years,female,True,True,False,False,False,,,joint_hypermobility; subluxations_dislocations; tachycardia; skin_hyperextensibility,hEDS; hypermobile EDS; JHS; postural tachycardia syndrome,rule_based_v3,2026-04-16T20:48:06.521356,vascular_EDS,False,True,False
PMC10562791,10.12688/f1000research.109373.1,Tolerability of COVID-19 mRNA vaccines in patients with postural tachycardia syndrome: a cross-sectional study.,F1000Res,2022,2022,post-2017 (2017 international classification),clinical_study,True,,23,42,,"33
 There is one case report in which POTS was diagnosed in a previously healthy, 42-year-old male following the first dose of mRNA vaccination.",,42,adult (30-44),years,female,False,True,False,False,False,,,orthostatic_intolerance; tachycardia; fatigue; gi_symptoms; headache_migraine; neuropathy; brain_fog; palpitations,POTS; postural tachycardia syndrome; dysautonomia,rule_based_v3,2026-04-16T20:48:18.159920,,False,False,False
PMC9821608,10.3390/jcm12010073,Autonomic Nerve Involvement in Post-Acute Sequelae of SARS-CoV-2 Syndrome (PASC).,J Clin Med,2022 Dec 22,2022,post-2017 (2017 international classification),review_or_study,True,,13,18,,Patients with PASC were included in the study if they met the following criteria: (1) aged 18 years old and above; (2) documented diagnosis of COVID-19 infection based on a positive reverse transcriptase-polymerase chain reaction (PCR) test or an antigen test for SARS-CoV-2; (3) completion of compre...,,18,young adult (18-29),years,female,False,True,True,False,False,,,chronic_pain; orthostatic_intolerance; tachycardia; fatigue; gi_symptoms; neuropathy; brain_fog; palpitations,POTS; postural tachycardia syndrome; dysautonomia; mast cell activation syndrome,rule_based_v3,2026-04-16T20:48:20.367350,,False,False,False
PMC9795856,10.2147/IJWH.S366667,POTS and Pregnancy: A Review of Literature and Recommendations for Evaluation and Treatment.,Int J Womens Health,2022,2022,post-2017 (2017 international classification),review_or_study,True,,1,35,,2The diagnostic criteria for POTS include 1) an increase in heart rate of at least 30 beats per minute in adults and at least 40 beats per minute in teens up to 19 years of age within 10 minutes of standing or a tilt table test; 2) absence of orthostatic hypotension; and 3) symptoms of orthostatic i...,,35,adult (30-44),years,male,True,True,True,False,True,MCAS consensus criteria,,joint_hypermobility; subluxations_dislocations; chronic_pain; orthostatic_intolerance; tachycardia; syncope; fatigue; gi_symptoms; headache_migraine; neuropathy; brain_fog; palpitations,hEDS; hypermobile EDS; HSD; POTS; postural tachycardia syndrome; dysautonomia; MCAS; mast cell activation syndrome,rule_based_v3,2026-04-16T20:48:20.699966,hEDS_HSD,True,False,False
PMC9732766,10.1093/ehjcr/ytac453,Postural orthostatic tachycardia syndrome and orthostatic hypotension in post-acute sequelae of COVID-19 during pregnancy: a case report.,Eur Heart J Case Rep,2022 Dec,2022,post-2017 (2017 international classification),review_or_study,True,,7,32,,"Case summaryIn this report, we present a 32-year-old pregnant woman (G3P2) who experiences severe orthostatic symptoms as part of her PASC syndrome, which is decoupled from normal physiologic changes of pregnancy.",,32,adult (30-44),years,female,False,True,False,False,False,2015 POTS consensus,,orthostatic_intolerance; tachycardia; syncope; flushing; fatigue; palpitations,POTS; postural tachycardia syndrome,rule_based_v3,2026-04-16T20:48:20.712745,,False,False,False
PMC9602558,10.3390/healthcare10102105,Long-Haul COVID Patients: Prevalence of POTS Are Reduced but Cerebral Blood Flow Abnormalities Remain Abnormal with Longer Disease Duration.,Healthcare (Basel),2022 Oct 21,2022,post-2017 (2017 international classification),case_report,True,,19,,,,,,,years,,False,True,False,False,False,,,orthostatic_intolerance; tachycardia; syncope; gi_symptoms; neuropathy,POTS; postural tachycardia syndrome; dysautonomia,rule_based_v3,2026-04-16T20:48:20.786772,,False,False,False
PMC9548822,10.1016/j.chest.2022.08.388,COVID-19-INDUCED POSTURAL ORTHOSTATIC TACHYCARDIA SYNDROME.,Chest,2022 Oct,2022,post-2017 (2017 international classification),case_report,True,,1,38,,CASE PRESENTATION: 38-year-old presented to the hospital with the chief complaint of shortness of breath chest tightness.,,38,adult (30-44),years,female,False,True,False,False,False,,,orthostatic_intolerance; tachycardia; syncope; neuropathy,POTS; postural tachycardia syndrome,rule_based_v3,2026-04-16T20:48:20.790657,,False,False,False
PMC9498034,10.3390/diagnostics12092129,Clogmia albipunctata (Nematocera; Psychodidae) as the Etiologic Agent of Myiasis: True or False?,Diagnostics (Basel),2022 Sep 1,2022,post-2017 (2017 international classification),review_or_study,True,,12,55,,"Case PresentationIn February 2017, a 55-year-old French man was referred to the Parasitology-Mycology department of Poitiers hospital (Poitiers, France) for the suspected presence of insect larvae in the mouth.",,55,middle aged (45-59),years,female,False,True,False,False,False,,,gi_symptoms,POTS,rule_based_v3,2026-04-16T20:48:20.811958,,False,False,False
PMC9444584,10.1016/j.ijid.2022.08.026,Clinical cardiovascular emergencies and the cellular basis of COVID-19 vaccination: from dream to reality?,Int J Infect Dis,2022 Nov,2022,post-2017 (2017 international classification),case_report,True,,2,31,,"Also, a 31-year-old male with Marfan syndrome recovering from Bentall surgery and mitral valve replacement developed atrial fibrillation following Vero cell vaccination.",,31,adult (30-44),years,female,False,True,False,False,False,,,chronic_pain; tachycardia; anaphylaxis; fatigue; headache_migraine; palpitations; medication_sensitivity,postural tachycardia syndrome; MCAD,rule_based_v3,2026-04-16T20:48:20.901254,,False,False,False
PMC9413809,10.7759/cureus.27287,What Works for One May Not Work for Another: A New Warning for Modafinil.,Cureus,2022 Jul,2022,post-2017 (2017 international classification),case_report,True,,11,47,,Case presentationThe patient is a 47-year-old female with a history of POTS diagnosed approximately 13 years ago when she presented with syncope and exercise intolerance symptoms.,,47,middle aged (45-59),years,female,True,True,False,False,False,,,orthostatic_intolerance; tachycardia; syncope; fatigue; gi_symptoms; headache_migraine; neuropathy; palpitations,POTS; postural tachycardia syndrome; dysautonomia,rule_based_v3,2026-04-16T20:48:20.911833,EDS_unspecified,True,False,False
PMC9345651,10.1016/j.hroo.2022.07.011,COVID-19 vaccination in patients with long QT syndrome.,Heart Rhythm O2,2022 Dec,2022,post-2017 (2017 international classification),case_report,True,,19,16,,"However, myocarditis is one of the rare severe complications following COVID-19 vaccination, particularly associated with mRNA-based vaccines in males aged 16-29 years.",,16,adolescent (12-17),years,,False,True,False,False,False,,,chronic_pain; orthostatic_intolerance; tachycardia; syncope; gi_symptoms; headache_migraine; palpitations,POTS; postural tachycardia syndrome,rule_based_v3,2026-04-16T20:48:20.936494,,False,False,False
PMC9323926,10.3390/vaccines10070991,COVID-19 Vaccination Might Induce Postural Orthostatic Tachycardia Syndrome: A Case Report.,Vaccines (Basel),2022 Jun 22,2022,post-2017 (2017 international classification),review_or_study,True,,1,46,,We report a case of new-onset postural orthostatic tachycardia syndrome in a healthy 46-year-old female after a single dose of the BNT162b2 (Pfizer-BioNTech) SARS-CoV-2 vaccine.,,46,middle aged (45-59),years,female,False,True,False,False,False,,,joint_hypermobility; chronic_pain; orthostatic_intolerance; tachycardia; syncope; urticaria; fatigue; headache_migraine; neuropathy; brain_fog; palpitations,POTS; postural tachycardia syndrome; dysautonomia,rule_based_v3,2026-04-16T20:48:20.954705,,False,False,False
PMC9287587,10.1016/j.hrthm.2022.07.014,Postural orthostatic tachycardia syndrome as a sequela of COVID-19.,Heart Rhythm,2022 Nov,2022,post-2017 (2017 international classification),clinical_study,True,,1,17,,"35 Furthermore, a meta-analysis by Lopez-Leon et al,7 which included 47,910 COVID-19 survivors aged 17-87 years, found that 80% of patients experience ≥1 long-term symptom in the period from 14 to 110 days post-viral infection.",,17,adolescent (12-17),years,,True,True,True,False,True,2015 POTS consensus,,joint_hypermobility; chronic_pain; orthostatic_intolerance; tachycardia; syncope; fatigue; gi_symptoms; headache_migraine; neuropathy; brain_fog; palpitations,POTS; postural tachycardia syndrome; dysautonomia; MCAS; MCAD; mast cell activation syndrome,rule_based_v3,2026-04-16T20:48:21.035233,EDS_unspecified,True,False,False
PMC9270602,10.1016/j.jaccas.2022.04.009,MEN2B Masquerading as Postural Orthostatic Tachycardia Syndrome.,JACC Case Rep,2022 Jul 6,2022,post-2017 (2017 international classification),review_or_study,True,,1,29,,") History of PresentationA 29-year-old woman with a presumed history of postural orthostatic tachycardia syndrome (POTS) was seen at our Hypertension Clinic at the University of Texas Southwestern Medical Center in Dallas, Texas for evaluation of unexplained hypertensive episodes.",,29,young adult (18-29),years,female,True,True,False,True,False,Beighton,6,orthostatic_intolerance; tachycardia; syncope; flushing; gi_symptoms; headache_migraine,POTS; postural tachycardia syndrome; dysautonomia; mastocytosis,rule_based_v3,2026-04-16T20:48:21.043367,EDS_mentioned_but_excluded,False,False,True
PMC9208536,10.1007/s13760-022-02002-2,A case of transient POTS following COVID-19 vaccine.,Acta Neurol Belg,2022 Aug,2022,post-2017 (2017 international classification),case_report,True,,1,40,,We report a case of a 40-year-old man who was diagnosed with POTS after the messenger RNA COVID-19 vaccination.,,40,adult (30-44),years,male,False,True,False,False,False,,,orthostatic_intolerance; tachycardia; syncope; fatigue; headache_migraine; neuropathy; palpitations,POTS; postural tachycardia syndrome,rule_based_v3,2026-04-16T20:48:21.049457,,False,False,False
PMC9174810,10.1136/bcr-2022-249608,Intermittent left bundle branch block with septal flash and postural orthostatic tachycardia syndrome in a young woman with long COVID-19.,BMJ Case Rep,2022 Jun 7,2022,post-2017 (2017 international classification),clinical_study,True,,312,24,,"A 24-hour Holter at the outpatient clinic, 6 months after discharge showed significant improvement of the sinus tachycardia episodes, with an average 24-hour heart rate of 76 beats/min.",,24,young adult (18-29),years,female,False,True,False,False,False,,,chronic_pain; orthostatic_intolerance; tachycardia; syncope; fatigue; palpitations,POTS; postural tachycardia syndrome,rule_based_v3,2026-04-16T20:48:21.079642,,False,False,False
PMC9021422,10.3389/fped.2022.849914,"Case Report, Practices Survey and Literature Review of an Under-Recognized Pediatric Vascular Disorder: The BASCULE Syndrome.",Front Pediatr,2022,2022,post-2017 (2017 international classification),review_or_study,True,,1,14,,Case PresentationA 14-year-old boy had been reporting pruritic erythrocyanic lesions on the lower limbs for approximately 5 months.,,14,adolescent (12-17),years,male,False,True,False,False,False,MCAS consensus criteria,,orthostatic_intolerance; tachycardia; syncope; urticaria; fatigue; palpitations,POTS; postural tachycardia syndrome; dysautonomia,rule_based_v3,2026-04-16T20:48:21.101458,,False,False,False
PMC8976261,10.1016/j.jacc.2022.03.357,Prospective Evaluation of Autonomic Dysfunction in Post-Acute Sequela of COVID-19.,J Am Coll Cardiol,2022 Jun 14,2022,post-2017 (2017 international classification),case_report,True,,24,43,,3 %) were women with a mean age of 43.,,43,adult (30-44),years,,False,True,False,False,False,,,orthostatic_intolerance; tachycardia; syncope; fatigue; headache_migraine; palpitations,POTS; postural tachycardia syndrome,rule_based_v3,2026-04-16T20:48:21.134615,,False,False,False
PMC8931464,10.3389/fphys.2022.833650,Orthostatic Intolerance in Adults Reporting Long COVID Symptoms Was Not Associated With Postural Orthostatic Tachycardia Syndrome.,Front Physiol,2022,2022,post-2017 (2017 international classification),clinical_study,True,,20,46,,"Eighty-five participants were included (mean age 46 years, range 25-78; 74% women), of which 56 (66%) reported OI during AS (OIAS).",,46,middle aged (45-59),years,female,False,True,False,False,False,,,orthostatic_intolerance; tachycardia; syncope; fatigue; headache_migraine; brain_fog; palpitations,POTS; postural tachycardia syndrome,rule_based_v3,2026-04-16T20:48:21.183096,,False,False,False
PMC8866568,10.3389/fcvm.2022.834879,Evaluating the Impact of Orthostatic Syncope and Presyncope on Quality of Life: A Systematic Review and Meta-Analysis.,Front Cardiovasc Med,2022,2022,post-2017 (2017 international classification),review_or_study,True,,1,15,,"The peak age of onset of VVS and POTS is between 10 and 15 years of age (3, 4); thus, the onset of these quality of life detriments would predominantly occur during adolescence, with the potential for long term impact.",,15,adolescent (12-17),years,female,False,True,False,False,False,,,chronic_pain; orthostatic_intolerance; tachycardia; syncope; fatigue; gi_symptoms; neuropathy; brain_fog; palpitations,POTS; postural tachycardia syndrome,rule_based_v3,2026-04-16T20:48:21.261175,,False,False,False
PMC8779641,10.3390/vaccines10010127,Post-HPV-Vaccination Mast Cell Activation Syndrome: Possible Vaccine-Triggered Escalation of Undiagnosed Pre-Existing Mast Cell Disease?,Vaccines (Basel),2022 Jan 16,2022,post-2017 (2017 international classification),animal_study,True,,150,21,,Case 5A 21-year-old female presented with effectively a lifetime of “always having a cold” and virtually daily non-bilious emesis.,,21,young adult (18-29),years,female,True,True,True,True,True,Beighton,9,joint_hypermobility; chronic_pain; orthostatic_intolerance; tachycardia; syncope; flushing; urticaria; anaphylaxis; easy_bruising; fatigue; gi_symptoms; headache_migraine; neuropathy; palpitations; medication_sensitivity,hEDS; hypermobile EDS; POTS; postural tachycardia syndrome; dysautonomia; MCAS; MCAD; mast cell activation syndrome; mastocytosis,rule_based_v3,2026-04-16T20:48:21.302610,hEDS_HSD,True,False,False
PMC8687482,10.1097/01.NPR.0000802968.90212.70,Postural orthostatic tachycardia syndrome: A conundrum for patients and healthcare providers.,Nurse Pract,2022 Jan 1,2022,post-2017 (2017 international classification),case_report,True,,14,20,,,,20,young adult (18-29),years,,True,True,True,False,False,,,joint_hypermobility; orthostatic_intolerance; tachycardia; syncope; flushing; fatigue; gi_symptoms; headache_migraine; neuropathy; brain_fog; palpitations,POTS; postural tachycardia syndrome; mast cell activation syndrome,rule_based_v3,2026-04-16T20:48:21.855229,EDS_mentioned_but_excluded,False,False,True
PMC7936931,10.1007/s00415-021-10502-z,Is postural orthostatic tachycardia syndrome (POTS) a central nervous system disorder?,J Neurol,2022 Feb,2022,post-2017 (2017 international classification),animal_study,True,,11,18,,", described an 18-year-old woman with narcolepsy and POTS, whose MRI of the brain demonstrated two non-enhancing lesions in the right thalamus and amygdala [26].",,18,young adult (18-29),years,female,True,True,False,False,False,,,chronic_pain; orthostatic_intolerance; tachycardia; syncope; fatigue; headache_migraine; neuropathy; chiari; brain_fog,POTS; postural tachycardia syndrome; dysautonomia,rule_based_v3,2026-04-16T20:48:23.861573,EDS_unspecified,True,False,False
PMC9834603,10.21037/tcr-22-1596,Mixed primary mucinous cystadenocarcinoma and invasive ductal carcinoma of the breast: a case report and literature review.,Transl Cancer Res,2022 Dec,2022,post-2017 (2017 international classification),case_report,True,,31,61,,"Case DescriptionHere, we describe a 61-year-old postmenopausal woman with no family history of breast cancer or other breast-related diseases, who presented with a palpable mass in her left breast lasting for 2 months.",,61,older adult (60-74),years,female,False,False,True,False,False,,,,MCAS,rule_based_v3,2026-04-16T20:48:32.795611,,False,False,False
PMC9784954,10.3390/jcm11247326,Management of Adult Patients with Gastrointestinal Symptoms from Food Hypersensitivity-Narrative Review.,J Clin Med,2022 Dec 9,2022,post-2017 (2017 international classification),review_or_study,True,,1,3,,"In the Canadian Healthy Infant Longitudinal Development cohort, children with higher gut microbial richness at age 3 months were associated with 55% reduced risk for food sensitization by age 1 year.",,3,early childhood (1-4),years,,True,True,True,True,True,MCAS consensus criteria,,chronic_pain; orthostatic_intolerance; tachycardia; flushing; urticaria; anaphylaxis; fatigue; gi_symptoms; headache_migraine; brain_fog; medication_sensitivity,hEDS; hypermobile EDS; HSD; POTS; postural tachycardia syndrome; MCAS; MCAD; mast cell activation syndrome,rule_based_v3,2026-04-16T20:48:32.923977,hEDS_HSD,True,False,False
PMC9763144,10.1007/s00101-021-01069-5,Sugammadex in systemic mastocytosis : Case report and a systematic review of literature.,Anaesthesiologie,2022 Dec,2022,post-2017 (2017 international classification),review_or_study,True,,1,50,,"We present the case of a 50-year-old woman (184 cm, 66 kg) with American Society of Anesthesiologists (ASA) physical status II, diagnosed with systemic mastocytosis with c-kit D816 mutation and expression of CD2 and CD25 with cutaneous symptoms (urticaria) and episodes of systemic anaphylaxis.",,50,middle aged (45-59),years,female,False,False,True,True,False,,,urticaria; anaphylaxis,mast cell activation syndrome; mastocytosis,rule_based_v3,2026-04-16T20:48:32.935300,,False,False,False
PMC9724157,10.7555/JBR.36.20220071,Mast cell activation syndrome-anesthetic challenges in two different clinical scenarios.,J Biomed Res,2022 May 28,2022,post-2017 (2017 international classification),review_or_study,True,,1,34,,"Case reportsCase 1A 34-year-old woman G1P0 at 41 weeks, with inadequate prenatal care, was urgently transferred to our facility from a local midwife birthing center.",,34,adult (30-44),years,female,False,False,True,True,False,,,chronic_pain; tachycardia; flushing; anaphylaxis; gi_symptoms; medication_sensitivity,MCAS; MCAD; mast cell activation syndrome; mastocytosis,rule_based_v3,2026-04-16T20:48:32.973468,,False,False,False
PMC9228930,10.3390/medsci10020029,Connecting the Dots in Emerging Mast Cell Research: Do Factors Affecting Mast Cell Activation Provide a Missing Link between Adverse COVID-19 Outcomes and the Social Determinants of Health?,Med Sci (Basel),2022 May 28,2022,post-2017 (2017 international classification),animal_study,True,,19,,,"Recent research suggests gender differences impact COVID-19 outcomes [13,14], as do age differences such as the disproportionate impact on infants and very old/frail adults [15].",,,,years,,False,False,True,True,False,,,chronic_pain; urticaria; anaphylaxis; fatigue; brain_fog,MCAS; MCAD; mast cell activation syndrome; mastocytosis,rule_based_v3,2026-04-16T20:48:33.220675,,False,False,False
PMC10426500,10.1016/j.xrrt.2021.03.002,Management of shoulder instability in hypermobility-type Ehlers-Danlos syndrome.,JSES Rev Rep Tech,2021 Aug,2021,post-2017 (2017 international classification),animal_study,True,,78,16,,Pubertal men and women of age 50 yr and younger: Beighton ≥ 5c.,,16,adolescent (12-17),years,female,True,False,False,False,False,2017 international classification; Beighton,7,joint_hypermobility; subluxations_dislocations; chronic_pain; skin_hyperextensibility; fatigue; neuropathy,hEDS; hypermobile EDS; JHS; HSD,rule_based_v3,2026-04-16T20:48:02.100495,hEDS_HSD,True,False,False
PMC8861852,10.3389/fpsyt.2021.803334,"The Relationship Between Generalised Joint Hypermobility and Autism Spectrum Disorder in Adults: A Large, Cross-Sectional, Case Control Comparison.",Front Psychiatry,2021,2021,post-2017 (2017 international classification),clinical_study,True,,199,18,,"Age-dependent cut-off scores of ≥ 5 for individuals aged 18-50 years and ≥ 4 for individuals aged > 50 years were used in the current study, according to the 2017 updated criteria (12).",,18,young adult (18-29),years,female,True,False,False,False,False,2017 international classification; Beighton,4,joint_hypermobility; subluxations_dislocations; chronic_pain; orthostatic_intolerance; skin_hyperextensibility; fatigue; gi_symptoms,hEDS; hypermobile EDS; JHS; HSD; dysautonomia,rule_based_v3,2026-04-16T20:48:06.263053,hEDS_HSD,True,False,False
PMC8787077,10.3389/fpsyt.2021.803898,Ehlers-Danlos Syndrome in the Field of Psychiatry: A Review.,Front Psychiatry,2021,2021,post-2017 (2017 international classification),review_or_study,True,,1,,child,"Furthermore, EDS imposes substantial psychological burden on patients due to exercise restriction, scars, keloids, and subcutaneous fat accumulation on the extremities, which leads to parental overprotection and bullying experiences from other children at school age.",3-12 years,7.5,childhood (5-11),years,female,True,False,False,False,False,2017 international classification,,joint_hypermobility; subluxations_dislocations; chronic_pain; skin_hyperextensibility; easy_bruising; fatigue; gi_symptoms; headache_migraine; brain_fog,hEDS; hypermobile EDS; JHS; HSD,rule_based_v3,2026-04-16T20:48:06.514307,hEDS_HSD,True,False,False
PMC8575340,10.7759/cureus.19311,Perioperative Management of Ehlers-Danlos Type III Syndrome Associated With Postural Orthostatic Tachycardia in Patients Undergoing General Anesthesia.,Cureus,2021 Nov,2021,post-2017 (2017 international classification),review_or_study,True,,13,26,,"Case presentationCase 1A 26-year-old female with EDS III, POTS, anxiety, asthma, anemia, and chronic fatigue syndrome presented for laparoscopic bilateral ovarian cystectomy and bilateral partial salpingectomy.",,26,young adult (18-29),years,female,True,True,False,True,False,Villefranche,,joint_hypermobility; subluxations_dislocations; chronic_pain; orthostatic_intolerance; tachycardia; syncope; skin_hyperextensibility; easy_bruising; fatigue; gi_symptoms; headache_migraine; palpitations,EDS type III; EDS hypermobility type; JHS; POTS; postural tachycardia syndrome; mastocytosis,rule_based_v3,2026-04-16T20:48:06.544324,hEDS_HSD,True,False,False
PMC8546774,10.5498/wjp.v11.i10.805,Connecting brain and body: Transdiagnostic relevance of connective tissue variants to neuropsychiatric symptom expression.,World J Psychiatry,2021 Oct 19,2021,post-2017 (2017 international classification),review_or_study,True,,1,14,,"The value of such a strategy is illustrated by a recent longitudinal study, which demonstrated that hypermobile children at age 14 years were more likely to suffer from anxiety and depression by age 18 years[10].",,14,adolescent (12-17),years,female,True,True,False,False,False,2017 international classification; Brighton; Beighton,,joint_hypermobility; chronic_pain; orthostatic_intolerance; tachycardia; fatigue; gi_symptoms; headache_migraine; brain_fog; palpitations; medication_sensitivity,hEDS; hypermobile EDS; JHS; HSD; POTS; postural tachycardia syndrome; dysautonomia,rule_based_v3,2026-04-16T20:48:06.599552,hEDS_HSD,True,False,False
PMC8405372,10.1002/ccr3.4128,A novel COL1A1 variant in a family with clinical features of hypermobile Ehlers-Danlos syndrome that proved to be a COL1-related overlap disorder.,Clin Case Rep,2021 Sep,2021,post-2017 (2017 international classification),case_report,True,,17,38,,"3) was first seen at the French Reference Center for nonvascular EDS, for a suspicion of hEDS, at the age of 38.",,38,adult (30-44),years,female,True,True,False,False,False,2017 international classification,,joint_hypermobility; subluxations_dislocations; chronic_pain; tachycardia; skin_hyperextensibility; easy_bruising; fatigue; gi_symptoms; headache_migraine,hEDS; hypermobile EDS; JHS; POTS; postural tachycardia syndrome,rule_based_v3,2026-04-16T20:48:06.674991,hEDS_HSD,True,False,False
PMC8312172,10.1177/14799731211025313,A review of respiratory manifestations and their management in Ehlers-Danlos syndromes and hypermobility spectrum disorders.,Chron Respir Dis,2021 Jan-Dec,2021,post-2017 (2017 international classification),clinical_study,True,,6,49,,,,49,middle aged (45-59),years,male,True,False,True,False,False,Brighton; Beighton,,joint_hypermobility; subluxations_dislocations; chronic_pain; skin_hyperextensibility; easy_bruising,EDS type III; hEDS; hypermobile EDS; JHS; HSD; dysautonomia; MCAS; mast cell activation syndrome,rule_based_v3,2026-04-16T20:48:07.516858,hEDS_HSD,True,False,False
PMC8212839,10.12659/AJCR.930840,"A Young Woman with Excessive Fat in Lower Extremities Develops Disordered Eating and Is Subsequently Diagnosed with Anorexia Nervosa, Lipedema, and Hypermobile Ehlers-Danlos Syndrome.",Am J Case Rep,2021 Jun 14,2021,post-2017 (2017 international classification),case_report,True,,1,31,,"Patient: Female, 31-year-oldFinal Diagnosis: LipedemaSymptoms: Bruising • leg edema • leg painMedication: -Clinical Procedure: -Specialty: Endocrinology and Metabolic • Family Medicine • Medicine, General and Internal • Metabolic Disorders and Diabetics • Plastic Surgery • PsychiatryObjective:Rare c...",,31,adult (30-44),years,female,True,False,False,False,False,Beighton,,joint_hypermobility; chronic_pain; tachycardia; syncope; easy_bruising; headache_migraine,hEDS; hypermobile EDS; JHS,rule_based_v3,2026-04-16T20:48:07.676157,hEDS_HSD,True,False,False
PMC8235512,10.3390/children8060512,"Fetal Fractures in an Infant with Maternal Ehlers-Danlos Syndrome, CCDC134 Pathogenic Mutation and a Negative Genetic Test for Osteogenesis Imperfecta.",Children (Basel),2021 Jun 17,2021,post-2017 (2017 international classification),case_report,True,,350,34,,"The mother was a 34-year-old, G2A1 healthy woman who immigrated from Morocco.",,34,adult (30-44),years,male,True,False,False,False,False,Beighton,5,joint_hypermobility; subluxations_dislocations; chronic_pain; flushing; skin_hyperextensibility; easy_bruising; fatigue; gi_symptoms,EDS hypermobility type; hEDS; JHS; dysautonomia,rule_based_v3,2026-04-16T20:48:07.698855,hEDS_HSD,True,False,False
PMC8149255,10.1155/2021/8875003,Association between Postural Orthostatic Tachycardia Syndrome and Joint Hypermobility.,Case Rep Cardiol,2021,2021,post-2017 (2017 international classification),case_report,True,,170,16,,"Clinical CaseThis is the case of a 16-year-old female patient with a 4-year history of snapping sound in the joints of hips, elbows, and knees, especially in extension, with noninflammatory polyarthralgia and persistent headache.",,16,adolescent (12-17),years,female,True,True,True,False,True,Brighton; Beighton,7,joint_hypermobility; subluxations_dislocations; orthostatic_intolerance; tachycardia; syncope; fatigue; headache_migraine; neuropathy,JHS; POTS; postural tachycardia syndrome,rule_based_v3,2026-04-16T20:48:07.731089,hEDS_HSD,True,False,False
PMC8121728,10.1007/s10143-020-01345-9,"Atlanto-axial rotary instability (Fielding type 1): characteristic clinical and radiological findings, and treatment outcomes following alignment, fusion, and stabilization.",Neurosurg Rev,2021 Jun,2021,post-2017 (2017 international classification),case_report,True,,20,18,,"The subjects were composed of 16 females and 4 males from 11 different states, age 18-54 years, average age 34 years at time of surgery.",,18,young adult (18-29),years,,True,False,True,False,False,,,joint_hypermobility; subluxations_dislocations; chronic_pain; orthostatic_intolerance; syncope; fatigue; gi_symptoms; headache_migraine; neuropathy; chiari; brain_fog; palpitations,EDS hypermobility type; MCAD; mast cell activation syndrome,rule_based_v3,2026-04-16T20:48:07.805439,EDS_mentioned_but_excluded,False,False,True
PMC7786113,10.1016/j.jtauto.2020.100077,Ehlers-Danlos Syndrome: Immunologic contrasts and connective tissue comparisons.,J Transl Autoimmun,2021,2021,post-2017 (2017 international classification),review_or_study,True,,1,11,,"Without known family history, 50% of children diagnosed with vascular EDS often experience major complications by a mean age of 11 years.",,11,childhood (5-11),years,,True,True,True,False,True,2017 international classification; Villefranche; Brighton; Beighton,1,joint_hypermobility; subluxations_dislocations; chronic_pain; tachycardia; skin_hyperextensibility; easy_bruising; fatigue; headache_migraine; neuropathy; mitral_valve_prolapse,EDS type III; hEDS; hypermobile EDS; JHS; HSD; POTS; postural tachycardia syndrome; MCAS; mast cell activation syndrome,rule_based_v3,2026-04-16T20:48:08.069242,hEDS_HSD,True,False,False
PMC8778312,10.3390/medicina58010028,Orthostatic Symptoms and Reductions in Cerebral Blood Flow in Long-Haul COVID-19 Patients: Similarities with Myalgic Encephalomyelitis/Chronic Fatigue Syndrome.,Medicina (Kaunas),2021 Dec 24,2021,post-2017 (2017 international classification),clinical_study,True,,19,,child,,3-12 years,7.5,childhood (5-11),years,,True,True,False,False,False,Beighton; 2015 POTS consensus,1,joint_hypermobility; orthostatic_intolerance; tachycardia; syncope; fatigue; headache_migraine; palpitations,hEDS; hypermobile EDS; JHS; POTS; postural tachycardia syndrome; dysautonomia,rule_based_v3,2026-04-16T20:48:21.643278,hEDS_HSD,True,False,False
PMC8716749,10.1093/ehjcr/ytab325,COVID-19 and postural tachycardia syndrome: a case series.,Eur Heart J Case Rep,2021 Dec,2021,post-2017 (2017 international classification),case_report,True,,10,24,,"Case summaryA total of seven active patients (three collegiate athletes, one recreational athlete, two registered nurses, one hospitality employee), age 24 ± 6 years, and six females were followed for a mean of 152 ± 105 days after contracting COVID-19.",,24,young adult (18-29),years,male,False,True,False,False,False,,,orthostatic_intolerance; tachycardia; syncope; fatigue; neuropathy; palpitations,postural tachycardia syndrome,rule_based_v3,2026-04-16T20:48:21.702340,,False,False,False
PMC8679991,10.14797/mdcvj.1039,Arrhythmias in COVID-19.,Methodist Debakey Cardiovasc J,2021,2021,post-2017 (2017 international classification),clinical_study,True,,19,18,,The ACOVID (Arrhythmias in hospitalized patients with COVID-19) study in Denmark recruited individuals over age 18 admitted with COVID-19 to one of six nearby hospitals in Copenhagen and prospectively monitored them for various arrhythmias.,,18,young adult (18-29),years,,False,True,False,False,False,,,tachycardia,POTS; postural tachycardia syndrome; dysautonomia,rule_based_v3,2026-04-16T20:48:21.762187,,False,False,False
PMC8721424,10.1177/2050313X211066647,"Quadruple-negative RT-PCR assay for COVID-19, but clinically and radiologically COVID pneumonia with POTS: Case report and case-based review.",SAGE Open Med Case Rep,2021,2021,post-2017 (2017 international classification),review_or_study,True,,1,25,,A 25-year-old woman with a background history of bronchial asthma and intellectual disability presented to hospital with progressively worsening dyspnoea.,,25,young adult (18-29),years,female,False,True,False,False,False,,,orthostatic_intolerance; tachycardia; fatigue,POTS; postural tachycardia syndrome; dysautonomia,rule_based_v3,2026-04-16T20:48:21.775573,,False,False,False
PMC8621226,10.3390/jcdd8110156,Post-Acute Sequelae of COVID-19 and Cardiovascular Autonomic Dysfunction: What Do We Know?,J Cardiovasc Dev Dis,2021 Nov 15,2021,post-2017 (2017 international classification),clinical_study,True,,19,70,,"One case was of a 70-year-old lady hospitalized due to recurrent syncope and non-epileptic seizures, who tested positive for SARS-CoV-2 on the same day [61].",,70,older adult (60-74),years,female,False,True,True,False,False,,,chronic_pain; orthostatic_intolerance; tachycardia; syncope; flushing; fatigue; headache_migraine; neuropathy; brain_fog; palpitations,POTS; postural tachycardia syndrome; dysautonomia; MCAD; mast cell activation syndrome,rule_based_v3,2026-04-16T20:48:21.900064,,False,False,False
PMC8506054,10.21037/tp-21-153,Midodrine overdose in children: a case report and review of treatment for hypertensive emergencies.,Transl Pediatr,2021 Sep,2021,post-2017 (2017 international classification),case_report,True,,1,12,,We present a case of a 12-year-old who intentionally ingested 100 mg of midodrine and presented with a hypertensive emergency and seizure activity.,,12,adolescent (12-17),years,female,False,True,False,False,False,,,tachycardia; syncope; gi_symptoms; headache_migraine; medication_sensitivity,POTS; postural tachycardia syndrome,rule_based_v3,2026-04-16T20:48:21.909602,,False,False,False
PMC8510689,10.3399/BJGP.2021.0265,"Recommendations for the recognition, diagnosis, and management of long COVID: a Delphi study.",Br J Gen Pract,2021 Nov,2021,post-2017 (2017 international classification),clinical_study,True,,17,18,,,,18,young adult (18-29),years,,False,True,True,False,False,MCAS consensus criteria,,orthostatic_intolerance; tachycardia; urticaria; anaphylaxis; fatigue; gi_symptoms; neuropathy; brain_fog; palpitations,POTS; postural tachycardia syndrome; dysautonomia; mast cell activation syndrome,rule_based_v3,2026-04-16T20:48:22.125755,,False,False,False
PMC8555928,10.7759/cureus.18398,Management of Long-COVID Postural Orthostatic Tachycardia Syndrome With Enhanced External Counterpulsation.,Cureus,2021 Sep,2021,post-2017 (2017 international classification),case_report,True,,1,57,,A 57-year-old female was diagnosed with COVID-19 in December 2020.,,57,middle aged (45-59),years,female,True,True,False,False,False,,,chronic_pain; orthostatic_intolerance; tachycardia; fatigue; headache_migraine; neuropathy; chiari; brain_fog; palpitations,POTS; postural tachycardia syndrome; dysautonomia,rule_based_v3,2026-04-16T20:48:22.135509,EDS_mentioned_but_excluded,False,False,True
PMC8387908,10.1016/j.jtauto.2021.100112,Maintenance therapy with subcutaneous immunoglobulin in a patient with immune-mediated neuropathic postural tachycardia syndrome.,J Transl Autoimmun,2021,2021,post-2017 (2017 international classification),review_or_study,True,,1,35,,"AimsWe describe the disease course of a 35-year-old female with an autoimmune mediated neuropathic postural tachycardia syndrome (PoTS), who responded to immunoglobulin therapy and stabilized on maintenance therapy with subcutaneous immunoglobulin (SCIg).",,35,adult (30-44),years,female,True,True,True,False,True,,,orthostatic_intolerance; tachycardia; syncope; fatigue; gi_symptoms; headache_migraine; neuropathy; palpitations,POTS; postural tachycardia syndrome; dysautonomia; MCAD; mast cell activation syndrome,rule_based_v3,2026-04-16T20:48:22.152181,hEDS_HSD,True,False,False
PMC8405341,10.1155/2021/7809231,Clinical and Laboratory Improvement in Hyperadrenergic Postural Orthostatic Tachycardia Syndrome (POTS) after COVID-19 Infection.,Case Rep Cardiol,2021,2021,post-2017 (2017 international classification),case_report,True,,1,32,,"A 32-year-old woman with a history of symptomatic supraventricular tachycardia, inappropriate sinus tachycardia, and hyperadrenergic POTS was treated with ivabradine and metoprolol.",,32,adult (30-44),years,female,False,True,False,False,False,,,joint_hypermobility; tachycardia; headache_migraine; neuropathy; palpitations,POTS; postural tachycardia syndrome; dysautonomia,rule_based_v3,2026-04-16T20:48:22.159104,,False,False,False
PMC8204164,10.1136/bcr-2021-243585,COVID-19-induced postural orthostatic tachycardia syndrome treated with ivabradine.,BMJ Case Rep,2021 Jun 14,2021,post-2017 (2017 international classification),case_report,True,,1,22,,A 22-year-old woman was referred with exertional dyspnoea and chest tightness 3 weeks following a diagnosis of COVID-19.,,22,young adult (18-29),years,female,False,True,False,False,False,,,joint_hypermobility; orthostatic_intolerance; tachycardia; fatigue; headache_migraine; neuropathy; palpitations,POTS; postural tachycardia syndrome; dysautonomia,rule_based_v3,2026-04-16T20:48:22.162519,,False,False,False
PMC8137224,10.1136/bmjgh-2020-003814,Novel vaccine safety issues and areas that would benefit from further research.,BMJ Glob Health,2021 May,2021,post-2017 (2017 international classification),animal_study,True,,6,9,,"These analyses showed that in seropositive trial participants aged 9-16 years, in the 66 months after administration of the first vaccine dose, the vaccine was protective.",,9,childhood (5-11),years,female,False,True,False,False,False,,,chronic_pain; orthostatic_intolerance; tachycardia; syncope; anaphylaxis; fatigue; gi_symptoms; headache_migraine,POTS; postural tachycardia syndrome; dysautonomia,rule_based_v3,2026-04-16T20:48:22.210461,,False,False,False
PMC8112930,10.1155/2021/9942668,POTS and Antiphospholipid Syndrome: An Unlikely Association.,Case Rep Rheumatol,2021,2021,post-2017 (2017 international classification),case_report,True,,1,39,,This case presentation involves a 39-year-old patient identified as female who has been diagnosed with POTS and elevated anticardiolipin antibodies.,,39,adult (30-44),years,female,False,True,False,False,False,,,tachycardia; syncope; fatigue; headache_migraine; neuropathy,POTS; postural tachycardia syndrome,rule_based_v3,2026-04-16T20:48:22.217231,,False,False,False
PMC8121406,10.36660/abc.20200420,Dysautonomia: A Forgotten Condition - Part 1.,Arq Bras Cardiol,2021 Apr,2021,post-2017 (2017 international classification),case_report,True,,1,,,,,,,years,,True,False,False,False,False,,,,,rule_based_v3,2026-04-16T20:48:22.712825,EDS_unspecified,True,False,False
PMC8117457,10.1007/s11883-021-00935-2,COVID and Cardiovascular Disease: What We Know in 2021.,Curr Atheroscler Rep,2021 May 13,2021,post-2017 (2017 international classification),clinical_study,True,,19,,,,,,,years,,False,True,False,False,False,,,chronic_pain; tachycardia; fatigue; brain_fog; palpitations,POTS; postural tachycardia syndrome; dysautonomia,rule_based_v3,2026-04-16T20:48:23.179172,,False,False,False
PMC8091396,10.1016/S0735-1097(21)04518-6,POSTURAL ORTHOSTATIC TACHYCARDIA SYNDROME IN SIX PATIENTS FOLLOWING COVID-19 INFECTION.,J Am Coll Cardiol,2021 May 11,2021,post-2017 (2017 international classification),case_report,True,,6,1,,,,1,early childhood (1-4),years,female,False,True,False,False,False,,,tachycardia; palpitations,POTS; postural tachycardia syndrome; dysautonomia,rule_based_v3,2026-04-16T20:48:23.192075,,False,False,False
PMC8076737,10.3389/fneur.2021.624968,COVID-19 Dysautonomia.,Front Neurol,2021,2021,post-2017 (2017 international classification),clinical_study,True,,4,26,,"A case of postural tachycardia syndrome (POTS) following COVID-19 infection, reported the development of autonomic symptomatology simultaneous with fever, cough, and shortness of breath in a 26-year-old female (8).",,26,young adult (18-29),years,female,False,True,False,False,False,,,chronic_pain; orthostatic_intolerance; tachycardia; syncope; fatigue; gi_symptoms; headache_migraine; neuropathy; palpitations,POTS; postural tachycardia syndrome; dysautonomia,rule_based_v3,2026-04-16T20:48:23.225650,,False,False,False
PMC8050227,10.1007/s10286-021-00803-8,Autonomic dysfunction following COVID-19 infection: an early experience.,Clin Auton Res,2021 Jun,2021,post-2017 (2017 international classification),clinical_study,True,,27,35,,,,35,adult (30-44),years,female,False,True,False,False,False,,,chronic_pain; orthostatic_intolerance; tachycardia; syncope; flushing; fatigue; gi_symptoms; headache_migraine; neuropathy; brain_fog; palpitations,POTS; postural tachycardia syndrome,rule_based_v3,2026-04-16T20:48:23.369518,,False,False,False
PMC8045944,10.1002/acn3.51317,gAChR antibodies in children and adolescents with acquired autoimmune dysautonomia in Japan.,Ann Clin Transl Neurol,2021 Apr,2021,post-2017 (2017 international classification),clinical_study,True,,200,20,,Eighty-eight patients under the age of 20 years who received human papillomavirus vaccination were excluded from the study.,,20,young adult (18-29),years,,False,True,False,False,False,2015 POTS consensus,,chronic_pain; orthostatic_intolerance; tachycardia; fatigue; gi_symptoms; headache_migraine; neuropathy,POTS; postural tachycardia syndrome; dysautonomia,rule_based_v3,2026-04-16T20:48:23.411551,,False,False,False
PMC8009458,10.1007/s12026-021-09185-5,Postural orthostatic tachycardia syndrome (POTS) and other autonomic disorders after COVID-19 infection: a case series of 20 patients.,Immunol Res,2021 Apr,2021,post-2017 (2017 international classification),case_report,True,,20,25,,"The youngest patient in the series, a previously healthy 25-year-old woman, had no acute viral illness, but developed sudden onset of shortness of breath, exercise intolerance, postural tachycardia, hypersomnolence, and severe fatigue in March of 2020 that, in conjunction with abnormal pulmonary fun...",,25,young adult (18-29),years,female,False,True,True,False,False,,,chronic_pain; orthostatic_intolerance; tachycardia; syncope; fatigue; gi_symptoms; headache_migraine; neuropathy; palpitations,POTS; postural tachycardia syndrome; dysautonomia,rule_based_v3,2026-04-16T20:48:23.787645,,False,False,False
PMC7976723,10.1007/s10286-021-00798-2,Long-COVID postural tachycardia syndrome: an American Autonomic Society statement.,Clin Auton Res,2021 Jun,2021,post-2017 (2017 international classification),case_report,True,,1,12,,"The diagnosis of POTS requires excessive orthostatic tachycardia (heart rate increase of > 30 beats per minutes in adults [> 40 beats per minute in patients age 12-19 years] within 10 minutes of assuming upright posture) in the absence of orthostatic hypotension, with associated symptoms of orthosta...",,12,adolescent (12-17),years,,False,True,False,False,False,,,orthostatic_intolerance; tachycardia; fatigue; gi_symptoms; headache_migraine; neuropathy; brain_fog; palpitations,POTS; postural tachycardia syndrome; dysautonomia,rule_based_v3,2026-04-16T20:48:23.813678,,False,False,False
PMC7946344,10.1016/j.jaccas.2021.01.009,Long-Haul Post-COVID-19 Symptoms Presenting as a Variant of Postural Orthostatic Tachycardia Syndrome: The Swedish Experience.,JACC Case Rep,2021 Apr,2021,post-2017 (2017 international classification),case_report,True,,3,42,,"Patient #1In March 2020, a 42-year-old woman with history of allergic rhinitis and conjunctivitis developed flu-like symptoms including malaise, cough, fever, weakness, loss of appetite, myalgia, and loss of smell and taste.",,42,adult (30-44),years,female,False,True,True,False,False,2015 POTS consensus,,chronic_pain; orthostatic_intolerance; tachycardia; syncope; flushing; fatigue; gi_symptoms; headache_migraine; neuropathy; brain_fog; palpitations,POTS; postural tachycardia syndrome; dysautonomia; mast cell activation syndrome,rule_based_v3,2026-04-16T20:48:23.830728,,False,False,False
PMC7888977,10.1093/jscr/rjab012,Postural orthostatic tachycardia syndrome following open thoracoabdominal aortic aneurysm repair.,J Surg Case Rep,2021 Feb,2021,post-2017 (2017 international classification),case_report,True,,1,38,,We present a rare case of a 38-year-old man who underwent open repair of a thoracoabdominal aortic aneurysm for a chronic Stanford type B aortic dissection whose recovery was complicated by POTS.,,38,adult (30-44),years,male,False,True,False,False,False,,,chronic_pain; orthostatic_intolerance; tachycardia; fatigue; gi_symptoms; palpitations,POTS; postural tachycardia syndrome,rule_based_v3,2026-04-16T20:48:23.868498,,False,False,False
PMC7813764,10.1016/j.hrcr.2020.11.003,Adalimumab as a potential treatment for postural orthostatic tachycardia syndrome.,HeartRhythm Case Rep,2021 Jan,2021,post-2017 (2017 international classification),case_report,True,,1,29,,"Case reportA 29-year-old female patient with a past medical history of Ehlers-Danlos syndrome, mast cell activation syndrome, SAS, and POTS was seen in the outpatient clinic for POTS.",,29,young adult (18-29),years,female,True,True,True,False,False,,,orthostatic_intolerance; tachycardia; syncope; flushing; fatigue; gi_symptoms; headache_migraine; brain_fog; palpitations,POTS; postural tachycardia syndrome; dysautonomia; mast cell activation syndrome,rule_based_v3,2026-04-16T20:48:23.884372,EDS_mentioned_but_excluded,False,False,True
PMC8684076,10.1186/s13256-021-03190-w,Adult-onset mast cell activation syndrome following scombroid poisoning: a case report and review of the literature.,J Med Case Rep,2021 Dec 18,2021,post-2017 (2017 international classification),animal_study,True,,1,74,,"We describe a 74-year-old Caucasian woman, with a history of drug-induced urticaria, who developed a constellation of hypersensitivity illnesses consistent with the diagnosis of mast cell activation syndrome after ingestion of tainted fish.",,74,older adult (60-74),years,female,False,False,True,True,False,,,chronic_pain; tachycardia; syncope; flushing; urticaria; anaphylaxis; gi_symptoms; headache_migraine; brain_fog; palpitations; medication_sensitivity,MCAS; MCAD; mast cell activation syndrome; mastocytosis,rule_based_v3,2026-04-16T20:48:33.644553,,False,False,False
PMC8533777,10.3390/cancers13205102,Mastocytosis-A Review of Disease Spectrum with Imaging Correlation.,Cancers (Basel),2021 Oct 12,2021,post-2017 (2017 international classification),animal_study,True,,1,,child,Clinical Presentation and Diagnostic CriteriaMastocytosis affects both children and adults with a variable and often complex symptom profile.,3-12 years,7.5,childhood (5-11),years,,False,False,True,True,False,,,tachycardia; flushing; urticaria; anaphylaxis; gi_symptoms; headache_migraine; palpitations,MCAS; MCAD; mast cell activation syndrome; mastocytosis,rule_based_v3,2026-04-16T20:48:33.969279,,False,False,False
PMC8342167,10.1155/2021/2727382,Utilization of Rituximab for Refractory Rowell Syndrome.,Case Rep Rheumatol,2021,2021,post-2017 (2017 international classification),case_report,True,,100,26,,"Case PresentationA 26-year-old African American female with a medical history of SLE, ESRD due to LN, remote history of Steven-Johnson Syndrome due to sulfa allergy, and resistant hypertension presented to the emergency department with painful, peeling, blistering, rash and fever.",,26,young adult (18-29),years,female,False,False,True,False,False,,,tachycardia; gi_symptoms,MCAD; mast cell activation syndrome,rule_based_v3,2026-04-16T20:48:34.461459,,False,False,False
PMC8193587,10.1177/1078155220953879,Safe administration of chemotherapy in mast cell activation syndrome.,J Oncol Pharm Pract,2021 Jun,2021,post-2017 (2017 international classification),case_report,True,,1,59,,Case reportWe present the case of a 59-year-old lady with stage 3 A grade 2 endometroid endometrial cancer who underwent successful surgical management.,,59,middle aged (45-59),years,male,False,False,True,True,False,,,flushing; anaphylaxis; fatigue; medication_sensitivity,MCAS; MCAD; mast cell activation syndrome; mastocytosis,rule_based_v3,2026-04-16T20:48:34.491526,,False,False,False
PMC8135458,10.1210/jendso/bvab048.1237,Reduced Visual Field Activity Due to Covid-19 in a Patient With a Pituitary Macroadenoma.,J Endocr Soc,2021 May 3,2021,post-2017 (2017 international classification),case_report,True,,1,61,,Clinical Case: A 61-year-old woman presented to the emergency room (ER) with complaints of headache in 6/2020.,,61,older adult (60-74),years,female,False,False,True,False,False,,,headache_migraine,MCAS,rule_based_v3,2026-04-16T20:48:34.494522,,False,False,False
PMC7962052,10.3390/ijms22052684,Mediator-Related Symptoms and Anaphylaxis in Children with Mastocytosis.,Int J Mol Sci,2021 Mar 7,2021,post-2017 (2017 international classification),animal_study,True,,720,3,,"Mean serum tryptase, measured in 131 children aged 3 months to 18 years and hospitalized due to temporary self-resolving symptoms, was low (2.",,3,early childhood (1-4),years,,False,False,True,True,False,,,tachycardia; syncope; flushing; urticaria; anaphylaxis; fatigue; gi_symptoms; medication_sensitivity,MCAS; MCAD; mastocytosis,rule_based_v3,2026-04-16T20:48:34.845309,,False,False,False
PMC7911219,10.3390/medicina57020124,Mast Cell Activation Disorders.,Medicina (Kaunas),2021 Jan 30,2021,post-2017 (2017 international classification),clinical_study,True,,2083,,neonate,8 out of 100 cases of systemic mastocytosis occur in children [29].,0-28 days,0,infant (<1),years,,False,False,True,True,False,MCAS consensus criteria,,syncope; flushing; urticaria; anaphylaxis; gi_symptoms; headache_migraine,MCAS; MCAD; mast cell activation syndrome; mastocytosis,rule_based_v3,2026-04-16T20:48:35.015354,,False,False,False
PMC7873102,10.1007/s11882-021-00988-y,Idiopathic Anaphylaxis: a Perplexing Diagnostic Challenge for Allergists.,Curr Allergy Asthma Rep,2021 Feb 9,2021,post-2017 (2017 international classification),animal_study,True,,11,68,,"Consequently, approximately 30-60% of cases of anaphylaxis in adults and 10% of cases in children are deemed idiopathic after an extensive evaluation [18-20].",,68,older adult (60-74),years,female,True,True,True,True,True,MCAS consensus criteria,,joint_hypermobility; chronic_pain; tachycardia; syncope; flushing; urticaria; anaphylaxis; gi_symptoms; palpitations,JHS; POTS; postural tachycardia syndrome; MCAS; MCAD; mast cell activation syndrome; mastocytosis,rule_based_v3,2026-04-16T20:48:35.181852,EDS_unspecified,True,False,False
PMC7813119,10.1002/ccr3.3509,Carbamazepine-induced Stevens-Johnson syndrome in a patient with history of methotrexate-induced mast cell activation syndrome.,Clin Case Rep,2021 Jan,2021,post-2017 (2017 international classification),clinical_study,True,,3,42,,1CASE REPORTA 42-year-old woman was presented to the hospital with history of methotrexate-induced pruritus and severe skin reaction.,,42,adult (30-44),years,female,False,False,True,False,False,,,,MCAS; mast cell activation syndrome,rule_based_v3,2026-04-16T20:48:35.211360,,False,False,False
PMC7646220,10.1007/s00277-020-04323-9,Catching the clinical and biological diversity for an appropriate therapeutic approach in systemic mastocytosis.,Ann Hematol,2021 Feb,2021,post-2017 (2017 international classification),clinical_study,True,,89,10,,,,10,childhood (5-11),years,,False,False,True,True,False,MCAS consensus criteria,,anaphylaxis; fatigue; gi_symptoms,mast cell activation syndrome; mastocytosis,rule_based_v3,2026-04-16T20:48:38.033594,,False,False,False
PMC7764306,10.3390/jcm9123992,"Pelvic Girdle Pain, Hypermobility Spectrum Disorder and Hypermobility-Type Ehlers-Danlos Syndrome: A Narrative Literature Review.",J Clin Med,2020 Dec 9,2020,post-2017 (2017 international classification),clinical_study,True,,21,50,,"Hypermobility-Type Ehlers-Danlos SyndromeThe precise criteria for a diagnosis of hEDS is well described in the 2017 international classification and developed around three criteria which have been summarised below [16]:
Generalised joint hypermobility
Diagnosed by the Beighton score (Figure 1), with...",,50,middle aged (45-59),years,female,True,False,False,False,False,2017 international classification; Villefranche; Beighton,,joint_hypermobility; subluxations_dislocations; chronic_pain; skin_hyperextensibility; neuropathy,EDS type III; hEDS; hypermobile EDS; JHS; HSD,rule_based_v3,2026-04-16T20:48:08.170922,hEDS_HSD,True,False,False
PMC7449847,10.4055/cios20103,Surgical Management of Shoulder and Knee Instability in Patients with Ehlers-Danlos Syndrome: Joint Hypermobility Syndrome.,Clin Orthop Surg,2020 Sep,2020,post-2017 (2017 international classification),clinical_study,True,,110,9,,18) also reported resolution of bilateral shoulder instability (multidirectional) in a 9-year-old patient with hEDS following bilateral arthroscopic thermal capsulorrhaphy of the shoulder.,,9,childhood (5-11),years,female,True,False,False,False,False,2017 international classification; Beighton,,joint_hypermobility; subluxations_dislocations; chronic_pain; skin_hyperextensibility; fatigue,hEDS; hypermobile EDS; JHS,rule_based_v3,2026-04-16T20:48:08.322302,hEDS_HSD,True,False,False
PMC7443168,10.1016/j.toxrep.2020.08.019,Assessment of naloxone as a therapeutic for inhaled carfentanil in the ferret.,Toxicol Rep,2020,2020,post-2017 (2017 international classification),animal_study,True,,1,,,,,,,years,male,True,False,False,False,False,,,,hEDS,rule_based_v3,2026-04-16T20:48:08.603780,hEDS_HSD,True,False,False
PMC7288446,10.3390/genes11050547,Molecular Genetics and Pathogenesis of Ehlers-Danlos Syndrome and Related Connective Tissue Disorders.,Genes (Basel),2020 May 13,2020,post-2017 (2017 international classification),animal_study,True,,34,,,,,,,years,,True,False,False,False,False,2017 international classification; Villefranche; Beighton,1,joint_hypermobility; skin_hyperextensibility,hEDS; hypermobile EDS; JHS; HSD,rule_based_v3,2026-04-16T20:48:08.694747,hEDS_HSD,True,False,False
PMC7225616,10.1016/j.ajoc.2020.100729,Myopic regression and recurrent Salzmann nodule degeneration after laser in situ keratomileusis in Ehlers Danlos Syndrome.,Am J Ophthalmol Case Rep,2020 Sep,2020,post-2017 (2017 international classification),animal_study,True,,11,21,,"1Case reportA 21-year-old, Caucasian woman with past medical history of hypermobile joints and intermittent arthralgias presented for refractive surgery evaluation for correction of myopia.",,21,young adult (18-29),years,female,True,True,True,False,False,,,joint_hypermobility; subluxations_dislocations; tachycardia; skin_hyperextensibility; easy_bruising; neuropathy; mitral_valve_prolapse,EDS type III; hypermobile EDS; JHS; POTS; postural tachycardia syndrome; MCAS; MCAD; mast cell activation syndrome,rule_based_v3,2026-04-16T20:48:08.723944,vascular_EDS,False,True,False
PMC7021465,10.1155/2020/8507929,Structured Rehabilitation Program for Multidirectional Shoulder Instability in a Patient with Ehlers-Danlos Syndrome.,Case Rep Orthop,2020,2020,post-2017 (2017 international classification),review_or_study,True,,1,14,,The patient was a 14-year-old female with EDS hypermobile type who suffered recurrent shoulder dislocation.,,14,adolescent (12-17),years,female,True,False,False,False,False,,,joint_hypermobility; subluxations_dislocations; chronic_pain,hypermobile EDS,rule_based_v3,2026-04-16T20:48:08.734935,hEDS_HSD,True,False,False
PMC7792263,10.1161/JAHA.120.015989,Serum Activity Against G Protein-Coupled Receptors and Severity of Orthostatic Symptoms in Postural Orthostatic Tachycardia Syndrome.,J Am Heart Assoc,2020 Aug 4,2020,post-2017 (2017 international classification),animal_study,True,,33,32,,Methods and ResultsForty-eight patients with POTS (aged 28.,,32,adult (30-44),years,,False,True,False,False,False,,,chronic_pain; orthostatic_intolerance; tachycardia; syncope; fatigue; gi_symptoms; brain_fog,POTS; postural tachycardia syndrome; dysautonomia,rule_based_v3,2026-04-16T20:48:23.907041,,False,False,False
PMC7685310,10.19102/icrm.2020.111102,New-onset Postural Orthostatic Tachycardia Syndrome Following Coronavirus Disease 2019 Infection.,J Innov Card Rhythm Manag,2020 Nov,2020,post-2017 (2017 international classification),case_report,True,,19,36,,"5-7 Case presentationA 36-year-old otherwise healthy female presented with fever, fatigue, and shortness of breath.",,36,adult (30-44),years,female,False,True,False,False,False,,,orthostatic_intolerance; tachycardia; syncope; fatigue; headache_migraine; palpitations,POTS; postural tachycardia syndrome,rule_based_v3,2026-04-16T20:48:23.915501,,False,False,False
PMC7274189,10.1093/aje/kwz284,"Hospital Records of Pain, Fatigue, or Circulatory Symptoms in Girls Exposed to Human Papillomavirus Vaccination: Cohort, Self-Controlled Case Series, and Population Time Trend Studies.",Am J Epidemiol,2020 Apr 2,2020,post-2017 (2017 international classification),review_or_study,True,,1,16,,The Danish childhood vaccination program offers HPV vaccine to girls aged 12-17 years.,,16,adolescent (12-17),years,female,False,True,False,False,False,,,tachycardia; syncope; fatigue; gi_symptoms; headache_migraine,POTS; postural tachycardia syndrome,rule_based_v3,2026-04-16T20:48:24.004500,,False,False,False
PMC7255540,10.7759/cureus.7868,Ivabradine in Postural Orthostatic Tachycardia Syndrome: A Review of the Literature.,Cureus,2020 Apr 28,2020,post-2017 (2017 international classification),clinical_study,True,,1,25,,The duration of treatment with ivabradine was variable with the earliest response observed just after two days of administration in a 25-year-old-female who had presented with symptoms for the past two weeks [43].,,25,young adult (18-29),years,female,False,True,False,False,False,2015 POTS consensus,,joint_hypermobility; chronic_pain; orthostatic_intolerance; tachycardia; syncope; fatigue; gi_symptoms; headache_migraine; neuropathy; palpitations,POTS; postural tachycardia syndrome,rule_based_v3,2026-04-16T20:48:24.071978,,False,False,False
PMC7139175,10.1177/2050313X20915413,Infectious mononucleosis complicated by peritonsillar abscess and postural orthostatic tachycardia syndrome: A case report.,SAGE Open Med Case Rep,2020,2020,post-2017 (2017 international classification),review_or_study,True,,1,17,,"Case reportA 17-year-old female presented to our hospital emergency department with a 4-day
history of worsening bilateral throat pain, more severe on the left side with
radiation to her ipsilateral ear, jaw and neck.",,17,adolescent (12-17),years,female,False,True,False,False,False,,,tachycardia; syncope; fatigue; gi_symptoms; headache_migraine; neuropathy,POTS; postural tachycardia syndrome,rule_based_v3,2026-04-16T20:48:24.083141,,False,False,False
PMC7903504,10.2174/1573403X16666200331123242,Acute Myocardial Infarction in Systemic Mastocytosis: Case Report With Literature Review on the Role of Inflammatory Process in Acute Coronary Syndrome.,Curr Cardiol Rev,2020,2020,post-2017 (2017 international classification),clinical_study,True,,23,78,,"2Case presentationWe present a case of a 78-year-old female with a past medical history of gastroesophageal reflux disease, subclinical hypothyroidism and recently diagnosed SM who was transferred to our institution for ST-elevation myocardial infarction.",,78,elderly (75+),years,female,True,False,False,True,False,,,syncope; anaphylaxis; gi_symptoms,mastocytosis,rule_based_v3,2026-04-16T20:48:33.891479,EDS_unspecified,True,False,False
PMC7688994,10.1016/j.ijscr.2020.11.028,Pancreatic neuroendocrine tumor presenting in indolent systemic mastocytosis: A case report.,Int J Surg Case Rep,2020,2020,post-2017 (2017 international classification),review_or_study,True,,1,58,,2Presentation of caseA 58-year-old woman with a history of ISM and mitral valve prolapse status post repair was diagnosed with a solid pancreatic lesion on ultrasound during an evaluation to assess degree of organomegaly in the setting of systemic mastocytosis.,,58,middle aged (45-59),years,female,False,False,True,True,False,,,tachycardia; flushing; urticaria; anaphylaxis; fatigue; gi_symptoms; mitral_valve_prolapse,mast cell activation syndrome; mastocytosis,rule_based_v3,2026-04-16T20:48:35.223028,,False,False,False
PMC7687689,10.1186/s12884-020-03336-6,CCT: continuous care trial - a randomized controlled trial of the provision of continuous care during labor by maternity care assistants in the Netherlands.,BMC Pregnancy Childbirth,2020 Nov 25,2020,post-2017 (2017 international classification),clinical_study,True,,1,18,,"Exclusion criteria will include being under the age of 18, being unable to speak, read or write the Dutch language, and women with a planned cesarean delivery.",,18,young adult (18-29),years,female,False,False,True,False,False,,,orthostatic_intolerance,MCAS,rule_based_v3,2026-04-16T20:48:35.272917,,False,False,False
PMC7327752,10.12659/AJCR.920606,Intracranial High-Grade Stenosis and Hyperhomocysteinemia Presenting as Cortical Subarachnoid Hemorrhage Concomitant with Acute Ischemic Stroke in a Young Man.,Am J Case Rep,2020 Jun 24,2020,post-2017 (2017 international classification),case_report,True,,1,33,,"Patient: Male, 33-year-oldFinal Diagnosis: Cortical subarachnoid hemorrhageSymptoms: Headache • weaknessMedication:-Clinical Procedure: -Specialty: NeurologyObjective:Rare co-existance of disease or pathologyBackground:Cortical subarachnoid hemorrhage (cSAH) is a rare clinical presentation with diff...",,33,adult (30-44),years,male,False,False,True,False,False,,,gi_symptoms; headache_migraine,MCAS,rule_based_v3,2026-04-16T20:48:38.047941,,False,False,False
PMC6677863,10.1016/j.jdcr.2019.05.028,Leukocytoclastic vasculitis with Koebner phenomenon associated with Ehlers Danlos syndrome.,JAAD Case Rep,2019 Aug,2019,post-2017 (2017 international classification),case_report,True,,1,51,,"Case reportA 51-year-old woman with a history of Ehlers Danlos syndrome, hypermobile type (diagnosed by a medical geneticist using the 2017 international classification criteria of generalized joint hypermobility, systemic manifestations of generalized connective tissue disorder, positive family his...",,51,middle aged (45-59),years,female,True,True,False,False,False,2017 international classification,,joint_hypermobility; tachycardia; easy_bruising; fatigue; gi_symptoms; medication_sensitivity,hypermobile EDS; JHS; postural tachycardia syndrome,rule_based_v3,2026-04-16T20:48:09.269115,EDS_mentioned_but_excluded,False,False,True
PMC6501436,10.1093/jhps/hnz004,Comparable patient-reported outcomes in females with or without joint hypermobility after hip arthroscopy and capsular plication for femoroacetabular impingement syndrome.,J Hip Preserv Surg,2019 Jan,2019,post-2017 (2017 international classification),clinical_study,True,,106,16,,"Exclusion criteria were patients under the age of 16 or above 50 at the time of surgery, functional illiteracy, patients with prior history of pediatric deformities (congenital hip dislocation, slipped capital femoral epiphysis or Perthes disease), osteoarthritis or joint space narrowing <2 mm (Tönn...",,16,adolescent (12-17),years,female,True,False,False,False,False,Beighton,1,joint_hypermobility; subluxations_dislocations,JHS,rule_based_v3,2026-04-16T20:48:09.393165,hEDS_HSD,True,False,False
PMC6452458,10.1002/ccr3.2070,"Hypermobile type Ehlers-Danlos syndrome associated with hypogammaglobulinemia and fibromyalgia: A case-based review on new classification, diagnosis, and multidisciplinary management.",Clin Case Rep,2019 Apr,2019,post-2017 (2017 international classification),case_report,True,,1,54,,2CASE PRESENTATIONA pleasant 54-year-old white female was referred to the resident clinic to establish care by her previous primary care physician (PCP).,,54,middle aged (45-59),years,female,True,False,True,False,False,2017 international classification; Villefranche; Beighton,5,joint_hypermobility; subluxations_dislocations; chronic_pain; syncope; flushing; anaphylaxis; skin_hyperextensibility; fatigue; gi_symptoms; neuropathy; mitral_valve_prolapse; palpitations,hEDS; hypermobile EDS; JHS; dysautonomia; MCAD; mast cell activation syndrome,rule_based_v3,2026-04-16T20:48:09.422296,hEDS_HSD,True,False,False
PMC6335977,10.12659/AJCR.912799,"Anesthetic Management for Ehlers-Danlos Syndrome, Hypermobility Type Complicated by Local Anesthetic Allergy: A Case Report.",Am J Case Rep,2019 Jan 10,2019,post-2017 (2017 international classification),case_report,True,,1,22,,"Case Report:Our patient was a 22-year-old G4P0030 woman with a history of morbid obesity, seizures, Barrett’s esophagus, hypermobility being evaluated for Ehlers-Danlos syndrome, and anaphylaxis to an unknown local anesthetic who was scheduled for cesarean delivery.",,22,young adult (18-29),years,female,True,True,False,False,False,,,joint_hypermobility; subluxations_dislocations; chronic_pain; tachycardia; anaphylaxis; skin_hyperextensibility; fatigue; gi_symptoms; palpitations,EDS hypermobility type; JHS; POTS; postural tachycardia syndrome; dysautonomia,rule_based_v3,2026-04-16T20:48:09.484429,hEDS_HSD,True,False,False
PMC6806054,10.1161/JAHA.119.014084,Hop to It: The First Animal Model of Autoimmune Postural Orthostatic Tachycardia Syndrome.,J Am Heart Assoc,2019 Oct,2019,post-2017 (2017 international classification),animal_study,True,,1,,,,,,,years,,False,True,False,False,False,,,tachycardia,postural tachycardia syndrome,rule_based_v3,2026-04-16T20:48:24.085314,,False,False,False
PMC6766258,10.1155/2019/3787586,Efficacy of Omalizumab in Indolent Systemic Mastocytosis.,Case Rep Hematol,2019,2019,post-2017 (2017 international classification),review_or_study,True,,6,28,,Patient 1A 28-year-old male developed urticaria pigmentosa confirmed by skin biopsy in 2008.,,28,young adult (18-29),years,female,False,False,True,True,False,,,syncope; flushing; urticaria; anaphylaxis; gi_symptoms; headache_migraine; palpitations; medication_sensitivity,mast cell activation syndrome; mastocytosis,rule_based_v3,2026-04-16T20:48:39.669441,,False,False,False
PMC6768441,10.1002/cti2.1075,Successful treatment of idiopathic mast cell activation syndrome with low-dose Omalizumab.,Clin Transl Immunology,2019,2019,post-2017 (2017 international classification),clinical_study,True,,56,48,,"Case reportOur case, a 48-year-old man, presented in January 2011 after suffering a road traffic accident.",,48,middle aged (45-59),years,male,False,False,True,True,False,,,chronic_pain; syncope; urticaria; anaphylaxis; gi_symptoms; headache_migraine; medication_sensitivity,MCAS; MCAD; mast cell activation syndrome,rule_based_v3,2026-04-16T20:48:39.683419,,False,False,False
PMC6472224,10.4103/0972-2327.144289,Study of Middle Cerebral Artery in Human Cadaveric Brain.,Ann Indian Acad Neurol,2019 Apr-Jun,2019,post-2017 (2017 international classification),case_report,True,,1,,,,,,,years,,False,False,True,False,False,,,,MCAS,rule_based_v3,2026-04-16T20:48:39.898223,,False,False,False
PMC6387409,10.3390/ijms20030552,Bone Marrow Mast Cell Antibody-Targetable Cell Surface Protein Expression Profiles in Systemic Mastocytosis.,Int J Mol Sci,2019 Jan 28,2019,post-2017 (2017 international classification),case_report,True,,166,,child,,3-12 years,7.5,childhood (5-11),years,,False,False,True,True,False,,,chronic_pain; tachycardia; anaphylaxis,MCAD; mast cell activation syndrome; mastocytosis,rule_based_v3,2026-04-16T20:48:40.051902,,False,False,False
PMC6292952,10.3389/fpsyt.2018.00656,"Autism, Joint Hypermobility-Related Disorders and Pain.",Front Psychiatry,2018,2018,post-2017 (2017 international classification),animal_study,True,,102,15,,"First, Fehlow and Tennstedt (48) in a German publication presented the case of a 15-year-old boy with an autistic syndrome and EDS type I (current classical type) having JH, skin extensibility, moderate bleeding tendencies and deformity of the thorax.",,15,adolescent (12-17),years,female,True,False,True,False,False,2017 international classification,,joint_hypermobility; subluxations_dislocations; chronic_pain; skin_hyperextensibility; easy_bruising; fatigue; headache_migraine,hEDS; hypermobile EDS; JHS; HSD; dysautonomia; mast cell activation syndrome,rule_based_v3,2026-04-16T20:48:09.523033,hEDS_HSD,True,False,False
PMC6250522,10.1097/MD.0000000000013115,Management of chronic pain in Ehlers-Danlos syndrome: Two case reports and a review of literature.,Medicine (Baltimore),2018 Nov,2018,post-2017 (2017 international classification),case_report,True,,2,41,,,,41,adult (30-44),years,male,True,False,False,False,False,Villefranche,,joint_hypermobility; subluxations_dislocations; chronic_pain; skin_hyperextensibility; easy_bruising; fatigue; neuropathy; medication_sensitivity,EDS hypermobility type; JHS; dysautonomia,rule_based_v3,2026-04-16T20:48:09.622398,hEDS_HSD,True,False,False
PMC6136482,10.1155/2018/5053825,Ehlers-Danlos Syndrome: Not Just Joint Hypermobility.,Case Rep Med,2018,2018,post-2017 (2017 international classification),case_report,True,,1,60,,We report a 60-year-old woman with arthralgia and back pain lasting for several months and recent metatarsophalangeal luxation of the left toe who was discovered to have Ehlers-Danlos syndrome.,,60,older adult (60-74),years,female,True,False,False,False,False,Villefranche; Beighton,,joint_hypermobility; subluxations_dislocations; chronic_pain; fatigue; neuropathy; mitral_valve_prolapse,JHS,rule_based_v3,2026-04-16T20:48:09.657473,hEDS_HSD,True,False,False
PMC6087563,10.1155/2018/4854701,Gastrointestinal Symptoms in Marfan Syndrome and Hypermobile Ehlers-Danlos Syndrome.,Gastroenterol Res Pract,2018,2018,post-2017 (2017 international classification),clinical_study,True,,90,19,,"Data was collected from 45 MS patients (12 males and 33 females, age 19-41, mean 28 years) with no organic gastrointestinal diagnosis.",,19,young adult (18-29),years,,True,False,False,False,False,2017 international classification; Villefranche; Beighton,,joint_hypermobility; subluxations_dislocations; chronic_pain; skin_hyperextensibility; easy_bruising; fatigue; gi_symptoms,hEDS; hypermobile EDS; JHS,rule_based_v3,2026-04-16T20:48:09.689682,hEDS_HSD,True,False,False
PMC6100124,10.1177/1756286418793766,Application of immunotherapy for neurological manifestations in hypermobile Ehlers-Danlos syndrome.,Ther Adv Neurol Disord,2018,2018,post-2017 (2017 international classification),case_report,True,,1892,41,,7 Case reportsCase 1: the patient was a 41-year-old homemaker.,,41,adult (30-44),years,female,True,False,False,False,False,,,joint_hypermobility; subluxations_dislocations; chronic_pain; tachycardia; anaphylaxis; skin_hyperextensibility; gi_symptoms; neuropathy,EDS type III; hEDS; hypermobile EDS; MCAD,rule_based_v3,2026-04-16T20:48:09.712705,hEDS_HSD,True,False,False
PMC6052501,10.1177/2325967118785170,Anterior Cruciate Ligament Reconstruction With Achilles Tendon Allograft in a Patient With Ehlers-Danlos Syndrome.,Orthop J Sports Med,2018 Jul,2018,post-2017 (2017 international classification),case_report,True,,1,25,,Case ReportOur patient was a 25-year-old man who worked as a physically active security site supervisor.,,25,young adult (18-29),years,male,True,False,False,False,False,Beighton,5,joint_hypermobility; subluxations_dislocations; skin_hyperextensibility; headache_migraine,JHS,rule_based_v3,2026-04-16T20:48:09.878187,hEDS_HSD,True,False,False
PMC6050812,10.1177/2515841418788303,A rare case of bilateral spontaneous indirect caroticocavernous fistula treated previously as a case of conjunctivitis.,Ther Adv Ophthalmol,2018 Jan-Dec,2018,post-2017 (2017 international classification),case_report,True,,42,66,,"A 66 year old patient presented in the eye casualty at North
Devon District Hospital in January 2016, referred from her General practitioner
complaining of bilateral red eyes.",,66,older adult (60-74),years,female,True,False,False,False,False,,,headache_migraine,,rule_based_v3,2026-04-16T20:48:10.003702,EDS_unspecified,True,False,False
PMC6016292,10.1589/jpts.30.847,Hypermobile Ehlers-Danlos syndrome and rehabilitation: taking stock of evidence based medicine: a systematic review of the literature.,J Phys Ther Sci,2018 Jun,2018,post-2017 (2017 international classification),review_or_study,True,,12,,,,,,,years,,True,False,False,False,False,Villefranche; Beighton,4,joint_hypermobility; subluxations_dislocations; chronic_pain; skin_hyperextensibility; easy_bruising,hEDS; hypermobile EDS; JHS,rule_based_v3,2026-04-16T20:48:10.184835,hEDS_HSD,True,False,False
PMC5926514,10.1155/2018/8714819,Postural Tachycardia Syndrome and Vasovagal Syncope: A Hidden Case of Obstructive Cardiomyopathy without Severe Septal Hypertrophy.,Case Rep Cardiol,2018,2018,post-2017 (2017 international classification),case_report,True,,1,36,,A 36-year-old female with symptoms of orthostatic intolerance and syncope was diagnosed with vasovagal syncope on a tilt table test and with postural tachycardia syndrome (POTS) after a repeat tilt table test.,,36,adult (30-44),years,female,False,True,False,False,False,,,orthostatic_intolerance; tachycardia; syncope; gi_symptoms; palpitations,POTS; postural tachycardia syndrome,rule_based_v3,2026-04-16T20:48:24.096266,,False,False,False
PMC5845505,10.1155/2018/2956387,From Postural Orthostatic Tachycardia Syndrome to Radiologically Isolated Syndrome.,Case Rep Neurol Med,2018,2018,post-2017 (2017 international classification),review_or_study,True,,1,30,,"Case PresentationOur patient is a 30-year old woman, previously healthy, who presented to the outpatient cardiology clinic for episodes of postural lightheadedness and subjective tremulousness of her whole body.",,30,adult (30-44),years,female,True,True,False,False,False,,,tachycardia; fatigue; gi_symptoms,POTS; postural tachycardia syndrome,rule_based_v3,2026-04-16T20:48:24.102078,EDS_unspecified,True,False,False
PMC5778345,10.1136/bcr-2017-221405,"Successful treatment of postural orthostatic tachycardia and mast cell activation syndromes using naltrexone, immunoglobulin and antibiotic treatment.",BMJ Case Rep,2018 Jan 11,2018,post-2017 (2017 international classification),case_report,True,,12,43,,"Case presentationCaseA 43-year-old Caucasian femaleF experienced MCAS symptoms at age 18: specific foods and odours caused flushing, rashes, itching, wheezing, dizziness and nausea.",,43,adult (30-44),years,,True,True,True,False,True,,,chronic_pain; orthostatic_intolerance; tachycardia; syncope; flushing; urticaria; fatigue; gi_symptoms; headache_migraine; neuropathy; palpitations; medication_sensitivity,hypermobile EDS; POTS; postural tachycardia syndrome; MCAS; MCAD; mast cell activation syndrome,rule_based_v3,2026-04-16T20:48:24.136510,hEDS_HSD,True,False,False
PMC6157556,10.1136/bcr-2018-224689,Mast cell deposition and activation may be a new explanation for epiploic appendagitis.,BMJ Case Rep,2018 Sep 23,2018,post-2017 (2017 international classification),animal_study,True,,660,40,,"Case presentationA 40-year-old Caucasian woman with a history of migraines, gastro-oesophageal reflux, nausea, IBS-diarrhoea and many other idiopathic syndromes suffered with constant abdominal pain with episodic attacks of severe abdominal pain over the past year.",,40,adult (30-44),years,female,True,True,True,True,True,Beighton,5,joint_hypermobility; subluxations_dislocations; chronic_pain; tachycardia; syncope; flushing; urticaria; skin_hyperextensibility; fatigue; gi_symptoms; headache_migraine,hEDS; hypermobile EDS; JHS; POTS; postural tachycardia syndrome; MCAS; MCAD; mast cell activation syndrome; mastocytosis,rule_based_v3,2026-04-16T20:48:40.262863,hEDS_HSD,True,False,False
PMC6057401,10.1155/2018/6928571,Aggressive Systemic Mastocytosis in Association with Pure Red Cell Aplasia.,Case Rep Hematol,2018,2018,post-2017 (2017 international classification),case_report,True,,1,64,,"Patient's Symptoms/HistoryA 64-year-old white male, with past medical history of depression, presented with progressive weakness, unintentional weight loss, and exercise intolerance since past 1 month.",,64,older adult (60-74),years,male,False,False,True,True,False,,,anaphylaxis; gi_symptoms,mastocytosis,rule_based_v3,2026-04-16T20:48:40.326548,,False,False,False
PMC6002427,10.1007/s12016-017-8619-2,Mastocytosis: from a Molecular Point of View.,Clin Rev Allergy Immunol,2018 Jun,2018,post-2017 (2017 international classification),animal_study,True,,1,61,,The typical mastocytosis of childhood is usually cutaneous and transient whereas in adulthood the systemic form is more common [7].,,61,older adult (60-74),years,,False,False,True,True,False,,,tachycardia; syncope; flushing; urticaria; anaphylaxis; gi_symptoms; headache_migraine,MCAS; MCAD; mast cell activation syndrome; mastocytosis,rule_based_v3,2026-04-16T20:48:40.427744,,False,False,False
PMC5987329,10.1155/2018/8920921,Management of a Parturient with Mast Cell Activation Syndrome: An Anesthesiologist's Experience.,Case Rep Anesthesiol,2018,2018,post-2017 (2017 international classification),case_report,True,,1,24,,CaseA 24-year-old female G3P2 was admitted for induction of labor at 39 weeks' gestation.,,24,young adult (18-29),years,female,False,False,True,False,False,,,urticaria; anaphylaxis; gi_symptoms,MCAS; mast cell activation syndrome,rule_based_v3,2026-04-16T20:48:40.439942,,False,False,False
PMC5881244,10.3389/fped.2018.00073,Idiopathic Mast Cell Activation Syndrome With Associated Salicylate Intolerance.,Front Pediatr,2018,2018,post-2017 (2017 international classification),case_report,True,,1,13,,We present a 13-year-old boy who suffered from a multitude of unspecific complaints over a long period of time.,,13,adolescent (12-17),years,male,False,False,True,True,False,,,chronic_pain; tachycardia; syncope; flushing; urticaria; fatigue; gi_symptoms; headache_migraine,MCAD; mast cell activation syndrome; mastocytosis,rule_based_v3,2026-04-16T20:48:40.479061,,False,False,False
PMC6652450,10.1093/rap/rkx014.002,13. Pain in joint hypermobility syndrome.,Rheumatol Adv Pract,2017 Oct,2017,2017 (transition year),case_report,True,,1,36,,"Case description: Ms H, a 36 year old lady presented with an eight month history of widespread joint pain.",,36,adult (30-44),years,female,True,False,False,False,False,Beighton,8,joint_hypermobility; subluxations_dislocations; chronic_pain; orthostatic_intolerance; headache_migraine,JHS,rule_based_v3,2026-04-16T20:48:09.243201,hEDS_HSD,True,False,False
PMC5773269,10.7759/cureus.1828,Visceroptosis and the Ehlers-Danlos Syndrome.,Cureus,2017 Nov 8,2017,2017 (transition year),case_report,True,,1,,,My childhood was very active.,,,,years,male,True,False,False,False,False,,,joint_hypermobility; chronic_pain; tachycardia; skin_hyperextensibility; fatigue; gi_symptoms; neuropathy,EDS hypermobility type; JHS; dysautonomia,rule_based_v3,2026-04-16T20:48:10.291344,hEDS_HSD,True,False,False
PMC5675945,10.2169/internalmedicine.8758-16,Mobile Cecum in a Young Woman with Ehlers-Danlos Syndrome Hypermobility type: A Case Report and Review of the Literature.,Intern Med,2017 Oct 15,2017,2017 (transition year),case_report,True,,1,21,,A 21-year-old woman with repeated right lower abdominal pain was initially diagnosed with EDS-HT.,,21,young adult (18-29),years,female,True,True,False,False,False,Villefranche; Brighton; Beighton,5,joint_hypermobility; chronic_pain; orthostatic_intolerance; tachycardia; skin_hyperextensibility; fatigue; gi_symptoms; headache_migraine; palpitations,EDS hypermobility type; JHS; POTS; postural tachycardia syndrome,rule_based_v3,2026-04-16T20:48:10.316875,hEDS_HSD,True,False,False
PMC5530413,10.1155/2017/2081725,Spontaneous Diaphragmatic Rupture in Hypermobile Type Ehlers-Danlos Syndrome.,Case Rep Surg,2017,2017,2017 (transition year),case_report,True,,1,27,,"Case Description A 27-year-old woman with EDS type III, depression, gastroesophageal reflux, and hypothyroid disease was transferred to our institution with a four-day history of left chest and left upper quadrant abdominal pain.",,27,young adult (18-29),years,female,True,False,False,False,False,,,joint_hypermobility; skin_hyperextensibility; easy_bruising; gi_symptoms,EDS type III; hypermobile EDS,rule_based_v3,2026-04-16T20:48:10.323857,hEDS_HSD,True,False,False
PMC5538080,10.1002/ccr3.1046,Ehlers-Danlos hypermobility type in an adult with chronic pain and fatigue: a case study.,Clin Case Rep,2017 Aug,2017,2017 (transition year),case_report,True,,1,40,,"Our patient was a 40-year-old female with chronic joint pain, fatigue, headaches and GI complaints.",,40,adult (30-44),years,female,True,True,True,False,True,Beighton,5,joint_hypermobility; subluxations_dislocations; chronic_pain; skin_hyperextensibility; easy_bruising; fatigue; gi_symptoms; headache_migraine; neuropathy,EDS hypermobility type; JHS; POTS,rule_based_v3,2026-04-16T20:48:10.340276,hEDS_HSD,True,False,False
PMC5414293,10.1186/s12916-017-0850-4,Application of real-time global media monitoring and 'derived questions' for enhancing communication by regulatory bodies: the case of human papillomavirus vaccines.,BMC Med,2017 May 2,2017,2017 (transition year),case_report,True,,1,10,,,,10,childhood (5-11),years,female,False,True,False,False,False,,,tachycardia; fatigue; medication_sensitivity,POTS; postural tachycardia syndrome,rule_based_v3,2026-04-16T20:48:24.449824,,False,False,False
PMC5209415,10.1007/s40264-016-0456-3,Current Safety Concerns with Human Papillomavirus Vaccine: A Cluster Analysis of Reports in VigiBase(®).,Drug Saf,2017 Jan,2017,2017 (transition year),case_report,True,,694,9,,"Using proportional reporting ratios, the combination of headache and dizziness with either fatigue or syncope was found to be more commonly reported in HPV vaccine reports compared with non-HPV vaccine reports for females aged 9-25 years.",,9,childhood (5-11),years,,False,True,False,False,False,,,chronic_pain; orthostatic_intolerance; tachycardia; syncope; fatigue; gi_symptoms; headache_migraine; neuropathy; palpitations,POTS; postural tachycardia syndrome,rule_based_v3,2026-04-16T20:48:24.485103,,False,False,False
PMC5946163,10.12688/f1000research.13343.1,Case Report: Treatment of systemic mastocytosis with sunitinib.,F1000Res,2017,2017,2017 (transition year),animal_study,True,,1,58,,"Case presentationA 58-year-old man presented to our
Interdisciplinary Multicenter Research Group for Systemic Mast Cell Diseases for therapy of his progressive aggressive systemic mastocytosis (ASM,
Table S1 and
Table S2), diagnosed according to the WHO criteria (
Table S3), which remained significa...",,58,middle aged (45-59),years,male,False,False,True,True,False,,,fatigue; medication_sensitivity,MCAD; mast cell activation syndrome; mastocytosis,rule_based_v3,2026-04-16T20:48:40.464788,,False,False,False
PMC5640882,10.3389/fped.2017.00215,Mucinous Cystadenoma: A Rare Hepatic Tumor in a Child.,Front Pediatr,2017,2017,2017 (transition year),case_report,True,,22,6,,"Herein, we present a MCA in a 6-year-old male, one of only very few such cases described in the pediatric literature to date.",,6,childhood (5-11),years,male,False,False,True,False,False,,,gi_symptoms,MCAS,rule_based_v3,2026-04-16T20:48:40.549913,,False,False,False
PMC5402659,10.1186/s13256-017-1278-3,Continuous diphenhydramine infusion and imatinib for KIT-D816V-negative mast cell activation syndrome: a case report.,J Med Case Rep,2017 Apr 24,2017,2017 (transition year),clinical_study,True,,14,18,,Case presentationAn 18-year-old white girl presented with a flare of mast cell activation syndrome and received epinephrine and steroids.,,18,young adult (18-29),years,female,False,False,True,True,False,,,syncope; flushing; urticaria; anaphylaxis; gi_symptoms,MCAS; MCAD; mast cell activation syndrome; mastocytosis,rule_based_v3,2026-04-16T20:48:41.155101,,False,False,False
PMC5402055,10.1186/s13223-017-0193-x,Systemic mastocytosis with KIT V560G mutation presenting as recurrent episodes of vascular collapse: response to disodium cromoglycate and disease outcome.,Allergy Asthma Clin Immunol,2017,2017,2017 (transition year),animal_study,True,,123,15,,"Case presentationA 15-year old boy was referred to our hospital because of repeated episodes of flushing, hypotension and syncope since the age of 3-years, preceded by skin lesions compatible with mastocytosis on histopathology that had disappeared in the late-early childhood.",,15,adolescent (12-17),years,male,False,False,True,True,False,MCAS consensus criteria,,tachycardia; syncope; flushing; urticaria; anaphylaxis; fatigue; gi_symptoms; headache_migraine,MCAS; MCAD; mastocytosis,rule_based_v3,2026-04-16T20:48:41.211810,,False,False,False
PMC4932739,10.1186/s12888-016-0922-6,Nationwide population-based cohort study of psychiatric disorders in individuals with Ehlers-Danlos syndrome or hypermobility syndrome and their siblings.,BMC Psychiatry,2016 Jul 4,2016,pre-2017 (Villefranche/Brighton era),clinical_study,True,,253,,child,ASD was also identified via the Clinical Registry for Child and Adolescent Psychiatry in Stockholm County [16] (ICD-10: F84 and DSM-IV: 299).,3-12 years,7.5,childhood (5-11),years,,True,False,False,False,False,Villefranche; Beighton,,joint_hypermobility; chronic_pain,JHS; HSD,rule_based_v3,2026-04-16T20:48:10.808306,hEDS_HSD,True,False,False
PMC4930805,10.1155/2016/8542158,Cooccurrence of Postural Orthostatic Tachycardia Syndrome with Two Different Clinical Entities.,Case Rep Pediatr,2016,2016,pre-2017 (Villefranche/Brighton era),animal_study,True,,1,13,,"In our report, the first case was a 13-year-old female who has been followed up for diagnosis of homocystinuria.",,13,adolescent (12-17),years,female,False,True,False,False,False,,,orthostatic_intolerance; tachycardia; syncope; neuropathy,POTS; postural tachycardia syndrome,rule_based_v3,2026-04-16T20:48:24.493136,,False,False,False
PMC5323235,10.18632/oncotarget.11812,Mast cell sarcoma: new cases and literature review.,Oncotarget,2016 Oct 4,2016,pre-2017 (Villefranche/Brighton era),case_report,True,,23,100,,"This could suggest that careful clinical long-term follow-up of children and young adults with mastocytosis is necessary and may include examinations of the head, ears and skull for the children.",,100,elderly (75+),years,female,False,False,True,True,False,,,tachycardia; flushing; urticaria; gi_symptoms,MCAS; MCAD; mastocytosis,rule_based_v3,2026-04-16T20:48:41.463340,,False,False,False
PMC5121168,10.1007/s40521-016-0103-3,"Mast Cell Clonal Disorders: Classification, Diagnosis and Management.",Curr Treat Options Allergy,2016,2016,pre-2017 (Villefranche/Brighton era),review_or_study,True,,1,,child,"Adults more often suffer from SM, whereas children mainly suffer from CM.",3-12 years,7.5,childhood (5-11),years,male,False,False,True,True,False,,,flushing; urticaria; anaphylaxis; fatigue; gi_symptoms,mast cell activation syndrome; mastocytosis,rule_based_v3,2026-04-16T20:48:41.689728,,False,False,False
PMC5112577,10.12688/f1000research.9565.1,Advances in the understanding and clinical management of mastocytosis and clonal mast cell activation syndromes.,F1000Res,2016,2016,pre-2017 (Villefranche/Brighton era),case_report,True,,1,23,,,,23,young adult (18-29),years,,False,False,True,True,False,MCAS consensus criteria,,flushing; urticaria; anaphylaxis; gi_symptoms; headache_migraine,MCAS; MCAD; mast cell activation syndrome; mastocytosis,rule_based_v3,2026-04-16T20:48:42.664851,,False,False,False
PMC5014939,10.1155/2016/5169056,FLAIR Hyperintense Vessel Sign of Both MCAs with Severe Heart Failure.,Case Rep Neurol Med,2016,2016,pre-2017 (Villefranche/Brighton era),case_report,True,,1,75,,A 75-year-old woman presented with suddenly developed gait disturbance.,,75,elderly (75+),years,female,False,False,True,False,False,,,mitral_valve_prolapse,MCAS,rule_based_v3,2026-04-16T20:48:42.700876,,False,False,False
PMC4903110,10.1007/s00210-016-1247-1,Pharmacological treatment options for mast cell activation disease.,Naunyn Schmiedebergs Arch Pharmacol,2016 Jul,2016,pre-2017 (Villefranche/Brighton era),animal_study,True,,1,,child,,3-12 years,7.5,childhood (5-11),years,,False,False,True,True,False,MCAS consensus criteria,,tachycardia; flushing; anaphylaxis; gi_symptoms; neuropathy; medication_sensitivity,MCAS; MCAD; mast cell activation syndrome; mastocytosis,rule_based_v3,2026-04-16T20:48:44.508389,,False,False,False
PMC4771862,10.1002/ccr3.505,Systemic mastocytosis presenting as cardiac tamponade with CD25(+) pericardial mast cells.,Clin Case Rep,2016 Mar,2016,pre-2017 (Villefranche/Brighton era),case_report,True,,1,59,,,,59,middle aged (45-59),years,,False,False,True,True,False,,,,mastocytosis,rule_based_v3,2026-04-16T20:48:44.562870,,False,False,False
PMC4549537,10.1155/2015/680252,Complex Scapular Winging following Total Shoulder Arthroplasty in a Patient with Ehlers-Danlos Syndrome.,Case Rep Orthop,2015,2015,pre-2017 (Villefranche/Brighton era),case_report,True,,1,45,,"Case ReportThe patient is a 45-year-old right-hand-dominant female (height: 180 cm; weight: 68 kg; BMI: 21) who presented to our clinic on April 25, 2013, with a chief complaint of moderate-to-severe right shoulder pain.",,45,middle aged (45-59),years,female,True,False,False,False,False,,,joint_hypermobility; chronic_pain; neuropathy,EDS type III; hypermobile EDS,rule_based_v3,2026-04-16T20:48:10.878618,hEDS_HSD,True,False,False
PMC4502630,10.1055/s-0034-1544106,A Case Report and Review of Postural Orthostatic Tachycardia Syndrome in Pregnancy.,AJP Rep,2015 Apr,2015,pre-2017 (Villefranche/Brighton era),review_or_study,True,,2,34,,"Case DescriptionCase 1A 34-year-old Caucasian woman, gravida 2, para 1,001, was referred at 9 weeks to our Maternal-Fetal Medicine clinic for a pregnancy complicated by POTS (physical deconditioning type).",,34,adult (30-44),years,female,False,True,False,False,False,,,orthostatic_intolerance; tachycardia; syncope; fatigue; neuropathy; brain_fog; palpitations,POTS; postural tachycardia syndrome,rule_based_v3,2026-04-16T20:48:24.554225,,False,False,False
PMC4452321,10.1155/2015/545029,Treatment of Refractory Postural Tachycardia Syndrome with Subcutaneous Octreotide Delivered Using an Insulin Pump.,Case Rep Med,2015,2015,pre-2017 (Villefranche/Brighton era),case_report,True,,1,24,,Case  1A 24-year-old woman presented with sudden onset of recurrent light-headedness and severe orthostatic intolerance relieved with recumbence following a pyrexial illness.,,24,young adult (18-29),years,female,False,True,False,False,False,,,orthostatic_intolerance; tachycardia; fatigue; gi_symptoms; headache_migraine; palpitations,POTS; postural tachycardia syndrome,rule_based_v3,2026-04-16T20:48:24.575747,,False,False,False
PMC4616764,10.1097/MD.0000000000001414,A French National Survey on Clotting Disorders in Mastocytosis.,Medicine (Baltimore),2015 Oct,2015,pre-2017 (Villefranche/Brighton era),clinical_study,True,,2,46,,"From our cohort of 14 adult patients with clotting abnormalities (median age 46 years [range 26-75]), 4 had a presentation suggestive of a primary hemostasis disorder alone (by their symptoms and/or abnormal clotting tests [PFA, von Willebrand's disease [vWD] screening]) and 10 had a laboratory impa...",,46,middle aged (45-59),years,,False,False,True,True,False,,,orthostatic_intolerance; anaphylaxis,MCAS; MCAD; mast cell activation syndrome; mastocytosis,rule_based_v3,2026-04-16T20:48:45.039504,,False,False,False
PMC4453286,10.1186/s13054-015-0956-z,Critical care management of systemic mastocytosis: when every wasp is a killer bee.,Crit Care,2015 Jun 3,2015,pre-2017 (Villefranche/Brighton era),case_report,True,,13,,,,,,,years,,False,False,True,True,False,,,tachycardia; flushing; urticaria; anaphylaxis; gi_symptoms; headache_migraine; medication_sensitivity,MCAD; mast cell activation syndrome; mastocytosis,rule_based_v3,2026-04-16T20:48:45.423081,,False,False,False
PMC4300794,,Neurological manifestations of Ehlers-Danlos syndrome(s): A review.,Iran J Neurol,2014 Oct 6,2014,pre-2017 (Villefranche/Brighton era),clinical_study,True,,40,37,,"first report headache, drop attacks and white matter abnormalities in a 37-year-old woman with EDS with parodontitis.",,37,adult (30-44),years,female,True,False,False,False,False,Villefranche; Brighton; Beighton,,joint_hypermobility; subluxations_dislocations; chronic_pain; orthostatic_intolerance; tachycardia; skin_hyperextensibility; easy_bruising; fatigue; headache_migraine; neuropathy; chiari,EDS type III; EDS hypermobility type; JHS; HSD; dysautonomia,rule_based_v3,2026-04-16T20:48:11.131688,hEDS_HSD,True,False,False
PMC4223622,10.1186/s13023-014-0109-5,Recommendations for anesthesia and perioperative management in patients with Ehlers-Danlos syndrome(s).,Orphanet J Rare Dis,2014 Jul 23,2014,pre-2017 (Villefranche/Brighton era),clinical_study,True,,26,,,"In children with EDS, Mast et al.",,,,years,,True,True,False,False,False,Villefranche,,joint_hypermobility; subluxations_dislocations; chronic_pain; tachycardia; skin_hyperextensibility; easy_bruising; gi_symptoms; headache_migraine; neuropathy,EDS type III; hypermobile EDS; JHS; POTS; postural tachycardia syndrome,rule_based_v3,2026-04-16T20:48:11.681190,vascular_EDS,False,True,False
PMC4009270,10.1155/2014/171803,Ehlers-danlos syndrome-hypermobility type and hemorrhoids.,Case Rep Surg,2014,2014,pre-2017 (Villefranche/Brighton era),case_report,True,,1,34,,Case PresentationA 34-year-old obese female was referred to general surgery for chronic bleeding hemorrhoids.,,34,adult (30-44),years,female,True,False,False,False,False,Villefranche,,joint_hypermobility; subluxations_dislocations; chronic_pain; skin_hyperextensibility; gi_symptoms; chiari,EDS hypermobility type; JHS,rule_based_v3,2026-04-16T20:48:11.716441,hEDS_HSD,True,False,False
PMC4528866,10.1177/2324709614527812,"Postural Orthostatic Tachycardia With Chronic Fatigue After HPV Vaccination as Part of the ""Autoimmune/Auto-inflammatory Syndrome Induced by Adjuvants"": Case Report and Literature Review.",J Investig Med High Impact Case Rep,2014 Jan-Mar,2014,pre-2017 (Villefranche/Brighton era),animal_study,True,,1,14,,We report the case of a 14-year-old girl who developed postural orthostatic tachycardia syndrome (POTS) with chronic fatigue 2 months following Gardasil vaccination.,,14,adolescent (12-17),years,female,False,True,False,False,False,,,chronic_pain; orthostatic_intolerance; tachycardia; syncope; fatigue; gi_symptoms; headache_migraine; neuropathy; brain_fog; palpitations; medication_sensitivity,POTS; postural tachycardia syndrome,rule_based_v3,2026-04-16T20:48:24.540592,,False,False,False
PMC4177336,10.1186/s12967-014-0249-3,Orthostatic plasma norepinephrine level as a predictor for therapeutic response to metoprolol in children with postural tachycardia syndrome.,J Transl Med,2014 Sep 10,2014,pre-2017 (Villefranche/Brighton era),clinical_study,True,,25,,child,The purpose of this study is to explore whether orthostatic plasma norepinephrine level could be an indicator of therapeutic effectiveness of metoprolol for POTS in children.,3-12 years,7.5,childhood (5-11),years,female,False,True,False,False,False,,,orthostatic_intolerance; tachycardia; syncope; fatigue; gi_symptoms; headache_migraine; neuropathy; palpitations; medication_sensitivity,POTS; postural tachycardia syndrome,rule_based_v3,2026-04-16T20:48:24.700927,,False,False,False
PMC4369969,10.1093/omcr/omu006,Moyamoya disease in a patient with neuromyelitis optica.,Oxf Med Case Reports,2014 Apr,2014,pre-2017 (Villefranche/Brighton era),case_report,True,,1,62,,CASE REPORTA 62-year-old woman with good past health with no previous neurological symptom was admitted to the Prince of Wales Hospital in Hong Kong after a sudden onset of left upper limb and lower limb weakness along with unsteady gait and numbness.,,62,older adult (60-74),years,female,False,False,True,False,False,,,,MCAS,rule_based_v3,2026-04-16T20:48:45.438755,,False,False,False
PMC4304775,10.1186/1752-1947-8-389,Anaphylactic reaction to platelet transfusion as the initial symptom of an undiagnosed systemic mastocytosis: a case report and review of the literature.,J Med Case Rep,2014 Nov 26,2014,pre-2017 (Villefranche/Brighton era),animal_study,True,,1,59,,"Case presentationWe describe the clinicopathological findings of a 59-year-old Latin American man who presented to the emergency room with fatigue, leukocytosis, thrombocytopenia and mild hepatosplenomegaly.",,59,middle aged (45-59),years,male,False,False,True,True,False,,,tachycardia; urticaria; anaphylaxis; fatigue; gi_symptoms,mast cell activation syndrome; mastocytosis,rule_based_v3,2026-04-16T20:48:45.470184,,False,False,False
PMC4198120,10.1371/journal.pone.0109629,The clinical impact of chromosomal microarray on paediatric care in Hong Kong.,PLoS One,2014,2014,pre-2017 (Villefranche/Brighton era),case_report,True,,37,3,,"MethodsWe performed NimbleGen 135k oligonucleotide array on 327 children with intellectual disability (ID)/developmental delay (DD), autism spectrum disorders (ASD), and/or multiple congenital anomalies (MCAs) in a university-affiliated paediatric unit from January 2011 to May 2013.",,3,early childhood (1-4),years,female,False,False,True,False,False,,,,MCAS,rule_based_v3,2026-04-16T20:48:45.634076,,False,False,False
PMC3736514,10.1155/2013/121054,"Children with generalised joint hypermobility and musculoskeletal complaints: state of the art on diagnostics, clinical characteristics, and treatment.",Biomed Res Int,2013,2013,pre-2017 (Villefranche/Brighton era),review_or_study,True,,15,8,,"Three population-based studies found that pain or dislocation/subluxation was not related to GJH5 or GJH6 in 8-year-old and 10-year-old children [7, 8], and in 7-15-year-old children with GJH [35].",,8,childhood (5-11),years,,True,False,False,False,False,Villefranche; Beighton,2,joint_hypermobility; subluxations_dislocations; chronic_pain; fatigue; gi_symptoms,EDS hypermobility type; hypermobile EDS; JHS,rule_based_v3,2026-04-16T20:48:12.008348,hEDS_HSD,True,False,False
PMC10871832,10.1590/1516-3180.2013.1314590,Diagnosis and treatment of mast cell disorders: practical recommendations.,Sao Paulo Med J,2013,2013,pre-2017 (Villefranche/Brighton era),case_report,True,,36,,,"4,5 The skin is the organ most affected in this class of disorders; in fact, the skin is infiltrated in virtually all children and around 85% of adults with mastocytosis.",,,,years,female,False,False,True,True,False,,,chronic_pain; syncope; urticaria; anaphylaxis; gi_symptoms; headache_migraine; palpitations; medication_sensitivity,MCAD; mastocytosis,rule_based_v3,2026-04-16T20:48:30.572056,,False,False,False
PMC3787002,10.1371/journal.pone.0076241,Familial occurrence of systemic mast cell activation disease.,PLoS One,2013,2013,pre-2017 (Villefranche/Brighton era),case_report,True,,266,48,,"4%)
21-39
23 (27%)51 (20%)71 (27%)
40-49
23 (27%)35 (14%)48 (18%)
50-59
21 (25%)38 (15%)48 (18%)
60-69
10 (12%)52 (20%)46 (17%)
70-79
5 (6%)36 (14%)29 (11%)
> 80
2 (2%)24 (9%)23 (9%)
Parents: 98
mother 60 (61%)father 38 (39%)
Siblings: 94
sister 52 (55%)brother 42 (45%)
Children: 63
daughter 30 (48%...",,48,middle aged (45-59),years,female,False,False,True,True,False,,,,MCAS; MCAD; mast cell activation syndrome; mastocytosis,rule_based_v3,2026-04-16T20:48:46.035538,,False,False,False
PMC4300890,10.1016/j.ijsp.2012.02.006,Lumbar artificial disc replacement in Ehlers-Danlos syndrome: A case report and discussion of clinical management.,Int J Spine Surg,2012,2012,pre-2017 (Villefranche/Brighton era),case_report,True,,1,52,,MethodsA 52-year-old woman with a clinical diagnosis of EDS presented with degenerative disc disease at L4-5 that had not been alleviated by previous microdiscectomies.,,52,middle aged (45-59),years,female,True,False,False,False,False,,,joint_hypermobility; subluxations_dislocations; skin_hyperextensibility,EDS type III; EDS hypermobility type,rule_based_v3,2026-04-16T20:48:10.969866,hEDS_HSD,True,False,False
PMC3435946,10.1177/1941738112452385,"Ehlers-danlos syndrome in orthopaedics: etiology, diagnosis, and treatment implications.",Sports Health,2012 Sep,2012,pre-2017 (Villefranche/Brighton era),case_report,True,,30,41,,,,41,adult (30-44),years,female,True,False,False,False,False,Villefranche; Brighton; Beighton,,joint_hypermobility; subluxations_dislocations; chronic_pain; tachycardia; skin_hyperextensibility; easy_bruising; fatigue; gi_symptoms; headache_migraine; neuropathy; chiari; mitral_valve_prolapse; palpitations,EDS type III; EDS hypermobility type; hypermobile EDS; JHS,rule_based_v3,2026-04-16T20:48:11.975833,hEDS_HSD,True,False,False
PMC3512326,10.5402/2012/751768,"Ehlers-danlos syndrome, hypermobility type: an underdiagnosed hereditary connective tissue disorder with mucocutaneous, articular, and systemic manifestations.",ISRN Dermatol,2012,2012,pre-2017 (Villefranche/Brighton era),animal_study,True,,3,,,"In fact, loose joints are more common among females and children than males and older people [10].",,,,years,female,True,True,False,False,False,Villefranche; Brighton; Beighton,1,joint_hypermobility; subluxations_dislocations; chronic_pain; orthostatic_intolerance; tachycardia; skin_hyperextensibility; fatigue; gi_symptoms; headache_migraine; neuropathy; chiari; mitral_valve_prolapse,EDS type III; EDS hypermobility type; JHS; HSD; postural tachycardia syndrome; dysautonomia,rule_based_v3,2026-04-16T20:48:12.163110,hEDS_HSD,True,False,False
PMC3443665,10.1186/1752-1947-6-241,Postural orthostatic tachycardia syndrome after surgical correction of an aortic coarctation: a case report.,J Med Case Rep,2012 Aug 13,2012,pre-2017 (Villefranche/Brighton era),case_report,True,,45,29,,"Case presentationA 29-year-old Caucasian man complained of extreme fatigue, daytime sleepiness, shortness of breath on exertion, light-headedness and general weakness on standing.",,29,young adult (18-29),years,male,True,True,False,False,False,,,joint_hypermobility; chronic_pain; orthostatic_intolerance; tachycardia; syncope; fatigue; gi_symptoms; headache_migraine; neuropathy; palpitations,JHS; POTS; postural tachycardia syndrome,rule_based_v3,2026-04-16T20:48:24.713660,hEDS_HSD,True,False,False
PMC3134995,10.1155/2011/306413,Pregnancy and delivery in ehlers-danlos syndrome (hypermobility type): review of the literature.,Obstet Gynecol Int,2011,2011,pre-2017 (Villefranche/Brighton era),case_report,True,,1,29,,Case ReportA 29-year-old woman was diagnosed with EDS hypermobility type at age 23.,,29,young adult (18-29),years,female,True,True,False,False,False,,,joint_hypermobility; subluxations_dislocations; chronic_pain; tachycardia; skin_hyperextensibility; easy_bruising; palpitations,EDS type III; EDS hypermobility type; JHS; HSD; POTS; postural tachycardia syndrome,rule_based_v3,2026-04-16T20:48:12.357139,hEDS_HSD,True,False,False
PMC3200026,10.4103/0972-124X.85674,Peripheral odontogenic fibroma: A case report and review.,J Indian Soc Periodontol,2011 Jul,2011,pre-2017 (Villefranche/Brighton era),case_report,True,,1,30,,"[8] CASE REPORTA 30-year-old female presented in the Department of Periodontics, SRCDSR, with a localized gingival swelling in relation to interdental gingiva of mandibular left canine-first premolar region [Figure 1].",,30,adult (30-44),years,female,False,True,False,False,False,,,,POTS,rule_based_v3,2026-04-16T20:48:24.733762,,False,False,False
PMC3069946,10.1186/1756-8722-4-10,Mast cell activation disease: a concise practical guide for diagnostic workup and therapeutic options.,J Hematol Oncol,2011 Mar 22,2011,pre-2017 (Villefranche/Brighton era),animal_study,True,,1,,,Symptoms often initially manifest during adolescence or even childhood or infancy but are recognized only in retrospect as MCAD-related.,,,,years,,False,False,True,True,False,,,urticaria; anaphylaxis,MCAS; MCAD; mast cell activation syndrome; mastocytosis,rule_based_v3,2026-04-16T20:48:47.749314,,False,False,False
PMC2995161,10.2174/1874192401004010166,Potentially new indication of ivabradine: treatment of a patient with postural orthostatic tachycardia syndrome.,Open Cardiovasc Med J,2010 Aug 9,2010,pre-2017 (Villefranche/Brighton era),review_or_study,True,,1,25,,INTRODUCTION	The present report describes a female aged 25 years with postural orthostatic tachycardia syndrome (POTS).,,25,young adult (18-29),years,female,False,True,False,False,False,,,tachycardia; fatigue; palpitations,POTS; postural tachycardia syndrome,rule_based_v3,2026-04-16T20:48:24.737443,,False,False,False
PMC2262905,10.1186/1752-1947-2-38,Posterior dislocation of the elbow as an unusual presentation after a total hip replacement: a case report.,J Med Case Rep,2008 Feb 6,2008,pre-2017 (Villefranche/Brighton era),case_report,True,,1,9,,"On further questioning the patient and her parents, they recollected that the patient had dislocated the same elbow at an age of 9 years and was reduced in the Accident and Emergency.",,9,childhood (5-11),years,female,True,False,False,False,False,,,joint_hypermobility; subluxations_dislocations; chronic_pain,JHS,rule_based_v3,2026-04-16T20:48:12.727658,hEDS_HSD,True,False,False
PMC2602994,10.1186/1757-1626-1-325,Takotsubo cardiomyopathy in two female patients: two case reports.,Cases J,2008 Nov 18,2008,pre-2017 (Villefranche/Brighton era),case_report,True,,1,40,,Case presentationA 40-year-old caucasian female presented with a 12-hour history of dyspnoea and intermittent chest discomfort at rest.,,40,adult (30-44),years,female,False,True,False,False,False,,,,POTS,rule_based_v3,2026-04-16T20:48:24.750827,,False,False,False
PMC529450,10.1186/1471-2474-5-37,"Age-related changes in serum growth hormone, insulin-like growth factor-1 and somatostatin in system lupus erythematosus.",BMC Musculoskelet Disord,2004 Oct 20,2004,pre-2017 (Villefranche/Brighton era),case_report,True,,1,20,,"In fact, the results of the present study showed a strong correlation between age and serum growth hormone only in the circumscribed young normal female (age 20 - 46 yrs) group (Figure 1A).",,20,young adult (18-29),years,female,True,False,False,False,False,,,,,rule_based_v3,2026-04-16T20:48:12.813508,hEDS_HSD,True,False,False
