pmcid,doi,title,journal,pubdate,pub_year,criteria_era,article_type_inferred,num_patients,age_numeric,age_descriptive,age_original_quote,age_range_mapped,age_midpoint_for_analysis,age_group,age_unit_original,sex,eds_mentioned,pots_mentioned,mcas_mentioned,triad_present,diagnostic_criteria_cited,beighton_score,symptoms_detected,terminology_used,extraction_method,extraction_date
PMC13079633,10.3389/frph.2026.1753684,"Females with hypermobile Ehlers–Danlos syndrome self-report more sexual problems than chronic pain controls without hypermobility, males, or patients with hypermobile spectrum disorders.",Front Reprod Health,2026,2026,post-2017 (2017 international classification),clinical_study,407,18,,"2Study designThis retrospective observational study examined adult patients (≥18 years of age) seen at the Mayo Clinic Florida EDS Clinic in the Department of Internal Medicine from 1 February 2020 to 19 May 2025 (n = 1,407) by self-referral or referrals from inside or outside the Mayo Clinic.",,18,young adult (18-29),years,female,True,False,True,False,2017 international classification; Beighton,5,joint_hypermobility; subluxations_dislocations; chronic_pain; skin_hyperextensibility; fatigue; headache_migraine,hEDS; hypermobile EDS; JHS; HSD; MCAS; mast cell activation syndrome,rule_based_v2,2026-04-16T20:41:02.205210
PMC13070550,10.7759/cureus.105190,Tourniquet Use and Anesthesiology Considerations in Patients With Hypermobile Ehlers-Danlos Syndrome: Balancing Orthopedic Needs With Anesthetic Safety.,Cureus,2026 Mar,2026,post-2017 (2017 international classification),review_or_study,16,,,,,,,years,,True,True,False,False,,,joint_hypermobility; subluxations_dislocations; chronic_pain; tachycardia; syncope; skin_hyperextensibility; easy_bruising; neuropathy; medication_sensitivity,hEDS; hypermobile EDS; JHS; POTS; postural tachycardia syndrome; dysautonomia,rule_based_v2,2026-04-16T20:41:02.218529
PMC13067300,10.1155/cria/8693646,2-Chloroprocaine vs. Lidocaine in a Patient With Hypermobile Ehlers-Danlos Syndrome and a History of Local Anesthetic Resistance: A Case Report.,Case Rep Anesthesiol,2026,2026,post-2017 (2017 international classification),case_report,1,33,,We describe a 33-year-old G2P0010 ASA III parturient with a history of hEDS and lidocaine resistance who presented for an anesthesia consultation in anticipation of possible neuraxial anesthesia.,,33,adult (30-44),years,,True,False,False,False,,,joint_hypermobility; skin_hyperextensibility; headache_migraine,hEDS; hypermobile EDS,rule_based_v2,2026-04-16T20:41:02.226885
PMC13059101,10.1016/j.radcr.2026.02.074,Bilateral optic neuritis and multiple nerve sheath tumors in a patient with genetically characterized Ehlers-Danlos syndrome: A rare co-occurrence.,Radiol Case Rep,2026 Jun,2026,post-2017 (2017 international classification),case_report,1,26,,We describe a 26-year-old woman with genetically characterized clEDS (TNXB variant) who presented with subacute bilateral visual loss.,,26,young adult (18-29),years,female,True,False,False,False,2017 international classification,,joint_hypermobility; headache_migraine; neuropathy; mitral_valve_prolapse,JHS,rule_based_v2,2026-04-16T20:41:02.229788
PMC13045598,10.1016/j.jaccas.2026.107356,Returning to Exercise After Valsalva-Induced Carotid Artery Dissection.,JACC Case Rep,2026 Mar 25,2026,post-2017 (2017 international classification),case_report,1,19,,"Case SummaryWe implemented progressive ExT in a 19-year-old man with vEDS after he experienced separate, bilateral ICADs that occurred 12 months apart.",,19,young adult (18-29),years,male,True,False,False,False,,,tachycardia; syncope,,rule_based_v2,2026-04-16T20:41:02.234771
PMC13037643,10.2147/VHRM.S592420,The Investigation and Management of the Abdominopelvic Vascular Compression Syndromes in Patients with Ehlers-Danlos Syndrome and Hypermobility Spectrum Disorder.,Vasc Health Risk Manag,2026,2026,post-2017 (2017 international classification),clinical_study,3,,,,,,,years,female,True,True,True,True,,,joint_hypermobility; chronic_pain; orthostatic_intolerance; tachycardia; syncope; urticaria; skin_hyperextensibility; fatigue; gi_symptoms; headache_migraine; neuropathy; brain_fog; palpitations,hEDS; hypermobile EDS; JHS; HSD; POTS; postural tachycardia syndrome; dysautonomia; MCAS; mast cell activation syndrome,rule_based_v2,2026-04-16T20:41:02.241982
PMC13033888,10.1177/17534666261437339,Spontaneous pneumothorax-associated with genetic disorders.,Ther Adv Respir Dis,2026 Jan-Dec,2026,post-2017 (2017 international classification),clinical_study,8,26,,3% to age 65 years).,,26,young adult (18-29),years,female,True,False,False,False,2017 international classification,,joint_hypermobility; subluxations_dislocations; flushing,EDS type III; hypermobile EDS,rule_based_v2,2026-04-16T20:41:02.259525
PMC13026537,10.3390/jcm15062212,Characterizing Initial Cervical Spine and Neurovascular Findings in 84 Consecutive Patients with Hypermobile Ehlers-Danlos Syndrome: A Retrospective Study.,J Clin Med,2026 Mar 14,2026,post-2017 (2017 international classification),clinical_study,84,20,,"Methods: This single-center, retrospective observational study included patients with hEDS aged 20-50 years from 1 January 2022-31 December 2024, at an outpatient neck center.",,20,young adult (18-29),years,female,True,False,False,False,2017 international classification,,joint_hypermobility; chronic_pain; orthostatic_intolerance; tachycardia; skin_hyperextensibility; fatigue; headache_migraine; neuropathy; brain_fog; palpitations,hEDS; hypermobile EDS; JHS; dysautonomia,rule_based_v2,2026-04-16T20:41:02.273893
PMC12991944,10.1016/j.tcr.2026.101317,Acute isolated traumatic anterior pisiform dislocation in an adult: A case report.,Trauma Case Rep,2026 Feb,2026,post-2017 (2017 international classification),case_report,1,23,,"This report describes a 23-year-old, right-handed male who presented in March 2024 with acute anterior pisiform dislocation following indirect trauma while lifting furniture.",,23,young adult (18-29),years,male,True,False,False,False,,,subluxations_dislocations; chronic_pain,,rule_based_v2,2026-04-16T20:41:02.290034
PMC12969107,10.1016/j.jvscit.2026.102169,Vascular Ehlers-Danlos syndrome with ruptured thoracic aortic aneurysm complicated by vascular graft and endograft infection and aortobronchial fistula.,J Vasc Surg Cases Innov Tech,2026 Jun,2026,post-2017 (2017 international classification),case_report,1,40,,"We report the case of a 40-year-old man presenting with a ruptured saccular aortic isthmus aneurysm treated with thoracic endovascular aortic repair, complicated by vascular graft or endograft infection with an aortobronchial fistula and multiple pseudoaneurysms.",,40,adult (30-44),years,male,True,False,False,False,,,gi_symptoms,,rule_based_v2,2026-04-16T20:41:02.292265
PMC12966997,10.7759/cureus.103015,Efficacy of Lidocaine Infusion in the Management of Chronic Myofascial Pain and Intractable Migrainous Headache in a Patient With Hypermobile Ehlers-Danlos Syndrome: A Case Report.,Cureus,2026 Feb,2026,post-2017 (2017 international classification),clinical_study,815,,young_adult,"We describe a young adult with longstanding hypermobility, recurrent subluxations, chronic periscapular pain, migrainous headaches, and dysautonomia who achieved marked clinical improvement with lidocaine-based therapies, including trigger-point injections (TPIs) and scheduled intravenous lidocaine ...",18-30 years,24,young adult (18-29),years,female,True,True,True,True,2017 international classification; Villefranche; Beighton,5,joint_hypermobility; subluxations_dislocations; chronic_pain; tachycardia; skin_hyperextensibility; easy_bruising; fatigue; gi_symptoms; headache_migraine; neuropathy,hEDS; hypermobile EDS; JHS; HSD; POTS; postural tachycardia syndrome; dysautonomia,rule_based_v2,2026-04-16T20:41:02.295432
PMC12958675,10.1186/s13023-026-04242-4,Prevalence and management of mental health comorbidities in a German cohort of patients with Ehlers-Danlos syndromes and a generalized hypermobility spectrum disorder.,Orphanet J Rare Dis,2026 Feb 3,2026,post-2017 (2017 international classification),clinical_study,59,50,,"gHM was defined according to the 2017 EDS criteria as having a Beighton score of ≥ 5 for pubertal men and women up to the age of 50, and a Beighton score of ≥ 4 for women over 50 years old [1, 20].",,50,middle aged (45-59),years,female,True,False,True,False,2017 international classification; Beighton,,joint_hypermobility; chronic_pain; skin_hyperextensibility; easy_bruising; fatigue,hEDS; hypermobile EDS; JHS; HSD; dysautonomia; mast cell activation syndrome,rule_based_v2,2026-04-16T20:41:02.301988
PMC12892912,10.1172/jci.insight.191606,Aebp1 loss in osteoprogenitors leads to skeletal defects resembling Ehlers-Danlos Syndrome by diminishing Wnt/β-catenin signaling.,JCI Insight,2026 Jan 23,2026,post-2017 (2017 international classification),animal_study,1,,neonate,,0-28 days,0,infant (<1),years,female,True,False,False,False,,,subluxations_dislocations; chronic_pain; flushing; skin_hyperextensibility,,rule_based_v2,2026-04-16T20:41:02.315180
PMC12841094,10.3390/genes17010066,The Genetic and Epigenetic Architecture of Keratoconus: Emerging Pathways and Clinical Implications.,Genes (Basel),2026 Jan 6,2026,post-2017 (2017 international classification),animal_study,1,,,Background: Keratoconus (KC) is a progressive corneal ectasia and a leading cause of corneal transplantation in young adults.,,,,years,,True,False,False,False,,,joint_hypermobility; mitral_valve_prolapse,JHS,rule_based_v2,2026-04-16T20:41:02.342074
PMC13023622,10.3390/biomedicines14030689,An Overview of Vascular Compression Syndromes and Associations with Autonomic Dysfunction: A Review.,Biomedicines,2026 Mar 17,2026,post-2017 (2017 international classification),clinical_study,64,,child,,3-12 years,7.5,childhood (5-11),years,female,True,True,True,True,Beighton,2,joint_hypermobility; chronic_pain; orthostatic_intolerance; tachycardia; syncope; fatigue; gi_symptoms; headache_migraine; neuropathy; brain_fog; palpitations,hEDS; hypermobile EDS; JHS; HSD; POTS; postural tachycardia syndrome; dysautonomia; MCAD,rule_based_v2,2026-04-16T20:41:04.799780
PMC12998959,10.2147/ITT.S581262,"Postural Orthostatic Tachycardia Syndrome, Myalgic Encephalomyelitis/Chronic Fatigue Syndrome and Long COVID as Neuroimmune Disorders.",Immunotargets Ther,2026,2026,post-2017 (2017 international classification),animal_study,100,12,,"8,9 POTS diagnostic criteria include the following: 1) an excessive and sustained increase in heart rate (HR) of more than 30 beats per minute (bpm) within 10 minutes of standing or during a head-up tilt table test [or in individuals aged 12 to 19 years, an increase of > 40 bpm] 2) absence of orthos...",,12,adolescent (12-17),years,,False,True,True,False,,,chronic_pain; orthostatic_intolerance; tachycardia; syncope; fatigue; neuropathy; palpitations,POTS; postural tachycardia syndrome; dysautonomia; mast cell activation syndrome,rule_based_v2,2026-04-16T20:41:04.810175
PMC12982215,10.1007/s10286-025-01172-2,Systematic literature review: treatment of postural orthostatic tachycardia syndrome (POTS).,Clin Auton Res,2026 Feb,2026,post-2017 (2017 international classification),clinical_study,14,32,,Compression garmentsOne RCT with 19 female patients aged 32 ± 2 years in which only splanchnic venous compression (40 mmHg) was compared to placebo could not find significant changes in HR increment (p > 0.,,32,adult (30-44),years,female,False,True,False,False,2015 POTS consensus,,orthostatic_intolerance; tachycardia; syncope; fatigue; gi_symptoms; headache_migraine; neuropathy; palpitations,POTS; postural tachycardia syndrome,rule_based_v2,2026-04-16T20:41:04.818695
PMC12949424,10.1002/ccr3.72181,Postural Orthostatic Tachycardia Syndrome Presenting With Recurrent Syncope After Cervical Spinal Cord Injury.,Clin Case Rep,2026 Mar,2026,post-2017 (2017 international classification),case_report,1,,,This case report describes a male in his 50s suffering from C2 spinal cord injury who developed recurrent postural syncope post-injury.,,,,years,male,False,True,False,False,,,tachycardia; syncope; flushing; fatigue; gi_symptoms; headache_migraine; neuropathy; palpitations,POTS; postural tachycardia syndrome,rule_based_v2,2026-04-16T20:41:04.836506
PMC12892731,10.1093/ehjcr/ytag033,Genetic variants in acetylcholine processing and significant improvement with pyridostigmine in a patient with postural orthostatic tachycardia syndrome: a case report.,Eur Heart J Case Rep,2026 Feb,2026,post-2017 (2017 international classification),case_report,1,30,,Case summaryWe report a 30-year-old woman with POTS who experienced significant improvement with pyridostigmine.,,30,adult (30-44),years,female,False,True,False,False,,,orthostatic_intolerance; tachycardia; fatigue; headache_migraine,POTS; postural tachycardia syndrome; dysautonomia,rule_based_v2,2026-04-16T20:41:04.845228
PMC12864418,10.3389/fpubh.2026.1724482,"Post-licensure safety surveillance of 9-valent human papillomavirus vaccine using the vaccine adverse event reporting system, 2014-2024.",Front Public Health,2026,2026,post-2017 (2017 international classification),case_report,66,9,,Food and Drug Administration (FDA) in December 2014 for use in females aged 9 through 26 years and males aged 9 through 15 years for the prevention of cancers and genital warts caused by the targeted HPV types (1).,,9,childhood (5-11),years,female,False,True,True,False,Brighton,,chronic_pain; tachycardia; syncope; anaphylaxis; fatigue; headache_migraine; neuropathy,POTS; postural tachycardia syndrome; dysautonomia; mast cell activation syndrome,rule_based_v2,2026-04-16T20:41:04.849337
PMC12813278,10.1016/j.crwh.2025.e00778,Autoimmune syndrome induced by adjuvants (ASIA) following urethral sling placement: A case report.,Case Rep Womens Health,2026 Mar,2026,post-2017 (2017 international classification),animal_study,4479,39,,A 39-year-old woman developed debilitating systemic symptoms following the placement of a synthetic mid-urethral sling for stress urinary incontinence.,,39,adult (30-44),years,female,False,True,False,False,,,chronic_pain; tachycardia; fatigue; neuropathy; brain_fog,POTS; postural tachycardia syndrome,rule_based_v2,2026-04-16T20:41:04.859781
PMC13062802,10.21037/acr-2025-207,A successful treatment of urticaria pigmentosa with omalizumab in a pediatric patient: a case report.,AME Case Rep,2026,2026,post-2017 (2017 international classification),review_or_study,1,14,,"Case DescriptionWe report a 14-year-old Middle Eastern female with a 1-year history of intensely pruritic, hyperpigmented macules significantly impacting her quality of life.",,14,adolescent (12-17),years,female,False,False,True,False,,,urticaria; anaphylaxis; fatigue; palpitations,MCAD; mast cell activation syndrome; mastocytosis,rule_based_v2,2026-04-16T20:41:06.097553
PMC13059005,10.1016/j.jacig.2026.100681,Reconsidering cytoreductive therapy in high-risk pediatric mastocytosis: From diffuse cutaneous to smoldering systemic disease.,J Allergy Clin Immunol Glob,2026 May,2026,post-2017 (2017 international classification),case_report,1,2,,"Patient 2A 2-year-old girl with diffuse erythematous brown lesions (Fig 2) since birth experienced recurrent flushing, diarrhea, and multiple anaphylaxis episodes.",,2,early childhood (1-4),years,female,False,False,True,False,,,flushing; anaphylaxis; gi_symptoms,MCAD; mastocytosis,rule_based_v2,2026-04-16T20:41:06.104959
PMC13051026,10.1111/pde.70038,Omalizumab for Pediatric Cutaneous Mastocytosis: Case Report and Review.,Pediatr Dermatol,2026 Mar-Apr,2026,post-2017 (2017 international classification),review_or_study,1,2,,A literature review identified five additional pediatric cases in which omalizumab led to complete symptom resolution in an average of 2 months and permitted discontinuation of systemic steroids.,,2,early childhood (1-4),years,male,False,False,True,False,,,flushing; urticaria; anaphylaxis; gi_symptoms; headache_migraine,MCAD; mastocytosis,rule_based_v2,2026-04-16T20:41:06.109205
PMC13019796,10.12659/AJCR.951085,Management Strategy for Anaphylaxis in a Patient With Suspected or Confirmed Mastocytosis: A Case Report.,Am J Case Rep,2026 Mar 22,2026,post-2017 (2017 international classification),clinical_study,9,31,,"Patient: Female, 31-year-old

Final Diagnosis: Anaphylaxis

Symptoms: Hypotension

Clinical Procedure: -

Specialty: Anesthesiology • Critical Care Medicine

Objective: Unusual clinical course
BackgroundAnaphylaxis is a severe, systemic hypersensitivity reaction that poses a potential threat to life...",,31,adult (30-44),years,female,False,False,True,False,,,tachycardia; syncope; flushing; urticaria; anaphylaxis; gi_symptoms; headache_migraine,MCAS; MCAD; mast cell activation syndrome; mastocytosis,rule_based_v2,2026-04-16T20:41:06.112763
PMC12981734,10.7759/cureus.103302,Recurrent Cyclic Vomiting and Gastroparesis-Like Symptoms in a Patient With Mast Cell Activation Syndrome (MCAS): A Case of Gastrointestinal-Predominant MCAS.,Cureus,2026 Feb,2026,post-2017 (2017 international classification),case_report,1,36,,"Thus, we present a case of a 36-year-old male with MCAS who presented with acute, intractable nausea, vomiting, and left-sided back pain.",,36,adult (30-44),years,male,False,False,True,False,,,tachycardia; flushing; urticaria; anaphylaxis; gi_symptoms; headache_migraine,MCAS; mast cell activation syndrome; mastocytosis,rule_based_v2,2026-04-16T20:41:06.117612
PMC12971857,10.1007/s11882-026-01262-9,Hereditary Alpha-Tryptasemia and Mastocytosis: What We Know and What We Need To Learn.,Curr Allergy Asthma Rep,2026 Mar 9,2026,post-2017 (2017 international classification),clinical_study,1,,child,"CM is the predominant form in children, typically presenting within the first year of life.",3-12 years,7.5,childhood (5-11),years,,False,True,True,False,MCAS consensus criteria,,joint_hypermobility; tachycardia; syncope; flushing; urticaria; anaphylaxis; fatigue; gi_symptoms; headache_migraine,JHS; POTS; postural tachycardia syndrome; MCAS; MCAD; mast cell activation syndrome; mastocytosis,rule_based_v2,2026-04-16T20:41:06.124691
PMC12971043,10.12890/2026_006143,Aggressive Systemic Mastocytosis Presenting as Diffuse Osteoblastic Bone Disease: A Diagnostic Pitfall Mimicking Metastatic Cancer.,Eur J Case Rep Intern Med,2026,2026,post-2017 (2017 international classification),case_report,1,83,,"Case descriptionWe report the case of an 83-year-old woman presenting with fatigue, weight loss, low-grade evening fever and night sweats over two months.",,83,elderly (75+),years,female,False,False,True,False,MCAS consensus criteria,,syncope; flushing; fatigue,mastocytosis,rule_based_v2,2026-04-16T20:41:06.139700
PMC12958415,10.1136/bcr-2025-270996,Multiphasic anaphylaxis in the emergency and intensive care setting.,BMJ Case Rep,2026 Feb 26,2026,post-2017 (2017 international classification),review_or_study,1,,,"In this study, we present the case of a woman in her 60s presenting with multiphasic anaphylaxis to clarithromycin, with subsequent analysis showing a high likelihood of systemic mastocytosis, though she did not meet formal diagnostic criteria.",,,,years,female,False,False,True,False,,,flushing; urticaria; anaphylaxis,mastocytosis,rule_based_v2,2026-04-16T20:41:06.143037
PMC12922065,10.3390/neurosci7010027,Moyamoya Vasculopathy and Atypical Moyamoya-like Patterns: Insights into Diagnosis and Therapeutic Implications.,NeuroSci,2026 Feb 15,2026,post-2017 (2017 international classification),review_or_study,1,6,,"Management is pattern-specific: MMS and atypical forms are generally managed conservatively, whereas MMD frequently requires surgical revascularization, particularly in children and symptomatic adults.",,6,childhood (5-11),years,male,False,False,True,False,,,headache_migraine,MCAS,rule_based_v2,2026-04-16T20:41:06.153472
PMC12896522,10.3390/cells15030307,"Skeletal Involvement in Systemic Mastocytosis: Pathophysiology, Clinical Management, Standards of Care, and Novel Therapeutic Strategies.",Cells,2026 Feb 6,2026,post-2017 (2017 international classification),animal_study,374,33,,,,33,adult (30-44),years,female,False,False,True,False,MCAS consensus criteria,,chronic_pain; flushing; urticaria; anaphylaxis; gi_symptoms,mastocytosis,rule_based_v2,2026-04-16T20:41:06.182776
PMC12884832,10.3389/fonc.2026.1746589,Case report: A case of mast cell leukemia treated with avapritinib: from diagnostic challenge to transplantation.,Front Oncol,2026,2026,post-2017 (2017 international classification),clinical_study,116,66,,"Here, we report a case of a 66-year-old woman affected by MCL, highlighting clinical features, diagnostic challenges and complexity, and our treatment choices.",,66,older adult (60-74),years,female,False,False,True,False,,,tachycardia; syncope; flushing; anaphylaxis; gi_symptoms; neuropathy,mastocytosis,rule_based_v2,2026-04-16T20:41:06.219173
PMC12881254,10.1016/j.jaccas.2025.106290,Near-Fatal Mastocytosis Mimicking as Malignant Vasovagal Syncope.,JACC Case Rep,2026 Feb 4,2026,post-2017 (2017 international classification),case_report,1,12,,"History of PresentationA 12-year-old girl was investigated for recurrent faints since a few years, interpreted as reflex vasovagal syncope, with evocative prodromal symptoms including vomiting, diarrhea, diaphoresis, pallor, and loss of consciousness lasting minutes, without precipitating factors or...",,12,adolescent (12-17),years,female,False,False,True,False,,,syncope; flushing; anaphylaxis; gi_symptoms,mastocytosis,rule_based_v2,2026-04-16T20:41:06.229545
PMC12856509,10.1155/crh/8965147,Relapse of Acute Myeloid Leukemia With Concomitant Systemic Mastocytosis Five Years Post Allogenic Hematopoietic Stem Cell Transplantation.,Case Rep Hematol,2026,2026,post-2017 (2017 international classification),case_report,1,41,,"We present a 41-year-old female diagnosed with SM-AML, who underwent allogeneic hematopoietic stem cell transplantation (allo-HSCT).",,41,adult (30-44),years,female,False,False,True,False,,,tachycardia; urticaria; fatigue,mastocytosis,rule_based_v2,2026-04-16T20:41:06.233546
PMC12796541,10.1016/j.jdcr.2025.09.012,Refractory cutaneous symptoms in systemic mastocytosis.,JAAD Case Rep,2026 Feb,2026,post-2017 (2017 international classification),case_report,1,45,,Case presentationA 45-year-old woman presented with a 6-year history of a widespread monomorphic red-brown rash on her trunk and lower extremities (Fig 1).,,45,middle aged (45-59),years,female,False,False,True,False,,,syncope; flushing; gi_symptoms; headache_migraine,mastocytosis,rule_based_v2,2026-04-16T20:41:06.239640
PMC12790910,10.3340/jkns.2025.0059,Twig-Like Middle Cerebral Artery : Acquired Lesion Rather than Congenital Anomaly.,J Korean Neurosurg Soc,2026 Jan,2026,post-2017 (2017 international classification),case_report,9875,65,,Case 1 : recurrent basal ganglia intracerebral hemorrhage caused by microaneurysmA 65-year-old woman presented to the emergency department with right-sided hemiplegia.,,65,older adult (60-74),years,female,False,False,True,False,,,,MCAS,rule_based_v2,2026-04-16T20:41:06.241931
PMC12741381,10.1016/j.jdcr.2025.10.067,A probable case of hyaluronic acid injection-induced MAST cell activation syndrome with refractory vasoplegia: A rare complication reversed with hyaluronidase.,JAAD Case Rep,2026 Jan,2026,post-2017 (2017 international classification),case_report,1,43,,"Case reportA 43-year-old female received an HA-filler injection for the first time, with 2 mL Restylane Defyne and 3 ml Restylane Lyft administered in the malar area, zygomatic arch, chin, and mandibular arch.",,43,adult (30-44),years,female,False,True,True,False,,,tachycardia; syncope; flushing; urticaria; anaphylaxis; gi_symptoms; headache_migraine,postural tachycardia syndrome; MCAS; mast cell activation syndrome; mastocytosis,rule_based_v2,2026-04-16T20:41:06.271838
PMC12675999,10.1210/jcemcr/luaf272,Denosumab as a Potential Disease-Modifying Treatment in Indolent Systemic Mastocytosis-Related Osteoporosis.,JCEM Case Rep,2026 Jan,2026,post-2017 (2017 international classification),case_report,1,78,,We present the case of a 78-year-old woman with a longstanding history of cutaneous mastocytosis who developed systemic symptoms including gastrointestinal discomfort and flushing.,,78,elderly (75+),years,female,False,False,True,False,,,flushing; urticaria; gi_symptoms,MCAD; mastocytosis,rule_based_v2,2026-04-16T20:41:06.274067
PMC13062037,10.1111/nmo.70305,Gastrointestinal Symptoms and Systemic Comorbidities in Patients With POTS: A Systematic Review and Meta-Analysis.,Neurogastroenterol Motil,2026 Apr,2026,post-2017 (2017 international classification),clinical_study,5215,,child,"It is defined as a clinical syndrome lasting at least 6 months characterized by an increase in heart rate of ≥ 30 beats/min (or ≥ 40 beats/min or more in children), often with a standing heart rate of > 120 beats/min, within 10 min of standing in adults or head-up tilt (HUT), and in the absence of o...",3-12 years,7.5,childhood (5-11),years,,True,True,True,True,,,joint_hypermobility; chronic_pain; orthostatic_intolerance; tachycardia; syncope; fatigue; gi_symptoms; headache_migraine; palpitations,hEDS; hypermobile EDS; JHS; POTS; postural tachycardia syndrome; dysautonomia; MCAS; mast cell activation syndrome,rule_based_v2,2026-04-16T20:43:27.672864
PMC12942574,10.3390/jcm15041626,Patient Characteristics of a Telemedicine Clinic for Pediatric and Young Adult Postural Orthostatic Tachycardia Syndrome.,J Clin Med,2026 Feb 20,2026,post-2017 (2017 international classification),clinical_study,277,23,,"Patients up through the age of 23 years were evaluated, either diagnosing or confirming a diagnosis of POTS, and identifying other symptoms and diagnoses.",,23,young adult (18-29),years,female,True,True,True,True,Beighton; MCAS consensus criteria,0,joint_hypermobility; orthostatic_intolerance; tachycardia; flushing; urticaria; gi_symptoms; headache_migraine; palpitations,hEDS; hypermobile EDS; JHS; HSD; POTS; postural tachycardia syndrome; dysautonomia; MCAS; mast cell activation syndrome,rule_based_v2,2026-04-16T20:43:28.801179
PMC12793884,10.1016/j.jaccas.2025.105424,Varied Presentations of Arterial Events in Vascular Ehlers-Danlos Syndrome.,JACC Case Rep,2025 Oct 15,2025,post-2017 (2017 international classification),review_or_study,2,48,,Patient 1A 48-year-old woman was seen in clinic for routine cardiovascular surveillance of VEDS caused by a pathogenic missense variant in COL3A1 (c.,,48,middle aged (45-59),years,female,True,False,False,False,,,chronic_pain; skin_hyperextensibility; easy_bruising; gi_symptoms; headache_migraine; palpitations,,rule_based_v2,2026-04-16T20:41:02.376899
PMC12765413,10.7759/cureus.98522,Novel Use of Meniscal Allograft Arthroplasty for Basal Joint Arthritis in a Patient With Ehlers-Danlos Syndrome: A Case Report.,Cureus,2025 Dec,2025,post-2017 (2017 international classification),review_or_study,1,56,,A 56-year-old female patient with EDS opted for surgical treatment after persistent pain of the joint refractory to conservative treatment after one year.,,56,middle aged (45-59),years,female,True,False,False,False,,,joint_hypermobility; subluxations_dislocations; chronic_pain; skin_hyperextensibility,EDS type III,rule_based_v2,2026-04-16T20:41:02.381880
PMC12744369,10.1515/almed-2025-0172,A de novo variant of the COL3A1 gene: causality of vascular Ehlers-Danlos syndrome.,Adv Lab Med,2025 Dec,2025,post-2017 (2017 international classification),case_report,1,35,,"Clinical presentationA 35 year-old male patient with a history of muscle frailty including multiple ruptures at the level of the biceps, pectoralis major muscle, and penis (three episodes).",,35,adult (30-44),years,male,True,False,False,False,,,joint_hypermobility; subluxations_dislocations; easy_bruising,,rule_based_v2,2026-04-16T20:41:02.385640
PMC12688513,10.12890/2025_005837,Challenges in the Management of Patients with Vascular Ehlers-Danlos Syndrome: Lessons from three Clinical Cases.,Eur J Case Rep Intern Med,2025,2025,post-2017 (2017 international classification),review_or_study,1,53,,CASE DESCRIPTIONCase 1A 53-year-old woman with genetically confirmed vEDS (COL3A1 c.,,53,middle aged (45-59),years,female,True,False,False,False,,,,EDS type III,rule_based_v2,2026-04-16T20:41:02.393951
PMC12677986,10.1155/crig/5233998,Diaphragmatic Hernia in a Newborn With COL1A1-Associated Classical Ehlers-Danlos Syndrome.,Case Rep Genet,2025,2025,post-2017 (2017 international classification),case_report,1,31,,"Clinical Presentation and Family HistoryThe proband in this family is a 31-year-old Caucasian female, clinically diagnosed with cEDS as a child.",,31,adult (30-44),years,female,True,False,False,False,,,joint_hypermobility; skin_hyperextensibility; easy_bruising,,rule_based_v2,2026-04-16T20:41:02.398800
PMC12639752,10.1186/s13023-025-04113-4,Pulmonary vascular Ehlers-Danlos syndrome with hemoptysis as the main manifestation: CT and histologic findings of lung parenchymal damage.,Orphanet J Rare Dis,2025 Nov 21,2025,post-2017 (2017 international classification),clinical_study,5,16,,ResultsThe cohort included eight males and one female (mean age 22.,,16,adolescent (12-17),years,female,True,False,False,False,,,chronic_pain; neuropathy,EDS type III,rule_based_v2,2026-04-16T20:41:02.403892
PMC12619029,10.1111/ddg.15812,Interventional varicose vein therapy using endoluminal laser ablation (1940 nm) in patients with Ehlers-Danlos syndromes: two case reports.,J Dtsch Dermatol Ges,2025 Nov,2025,post-2017 (2017 international classification),case_report,1,42,,CASE 1A 42-year-old man with SLC39A13-associated spEDS first presented at our clinic in 2023 because of stage C4a chronic venous insufficiency.,,42,adult (30-44),years,female,True,False,False,False,,,joint_hypermobility; chronic_pain; neuropathy,,rule_based_v2,2026-04-16T20:41:02.414149
PMC12615188,10.3389/fneur.2025.1508176,Hypothesis paper: high prevalence of Tinel sign in hypermobile Ehlers-Danlos syndrome.,Front Neurol,2025,2025,post-2017 (2017 international classification),review_or_study,1,,,,,,,years,,True,False,False,False,2017 international classification,,joint_hypermobility; subluxations_dislocations; chronic_pain; skin_hyperextensibility; neuropathy,EDS type III; hEDS; hypermobile EDS; JHS,rule_based_v2,2026-04-16T20:41:02.419392
PMC12565033,10.3390/jcm14207217,Oral Manifestations in Adolescents with Genetic Syndromes: A Retrospective Cross-Sectional Study.,J Clin Med,2025 Oct 13,2025,post-2017 (2017 international classification),clinical_study,213,12,,"Methods: We conducted a retrospective cross-sectional study of 213 patients aged 12 to 18 years with various genetic syndromes, using clinical data originally collected between 2011 and 2014 at a tertiary center.",,12,adolescent (12-17),years,female,True,False,False,False,,,,,rule_based_v2,2026-04-16T20:41:02.425601
PMC12551611,10.7759/cureus.93109,Ehlers-Danlos Syndrome: A Tale of Two Cases Highlighting Rare Subtypes and Diagnostic Considerations.,Cureus,2025 Sep,2025,post-2017 (2017 international classification),case_report,66,16,,Case presentationCase report oneA 16-year-old boy presented to the rheumatology outpatient department (OPD) with the chief complaint of a large swelling around the left knee following a trivial trauma that occurred one month before presentation at the hospital.,,16,adolescent (12-17),years,male,True,True,False,False,2017 international classification; Villefranche; Beighton,1,joint_hypermobility; subluxations_dislocations; chronic_pain; orthostatic_intolerance; tachycardia; syncope; skin_hyperextensibility; easy_bruising; fatigue; gi_symptoms,hEDS; hypermobile EDS; JHS; HSD; POTS; postural tachycardia syndrome; dysautonomia,rule_based_v2,2026-04-16T20:41:02.438068
PMC12488752,10.1007/s00264-025-06632-y,Survival of anterior cruciate ligament  reconstruction in patients with Ehlers-Danlos syndrome: A comparison with anatomic risk factors in existing literature.,Int Orthop,2025 Oct,2025,post-2017 (2017 international classification),clinical_study,21,4,,,,4,early childhood (1-4),years,male,True,False,False,False,Beighton,,joint_hypermobility; subluxations_dislocations; chronic_pain,EDS hypermobility type; hEDS; JHS,rule_based_v2,2026-04-16T20:41:02.443415
PMC12464579,10.3389/fresc.2025.1638656,Intramuscular hemorrhage during rehabilitation in a post-stroke patient with vascular Ehlers-Danlos syndrome: a case report and review of spasticity-related muscle injury.,Front Rehabil Sci,2025,2025,post-2017 (2017 international classification),animal_study,1,46,,"The patient was a 46-year-old male with a family history of subarachnoid hemorrhage (SAH) and aortic dissection, who presented with sudden headache, dysarthria, and left hemiparesis, leading to transport to a nearby hospital.",,46,middle aged (45-59),years,male,True,False,False,False,,,joint_hypermobility; subluxations_dislocations; headache_migraine,EDS type III; hypermobile EDS,rule_based_v2,2026-04-16T20:41:02.453943
PMC12465098,10.7759/cureus.90988,Exploring the Association Between Median Arcuate Ligament Syndrome and Hypermobile Ehlers-Danlos Syndrome: A Case Report.,Cureus,2025 Aug,2025,post-2017 (2017 international classification),case_report,1,21,,Case presentationThe patient is a 21-year-old white female with a diagnosis of hEDS who initially presented in May 2022 with right upper quadrant (RUQ) abdominal pain worsened by food intake.,,21,young adult (18-29),years,female,True,True,False,False,2017 international classification; Beighton,,joint_hypermobility; chronic_pain; orthostatic_intolerance; tachycardia; syncope; skin_hyperextensibility; gi_symptoms,hEDS; hypermobile EDS; JHS; postural tachycardia syndrome,rule_based_v2,2026-04-16T20:41:02.458976
PMC12459581,10.14309/crj.0000000000001823,Evidence of Altered Enteric Nervous System Structure Associated With Severe Dysmotility in a Patient With Ehlers-Danlos Syndrome.,ACG Case Rep J,2025 Sep,2025,post-2017 (2017 international classification),animal_study,1,26,,"CASE REPORTA 26-year-old woman with a history of fbn1 gene mutation, hypermobile EDS, gastroparesis, May-Thurners syndrome, sphincter of Oddi dysfunction with sphincterotomy, post-ERCP pancreatitis, and chronic midabdominal pain presented for evaluation of severe dysmotility.",,26,young adult (18-29),years,female,True,False,False,False,,,joint_hypermobility; chronic_pain; gi_symptoms; neuropathy,hypermobile EDS; JHS,rule_based_v2,2026-04-16T20:41:02.464508
PMC12441394,10.1016/j.jaccas.2025.103933,Severely Kinked Ascending Aorta Prosthetic Graft Causing Thromboembolism.,JACC Case Rep,2025 Jul 9,2025,post-2017 (2017 international classification),case_report,2,43,,A 43-year-old male with vascular Ehlers-Danlos syndrome presents with a cerebellar stroke 5 years after a type A aortic dissection repair.,,43,adult (30-44),years,male,True,False,False,False,,,gi_symptoms; headache_migraine,,rule_based_v2,2026-04-16T20:41:02.466923
PMC12441329,10.1016/j.jaccas.2025.103914,Open Repair of a True Aneurysm of the Superior Mesenteric Artery.,JACC Case Rep,2025 Jul 2,2025,post-2017 (2017 international classification),case_report,2,46,,Case SummaryWe report 2 cases of SMAAs treated with open repair at our institution: a 46-year-old man with suspected Ehlers-Danlos syndrome and a thrombosed SMAA who underwent an aortomesenteric bypass using a saphenous vein graft and a 65-year-old man with a dissecting SMAA and rapid aneurysm growt...,,46,middle aged (45-59),years,male,True,False,False,False,,,,,rule_based_v2,2026-04-16T20:41:02.470409
PMC12420492,10.1192/j.eurpsy.2025.2134,Unraveling Reality : Complaints that became delusions aligned to Ehlers-Danlos Syndrome ended up with ECT - a case report.,Eur Psychiatry,2025 Apr,2025,post-2017 (2017 international classification),case_report,1,42,,"ResultsA 42-year-old female patient,diagnosed with anxiety disorder 7 years prior, who has shown no remission and has experienced multiple hospital admissions over the past year due to various psychotic and depressive episodes, presented to our hospital with complaints that a “sorcerer” had cast spe...",,42,adult (30-44),years,female,True,False,False,False,,,,,rule_based_v2,2026-04-16T20:41:02.475682
PMC12417854,10.5758/vsi.250044,Conservative Management of Massive Retroperitoneal Hemorrhage in a Patient with Vascular Ehlers-Danlos Syndrome: A Case Report.,Vasc Specialist Int,2025 Sep 9,2025,post-2017 (2017 international classification),case_report,1,36,,A 36-year-old man with vEDS presented with persistent upper abdominal pain.,,36,adult (30-44),years,male,True,False,False,False,,,joint_hypermobility; chronic_pain; skin_hyperextensibility; gi_symptoms,EDS type III,rule_based_v2,2026-04-16T20:41:02.477126
PMC12409755,10.7759/cureus.89400,Anesthetic Management of a Pregnant Patient With Ehlers-Danlos Syndrome Undergoing Elective Cesarean Delivery: A Case Report.,Cureus,2025 Aug,2025,post-2017 (2017 international classification),case_report,1,36,,"We present the case of a 36-year-old woman with classical EDS (cEDS) and multiple comorbidities, including postural orthostatic tachycardia syndrome, bronchial asthma, congenital adrenal hypoplasia, and chronic venous thrombosis, who underwent an elective cesarean section.",,36,adult (30-44),years,female,True,True,False,False,,,joint_hypermobility; subluxations_dislocations; chronic_pain; tachycardia; skin_hyperextensibility,hEDS; hypermobile EDS; JHS; POTS; postural tachycardia syndrome; dysautonomia,rule_based_v2,2026-04-16T20:41:02.479913
PMC12327914,10.7759/cureus.87471,"Ketamine Use in a Laboring Mother With Type 4 Ehlers-Danlos Syndrome, a Family History of Malignant Hyperthermia, and Opioid-Induced Seizures.",Cureus,2025 Jul,2025,post-2017 (2017 international classification),review_or_study,1,19,,"We report the case of a 19-year-old female patient with type 4 EDS, opioid-induced seizures, and a family history of malignant hyperthermia, who presented to the labor ward at 37 weeks of gestation.",,19,young adult (18-29),years,female,True,False,False,False,Villefranche,,tachycardia; easy_bruising; headache_migraine,EDS type III,rule_based_v2,2026-04-16T20:41:02.483225
PMC12296389,10.1093/omcr/omaf119,'Pediatric Ehlers-Danlos syndrome VI with retroperitoneal Hemorrhage: case report and management strategy'.,Oxf Med Case Reports,2025 Jul,2025,post-2017 (2017 international classification),case_report,1,11,,We present a case of an 11-year-old male diagnosed with Ehlers-Danlos Syndrome VI (Kyphoscoliotic Variant) who presented with an acute onset of symptoms suggestive of vascular hemorrhage.,,11,childhood (5-11),years,male,True,False,False,False,,,joint_hypermobility; skin_hyperextensibility; gi_symptoms,hypermobile EDS; JHS,rule_based_v2,2026-04-16T20:41:02.487067
PMC12291538,10.1093/jscr/rjaf558,Ehlers-Danlos syndrome and the risk of spontaneous colonic perforation: clinical insights and surgical implications.,J Surg Case Rep,2025 Jul,2025,post-2017 (2017 international classification),case_report,1,25,,"Case reportThe patient was a 25-year-old Caucasian male with a medical history of attention deficit hyperactivity disorder, managed with methylphenidate, non-traumatic repetitive shoulder dislocations, and smoking habits.",,25,young adult (18-29),years,male,True,False,False,False,,,subluxations_dislocations; gi_symptoms,EDS type III,rule_based_v2,2026-04-16T20:41:02.489687
PMC12276532,10.1016/j.asmr.2025.101120,Double-Allograft Shoulder Stabilization for Multidirectional Instability Is Associated With Improved Function and Survivability After 2 Years.,Arthrosc Sports Med Rehabil,2025 Jun,2025,post-2017 (2017 international classification),clinical_study,43,,,,,,,years,male,True,False,False,False,Beighton,2,joint_hypermobility; subluxations_dislocations; orthostatic_intolerance; skin_hyperextensibility,,rule_based_v2,2026-04-16T20:41:02.493374
PMC12209458,10.1038/s41433-025-03787-1,Ocular manifestations in Ehlers-Danlos syndrome.,Eye (Lond),2025 Jul,2025,post-2017 (2017 international classification),animal_study,21,60,,The majority of ocular diagnoses were more prevalent in the 0-60-year-old EDS population compared to the general population including myopia (5227.,,60,older adult (60-74),years,female,True,False,False,False,,,joint_hypermobility; subluxations_dislocations; skin_hyperextensibility; neuropathy; chiari,EDS type III,rule_based_v2,2026-04-16T20:41:02.513086
PMC12200703,10.1371/journal.pone.0325709,Characterizing the content and quality of internet resources on exercise training in Ehlers-Danlos Syndromes and generalized hypermobility spectrum disorder.,PLoS One,2025,2025,post-2017 (2017 international classification),case_report,1,,,The second study interviewed 6 young adults with joint hypermobility and chronic pain to explore their internet use and experiences [24].,,,,years,,True,False,False,False,2017 international classification,,joint_hypermobility; subluxations_dislocations; chronic_pain; skin_hyperextensibility; fatigue,HSD; dysautonomia,rule_based_v2,2026-04-16T20:41:02.524970
PMC12195525,10.3390/medsci13020074,The Impact of Celiprolol in Vascular Ehlers-Danlos Syndrome: A Systematic Review of Current Evidence.,Med Sci (Basel),2025 Jun 9,2025,post-2017 (2017 international classification),animal_study,323,59,,"By age 40, approximately 90% of individuals with vEDS will have experienced a major complication, often beginning as early as their 20s [4].",,59,middle aged (45-59),years,female,True,False,False,False,2017 international classification; Villefranche,,tachycardia; fatigue; gi_symptoms; headache_migraine,EDS type III,rule_based_v2,2026-04-16T20:41:02.540909
PMC12180213,10.1186/s13023-025-03854-6,Prevalence of vascular complications in Ehlers-Danlos syndrome: a systematic review and meta-analysis.,Orphanet J Rare Dis,2025 Jun 20,2025,post-2017 (2017 international classification),clinical_study,142,,,,,,,years,female,True,False,False,False,,,joint_hypermobility; chronic_pain; skin_hyperextensibility,EDS type III; hEDS,rule_based_v2,2026-04-16T20:41:02.552588
PMC12159619,10.13107/jocr.2025.v15.i06.5644,A Rare Case of Bilateral Congenital Radial Head Dislocation: A Case Report.,J Orthop Case Rep,2025 Jun,2025,post-2017 (2017 international classification),case_report,1,71,,"Case Report:In our study, we present a 71-year-old male patient who experienced elbow pain during daily activities for about 2 years.",,71,older adult (60-74),years,male,True,False,False,False,,,subluxations_dislocations,,rule_based_v2,2026-04-16T20:41:02.565747
PMC12055390,10.1002/ccr3.70480,Perforation of the Sigmoid Colon due to Diverticular Rupture in a Woman With FKBP14-Related Kyphoscoliotic Ehlers-Danlos Syndrome: A Case Report.,Clin Case Rep,2025 May,2025,post-2017 (2017 international classification),review_or_study,1,6,,A 6-year-old child with heterozygous c.,,6,childhood (5-11),years,female,True,False,False,False,Beighton,,joint_hypermobility; subluxations_dislocations; chronic_pain; tachycardia; skin_hyperextensibility; gi_symptoms,,rule_based_v2,2026-04-16T20:41:02.569038
PMC12047577,10.1016/j.xrrt.2024.11.001,Recurrent elbow instability in a patient with Ehlers-Danlos syndrome treated with soft tissue reconstruction: case report.,JSES Rev Rep Tech,2025 May,2025,post-2017 (2017 international classification),case_report,60,10,,The first episode of dislocation of the right elbow occurred when she was 10 year old; three years later she was diagnosed with EDS.,,10,childhood (5-11),years,female,True,False,False,False,,,joint_hypermobility; subluxations_dislocations; chronic_pain; skin_hyperextensibility,JHS,rule_based_v2,2026-04-16T20:41:02.574151
PMC12028372,10.3390/medicina61040554,The Successful Treatment of a Patient with Ehlers-Danlos Syndrome (EDS) After an Extensive Burn Injury: A Case Report.,Medicina (Kaunas),2025 Mar 21,2025,post-2017 (2017 international classification),review_or_study,1,34,,Case Presentation: A 34-year-old female patient presented with extensive thermal burns (biofireplace explosion).,,34,adult (30-44),years,female,True,False,False,False,2017 international classification,,joint_hypermobility; subluxations_dislocations; chronic_pain; easy_bruising; medication_sensitivity,JHS,rule_based_v2,2026-04-16T20:41:02.580647
PMC11918753,10.1097/MS9.0000000000002969,Genetic factors and management strategies in aortic health: a literature review of inherited aortopathy.,Ann Med Surg (Lond),2025 Feb,2025,post-2017 (2017 international classification),animal_study,1,29,,,,29,young adult (18-29),years,female,True,False,False,False,2015 POTS consensus,,joint_hypermobility; subluxations_dislocations; chronic_pain; orthostatic_intolerance; tachycardia; skin_hyperextensibility; easy_bruising; fatigue; gi_symptoms; neuropathy; mitral_valve_prolapse,EDS type III; JHS; HSD,rule_based_v2,2026-04-16T20:41:02.590308
PMC11905011,10.1002/acr2.70024,UK Medical Cannabis Registry: An Analysis of Outcomes of Medical Cannabis Therapy for Hypermobility-Associated Chronic Pain.,ACR Open Rheumatol,2025 Mar,2025,post-2017 (2017 international classification),clinical_study,161,,,"2
 Furthermore, hypermobility is more common and severe in women and children, suggesting both age and gender specificity.",,,,years,,True,False,False,False,,,joint_hypermobility; subluxations_dislocations; chronic_pain; skin_hyperextensibility; fatigue; gi_symptoms; headache_migraine; neuropathy,hEDS; hypermobile EDS; HSD,rule_based_v2,2026-04-16T20:41:02.627837
PMC11885547,10.1038/s41525-025-00469-5,Understanding rare variant contributions to autism: lessons from dystrophin-deficient model.,NPJ Genom Med,2025 Mar 6,2025,post-2017 (2017 international classification),case_report,1,20,,Table 1Clinical and molecular data from the 83 probands included in this studyIDFamily_IDAge - evaluation(years old)CARSclassificationRAVENMother - carrier statusPregnancy and childbirthSpeech impairmentMotor development(first steps)SeizuresLearning difficultiesVariant typeExon(s)P1117No ASDIDNoCesa...,,20,young adult (18-29),years,male,True,False,False,False,,,brain_fog,,rule_based_v2,2026-04-16T20:41:02.644700
PMC11879130,10.1093/jscr/rjaf098,Small bowel perforation caused by a fish bone in a patient with vascular Ehlers-Danlos syndrome: a case report.,J Surg Case Rep,2025 Feb,2025,post-2017 (2017 international classification),case_report,1,,,A male in his 40s with vEDS presented with right lower abdominal pain.,,,,years,male,True,False,False,False,,,gi_symptoms,,rule_based_v2,2026-04-16T20:41:02.665775
PMC11862159,10.1016/j.hrcr.2024.10.015,Recurrent perforation of an implantable cardioverter-defibrillator lead in a patient with vascular Ehlers-Danlos syndrome.,HeartRhythm Case Rep,2025 Feb,2025,post-2017 (2017 international classification),case_report,1,37,,Case reportA 37-year-old woman (body mass index = 30) with a history of coronary artery and renal artery dissections and myocardial infarction complicated by ventricular fibrillation cardiac arrest in the setting of molecularly confirmed vEDS presented to our inherited heart disease clinic to establ...,,37,adult (30-44),years,female,True,False,False,False,,,chronic_pain,EDS type III,rule_based_v2,2026-04-16T20:41:02.669424
PMC11841416,10.3389/fmed.2025.1514349,A case of massive hematoma: reflections on hypermobile Ehlers-Danlos syndrome.,Front Med (Lausanne),2025,2025,post-2017 (2017 international classification),case_report,1,18,,"Feature of criterion C cannot be counted in this situation
 2Case presentationAn 18-year-old male presented with minor hemoptysis lasting 8 h.",,18,young adult (18-29),years,male,True,True,True,True,2017 international classification; Villefranche; Beighton,,joint_hypermobility; subluxations_dislocations; chronic_pain; orthostatic_intolerance; tachycardia; flushing; urticaria; skin_hyperextensibility; fatigue; gi_symptoms; mitral_valve_prolapse,hEDS; hypermobile EDS; JHS; HSD; POTS; postural tachycardia syndrome; MCAD,rule_based_v2,2026-04-16T20:41:02.672804
PMC11829448,10.1186/s13023-025-03550-5,Rates of mental health concerns among individuals assessed at the GoodHope Ehlers-Danlos Syndrome Clinic.,Orphanet J Rare Dis,2025 Feb 14,2025,post-2017 (2017 international classification),clinical_study,1035,,,,,,,years,female,True,False,False,False,2017 international classification; Beighton,4,joint_hypermobility; subluxations_dislocations; chronic_pain; orthostatic_intolerance; skin_hyperextensibility; fatigue,hEDS; hypermobile EDS; JHS; HSD; dysautonomia,rule_based_v2,2026-04-16T20:41:02.678436
PMC11783490,10.1177/2050313X251316992,Myxomatous degeneration of aortic valve causing severe aortic regurgitation. A rare case report.,SAGE Open Med Case Rep,2025,2025,post-2017 (2017 international classification),review_or_study,1,37,,Here we present a case report of a 37-year-old man who came with shortness of breath for the past three months and was diagnosed with severe aortic regurgitation due to myxomatous aortic valve causing rupture of the non-coronary and right coronary cusp.,,37,adult (30-44),years,male,True,False,False,False,,,mitral_valve_prolapse,,rule_based_v2,2026-04-16T20:41:02.694699
PMC11769844,10.2147/CCID.S487399,Recalcitrant Female Pattern Hair Loss Like Alopecia Unveils Unexpected Rare Entity.,Clin Cosmet Investig Dermatol,2025,2025,post-2017 (2017 international classification),case_report,1,22,,Case Series PresentationCase 1A 22-year-old female complains of abnormal hair shedding started at puberty.,,22,young adult (18-29),years,female,True,False,False,False,,,,,rule_based_v2,2026-04-16T20:41:02.697686
PMC11751598,10.1136/bcr-2024-260109,Rare vascular complications in classical Ehlers-Danlos syndromes.,BMJ Case Rep,2025 Jan 4,2025,post-2017 (2017 international classification),clinical_study,467,42,,"He was diagnosed with classical EDS (type II) at the age of 26 based on the clinical findings of increased skin hyperextensibility, atrophic scarring, mildly increased range of motion of joints and a history of superficial skin bruising with no Marfanoid ectasia.",,42,adult (30-44),years,male,True,False,False,False,,,joint_hypermobility; chronic_pain; skin_hyperextensibility; easy_bruising; gi_symptoms; palpitations,EDS hypermobility type; JHS,rule_based_v2,2026-04-16T20:41:02.703230
PMC11750457,10.1016/j.radcr.2024.12.025,Radiological insights into fibromuscular dysplasia unveiled by intracranial aneurysms and iliac vein hypoplasia in suspected DVT.,Radiol Case Rep,2025 Mar,2025,post-2017 (2017 international classification),case_report,12,74,,This case report highlights a 74-year-old female diagnosed with FMD incidentally during evaluation for deep vein thrombosis (DVT).,,74,older adult (60-74),years,female,True,False,False,False,,,gi_symptoms; headache_migraine,,rule_based_v2,2026-04-16T20:41:02.707615
PMC11697121,10.1016/j.ijscr.2024.110728,Management of spontaneous liver hemorrhage in vascular Ehlers Danlos syndrome: A case report.,Int J Surg Case Rep,2025 Jan,2025,post-2017 (2017 international classification),review_or_study,1,33,,Presentation of caseA 33-year-old woman presented to the emergency department with acute onset abdominal pain.,,33,adult (30-44),years,female,True,False,False,False,Villefranche,,subluxations_dislocations; tachycardia; easy_bruising; gi_symptoms,,rule_based_v2,2026-04-16T20:41:02.712101
PMC11650402,10.1111/nmo.14957,"A machine learning approach to stratify patients with hypermobile Ehlers-Danlos syndrome/hypermobility spectrum disorders according to disorders of gut brain interaction, comorbidities and quality of life.",Neurogastroenterol Motil,2025 Jan,2025,post-2017 (2017 international classification),case_report,26,,,,,,,years,female,True,True,False,False,2017 international classification; Villefranche; Brighton; Beighton,,joint_hypermobility; chronic_pain; tachycardia; syncope; gi_symptoms; headache_migraine; palpitations,EDS hypermobility type; hEDS; hypermobile EDS; JHS; HSD; POTS; postural tachycardia syndrome; dysautonomia,rule_based_v2,2026-04-16T20:41:02.755920
PMC12802868,10.1016/j.jaccas.2025.106326,Tirzepatide and Autonomic Dysfunction: Insights From Postural Orthostatic Tachycardia Syndrome.,JACC Case Rep,2025 Dec 17,2025,post-2017 (2017 international classification),case_report,1,,,,,,,years,,False,True,False,False,,,tachycardia,POTS; postural tachycardia syndrome,rule_based_v2,2026-04-16T20:41:04.863260
PMC12793844,10.1016/j.jaccas.2025.105430,Exacerbation of Postural Orthostatic Tachycardia Syndrome With Tirzepatide Prescribed for Weight Loss.,JACC Case Rep,2025 Oct 15,2025,post-2017 (2017 international classification),case_report,1,28,,Case SummaryPOTS was exacerbated in a 28-year-old woman with obesity after using tirzepatide for weight reduction.,,28,young adult (18-29),years,female,False,True,False,False,MCAS consensus criteria,,orthostatic_intolerance; tachycardia; syncope; gi_symptoms; palpitations,POTS; postural tachycardia syndrome,rule_based_v2,2026-04-16T20:41:04.864723
PMC12711217,10.36660/abc.20250347,Use of Ivabradine in the Treatment of Patients with Postural Orthostatic Tachycardia Syndrome (POTS): A Systematic Review.,Arq Bras Cardiol,2025 Nov,2025,post-2017 (2017 international classification),review_or_study,1,,,"Ivabradine in children with POTS: a retrospective study
Towheed et al.",,,,years,,True,True,False,False,,,tachycardia,POTS; postural tachycardia syndrome,rule_based_v2,2026-04-16T20:41:04.868851
PMC12743803,10.1177/20420986251395925,Complex chronic adverse events following immunization: a systemic critique and reform proposal for vaccine pharmacovigilance.,Ther Adv Drug Saf,2025,2025,post-2017 (2017 international classification),clinical_study,21,,adolescent,"84
 A frequently cited example comes from El Carmen de Bolívar, a rural town in northern Colombia, where hundreds of adolescent girls developed acute and chronic, multisystem symptoms following a school-based HPV vaccination campaign.",12-18 years,15,adolescent (12-17),years,female,False,True,False,False,Brighton; 2015 POTS consensus,,chronic_pain; orthostatic_intolerance; tachycardia; syncope; anaphylaxis; fatigue; neuropathy; palpitations,POTS; postural tachycardia syndrome; dysautonomia,rule_based_v2,2026-04-16T20:41:04.877277
PMC12736109,10.3390/ph18121827,Disproportionality Analysis of Adverse Events Associated with IL-1 Inhibitors in the FDA Adverse Event Reporting System (FAERS).,Pharmaceuticals (Basel),2025 Dec 1,2025,post-2017 (2017 international classification),clinical_study,670,5,,"As the first approved IL-1 inhibitor (2001), anakinra remains a basic drug for the treatment of refractory RA and neonatal multi-system inflammatory diseases through inhibiting the binding of IL-1α/β to receptors [5].",,5,childhood (5-11),years,female,False,True,False,False,MCAS consensus criteria,,tachycardia; urticaria; medication_sensitivity,POTS; postural tachycardia syndrome,rule_based_v2,2026-04-16T20:41:04.914529
PMC12714501,10.1016/j.jaccas.2025.105773,Autonomic Dysfunction and Postural Orthostatic Tachycardia Syndrome Secondary to Abuse.,JACC Case Rep,2025 Nov 26,2025,post-2017 (2017 international classification),case_report,1,20,,"Case 1A 20-year-old woman with a history of hypermobile Ehlers-Danlos syndrome, seizure disorder, and POTS presented to the cardiology clinic for evaluation.",,20,young adult (18-29),years,female,True,True,False,False,,,orthostatic_intolerance; tachycardia; syncope; fatigue; gi_symptoms; headache_migraine; palpitations,hypermobile EDS; POTS; postural tachycardia syndrome; dysautonomia,rule_based_v2,2026-04-16T20:41:04.926843
PMC12640735,10.1002/14651858.CD015363.pub2,Effects of human papillomavirus (HPV) vaccination programmes on community rates of HPV-related disease and harms from vaccination.,Cochrane Database Syst Rev,2025 Nov 24,2025,post-2017 (2017 international classification),clinical_study,946,29,,"We performed meta-analysis on studies that reported effect estimates adjusted for confounding, with a focus on those receiving HPV vaccination at or before the age of 16 years (the target age group for vaccination).",,29,young adult (18-29),years,female,False,True,False,False,MCAS consensus criteria,,chronic_pain; orthostatic_intolerance; tachycardia; fatigue; brain_fog,POTS; postural tachycardia syndrome,rule_based_v2,2026-04-16T20:41:04.960474
PMC12640326,10.1007/s00415-025-13518-x,Postural orthostatic tachycardia syndrome is the most frequent cardiovascular autonomic disorder following COVID-19 infection or vaccination.,J Neurol,2025 Nov 22,2025,post-2017 (2017 international classification),clinical_study,120,28,,,,28,young adult (18-29),years,female,False,True,False,False,,,chronic_pain; orthostatic_intolerance; tachycardia; syncope; fatigue; gi_symptoms; headache_migraine; neuropathy; brain_fog,POTS; postural tachycardia syndrome; dysautonomia,rule_based_v2,2026-04-16T20:41:05.045207
PMC12574150,10.1186/s40959-025-00379-6,Postural orthostatic tachycardia syndrome and orthostatic intolerance in adult patients with active cancer.,Cardiooncology,2025 Oct 29,2025,post-2017 (2017 international classification),case_report,213,19,,MethodsConsecutive 220 active cancer patients aged 19-59 were enrolled.,,19,young adult (18-29),years,female,False,True,True,False,,,joint_hypermobility; orthostatic_intolerance; tachycardia; syncope; fatigue; gi_symptoms; headache_migraine; palpitations,JHS; POTS; postural tachycardia syndrome; dysautonomia,rule_based_v2,2026-04-16T20:41:05.060885
PMC12554255,10.7759/cureus.93271,Chronic Cardiovascular Disorders Associated With COVID-19: A Literature Review.,Cureus,2025 Sep,2025,post-2017 (2017 international classification),clinical_study,143,60,,"The average age of the subjects was 56 years, and the observation period lasted an average of 60.",,60,older adult (60-74),years,female,False,True,False,False,,,chronic_pain; orthostatic_intolerance; tachycardia; syncope; fatigue; gi_symptoms; headache_migraine; brain_fog; palpitations,POTS; postural tachycardia syndrome,rule_based_v2,2026-04-16T20:41:05.068204
PMC12520903,10.3389/fneur.2025.1642869,Differential diagnosis of orthostatic dizziness with persistent postural-perceptual dizziness and its underlying mechanisms.,Front Neurol,2025,2025,post-2017 (2017 international classification),animal_study,53,3,,The frequency of severe lesions with white matter hyperintensities (WMH) at Fazekas stage 3 was notably higher in patients experiencing ‘unexplained’ dizziness compared to those with ‘explained’ causes of dizziness (60).,,3,early childhood (1-4),years,female,False,True,False,False,,,chronic_pain; orthostatic_intolerance; tachycardia; syncope; fatigue; gi_symptoms; headache_migraine; neuropathy; brain_fog; palpitations,POTS; postural tachycardia syndrome,rule_based_v2,2026-04-16T20:41:05.080407
PMC12515974,10.3389/fcimb.2025.1647203,"Immunotherapies for postural orthostatic tachycardia syndrome, other common autonomic disorders, and Long COVID: current state and future direction.",Front Cell Infect Microbiol,2025,2025,post-2017 (2017 international classification),clinical_study,16,60,,"This form of syncope is common, with 42% of women and 32% of men experiencing at least one episode by age 60.",,60,older adult (60-74),years,,True,True,True,True,,,chronic_pain; orthostatic_intolerance; tachycardia; syncope; fatigue; gi_symptoms; headache_migraine; neuropathy; brain_fog; palpitations; medication_sensitivity,HSD; POTS; postural tachycardia syndrome; dysautonomia; mast cell activation syndrome,rule_based_v2,2026-04-16T20:41:05.107882
PMC12504783,10.7759/cureus.91804,Therapeutic Plasma Exchange in Postural Tachycardia Syndrome (POTS).,Cureus,2025 Sep,2025,post-2017 (2017 international classification),review_or_study,1,,child,EditorialPostural tachycardia syndrome (POTS) is an autonomic nervous system condition that is characterized by an increase in heart rate of at least 30 beats per minute (40 beats per minute in adolescents or children) upon standing from the supine position without corresponding hypotension [1].,3-12 years,7.5,childhood (5-11),years,,False,True,False,False,,,orthostatic_intolerance; tachycardia; fatigue; headache_migraine; palpitations,POTS; postural tachycardia syndrome; dysautonomia,rule_based_v2,2026-04-16T20:41:05.123572
PMC12495029,10.1093/ehjcr/ytaf425,Monitoring of cardiorespiratory vagal desynchrony using novel biomarkers derived from smartwatch electrocardiograms in a patient recovering from long COVID: case report.,Eur Heart J Case Rep,2025 Oct,2025,post-2017 (2017 international classification),case_report,1,35,,"Methods and resultsThis study examines a 35-year-old male with long COVID, POTS, and chronic fatigue syndrome (CFS), who recorded 328 ECGs over using a Samsung smartwatch.",,35,adult (30-44),years,male,False,True,False,False,,,tachycardia; fatigue,POTS; postural tachycardia syndrome; dysautonomia,rule_based_v2,2026-04-16T20:41:05.126841
PMC12441330,10.1016/j.jaccas.2025.104167,A Case of Postural Orthostatic Tachycardia Syndrome in a 20-Year-Old Female Athlete: Review of Ivabradine Guidelines.,JACC Case Rep,2025 Jul 16,2025,post-2017 (2017 international classification),clinical_study,49,20,,"Case SummaryA 20-year-old woman with POTS, complicated by multiple comorbidities, experienced a severe functional decline.",,20,young adult (18-29),years,female,True,True,False,False,,,orthostatic_intolerance; tachycardia; syncope; chiari; palpitations,POTS; postural tachycardia syndrome,rule_based_v2,2026-04-16T20:41:05.135102
PMC12399260,10.1016/j.jacadv.2025.101873,Characterization of Postural Orthostatic Tachycardia Syndrome in Long COVID: Self-reported Data From the LISTEN Study.,JACC Adv,2025 Aug,2025,post-2017 (2017 international classification),clinical_study,1,18,,"Study recruitmentThe LISTEN study recruited participants from the Hugo Health Kindred community, an online group of people aged 18 years and older interested in contributing to COVID-19 research.",,18,young adult (18-29),years,female,True,True,True,True,,,joint_hypermobility; chronic_pain; orthostatic_intolerance; tachycardia; fatigue; gi_symptoms; headache_migraine; neuropathy; brain_fog; palpitations,hypermobile EDS; POTS; postural tachycardia syndrome; dysautonomia; MCAS; mast cell activation syndrome,rule_based_v2,2026-04-16T20:41:05.139709
PMC12335401,10.1007/s00431-025-06253-y,Two-year follow-up on multisystem inflammatory syndrome in children (MIS-c): findings from a tertiary paediatric hospital in Latvia.,Eur J Pediatr,2025 Aug 9,2025,post-2017 (2017 international classification),clinical_study,21,1,,"Regarding practical aspects, functional tests were not completed by 1-year-old patients, due to age-specific reasons.",,1,early childhood (1-4),years,female,False,True,False,False,,,orthostatic_intolerance; fatigue; neuropathy; brain_fog,POTS,rule_based_v2,2026-04-16T20:41:05.150937
PMC12294965,10.3390/insects16070674,Effectiveness of Sunn Hemp (Crotalaria juncea L.) in Reducing Wireworm Damage in Potatoes.,Insects,2025 Jun 27,2025,post-2017 (2017 international classification),animal_study,1,1,,The ESI source was operated in positive ionization mode with the following instrumental parameters: capillary voltage of 1.,,1,early childhood (1-4),years,,False,True,False,False,,,,HSD; POTS,rule_based_v2,2026-04-16T20:41:05.160475
PMC12280984,10.1073/pnas.2426874122,Patient-reported treatment outcomes in ME/CFS and long COVID.,Proc Natl Acad Sci U S A,2025 Jul 15,2025,post-2017 (2017 international classification),clinical_study,925,,,,,,,years,female,True,True,True,True,,,joint_hypermobility; tachycardia; fatigue; headache_migraine; brain_fog,POTS; postural tachycardia syndrome; dysautonomia; MCAS; mast cell activation syndrome,rule_based_v2,2026-04-16T20:41:05.183667
PMC12283190,10.1155/ogi/8872884,The Long-Term Postural Orthostatic Tachycardia Syndrome Outcomes Survey-Gynecologic Findings: A Cross-Sectional Survey in Young Women.,Obstet Gynecol Int,2025,2025,post-2017 (2017 international classification),clinical_study,167,18,,MethodsThe LT-POTS survey was offered to a group of patients diagnosed with POTS before age 18 years by one of the authors (Jeffrey R.,,18,young adult (18-29),years,female,False,True,False,False,,,joint_hypermobility; orthostatic_intolerance; tachycardia; syncope; fatigue; gi_symptoms; headache_migraine,POTS; postural tachycardia syndrome,rule_based_v2,2026-04-16T20:41:05.203650
PMC12245418,10.1016/j.jaccas.2024.103212,Plug-and-Play Mitral Regurgitation: Not a Lid for All Pots.,JACC Case Rep,2025 May 7,2025,post-2017 (2017 international classification),case_report,1,,,,,,,years,,False,False,False,False,,,,,rule_based_v2,2026-04-16T20:41:05.209312
PMC12197400,10.3390/vaccines13060548,Cardiopulmonary Effects of COVID-19 Vaccination: A Comprehensive Narrative Review.,Vaccines (Basel),2025 May 22,2025,post-2017 (2017 international classification),clinical_study,19,82,,"TCM following COVID-19 vaccination tends to occur in older females, with systematic reviews yielding a median age of 61.",,82,elderly (75+),years,female,False,True,False,False,,,tachycardia; syncope; fatigue; headache_migraine; palpitations,POTS; postural tachycardia syndrome; dysautonomia,rule_based_v2,2026-04-16T20:41:05.212540
PMC12148095,10.33549/physiolres.935504,Autoimmune Antibodies in Orthostatic Intolerance Syndromes.,Physiol Res,2025 Apr 30,2025,post-2017 (2017 international classification),case_report,61,12,,Postural orthostatic tachycardia syndrome is characterized by a sustained increase in heart rate ≥30 bpm (≥ 40 bpm for adolescents aged 12-19 years) during 10 minutes of standing in the absence of orthostatic hypotension with associated symptoms of orthostatic intolerance.,,12,adolescent (12-17),years,female,False,True,True,False,,,orthostatic_intolerance; tachycardia; syncope; fatigue; gi_symptoms; headache_migraine; neuropathy; palpitations,POTS; postural tachycardia syndrome,rule_based_v2,2026-04-16T20:41:05.229125
PMC12112802,10.3390/medicina61050773,The Involvement and Manifestations of SARS-CoV-2 Virus in Cardiovascular Pathology.,Medicina (Kaunas),2025 Apr 22,2025,post-2017 (2017 international classification),animal_study,19,21,,"A study published in 2024 highlights that vaccination, especially with three doses, significantly improved immune responses and reduced the severity of COVID-19 in elderly patients.",,21,young adult (18-29),years,female,False,True,False,False,,,chronic_pain; orthostatic_intolerance; tachycardia; syncope; fatigue; headache_migraine; brain_fog; palpitations; medication_sensitivity,POTS; postural tachycardia syndrome; dysautonomia,rule_based_v2,2026-04-16T20:41:05.235088
PMC12071195,10.3389/fneur.2025.1567708,Impact of exercise to treat postural orthostatic tachycardia syndrome: a systematic review.,Front Neurol,2025,2025,post-2017 (2017 international classification),clinical_study,25,12,,"Current consensus criteria for the diagnosis of POTS in adults requires symptoms of orthostatic intolerance for at least three months, along with a sustained increase in heart rate (HR) of at least 30 beats per minute within 10 min of upright position (40 beats per minute in patients age 12-19 years...",,12,adolescent (12-17),years,female,True,True,True,True,MCAS consensus criteria,,joint_hypermobility; orthostatic_intolerance; tachycardia; fatigue; headache_migraine; neuropathy,HSD; POTS; postural tachycardia syndrome; MCAS; mast cell activation syndrome; mastocytosis,rule_based_v2,2026-04-16T20:41:05.252041
PMC11771442,10.1210/jcemcr/luae218.021,P-18 THREE BODY PROBLEM PATIENT: EHLER DANLOS SYNDROME COMBINED WITH HYPOPHOSPHATASIA AND FATTY ACID OXIDATION DEFECT.,JCEM Case Rep,2025 Jan,2025,post-2017 (2017 international classification),case_report,1,27,,Clinical CaseA 27-year-old male visited an endocrinology clinic with a complaint of low libido that started six months ago.,,27,young adult (18-29),years,male,True,True,True,True,,,joint_hypermobility; subluxations_dislocations; tachycardia; urticaria; headache_migraine,postural tachycardia syndrome; MCAD; mastocytosis,rule_based_v2,2026-04-16T20:41:05.280866
PMC12757523,10.1016/j.waojou.2025.101156,Off-label applications of omalizumab: Current insights and perspectives.,World Allergy Organ J,2025 Dec,2025,post-2017 (2017 international classification),clinical_study,953,1,,"In the United States, it has been registered for the treatment of allergic asthma, chronic spontaneous urticaria, and chronic food allergies in children over 1 year of age.",,1,early childhood (1-4),years,female,False,False,True,False,,,urticaria; anaphylaxis; gi_symptoms; medication_sensitivity,mastocytosis,rule_based_v2,2026-04-16T20:41:06.252090
PMC12741435,10.1093/omcr/omaf240,Avapritinib and corticosteroids in advanced systemic mastocytosis with tumoral CMML and associated thrombocytopenia.,Oxf Med Case Reports,2025 Dec,2025,post-2017 (2017 international classification),case_report,1,76,,"We present a case of a 76-year-old woman with advanced SM-AHN and thrombocytopenia, who responded to reduced-dose avapritinib combined with dexamethasone.",,76,elderly (75+),years,female,False,False,True,False,,,,mastocytosis,rule_based_v2,2026-04-16T20:41:06.268599
PMC12641438,10.3389/fcvm.2025.1705201,Cardiovascular manifestations in mast cell activation disease: key insights for cardiologists and angiologists.,Front Cardiovasc Med,2025,2025,post-2017 (2017 international classification),animal_study,12,2,,,,2,early childhood (1-4),years,,True,False,True,False,,,tachycardia; syncope; urticaria; anaphylaxis; gi_symptoms; neuropathy; medication_sensitivity,MCAS; MCAD; mast cell activation syndrome; mastocytosis,rule_based_v2,2026-04-16T20:41:06.279913
PMC12633608,10.1101/2025.10.19.25338239,"Geography, Ancestry, Age and Sex Shape Somatic Autosomal Mosaic Chromosomal Alterations in Blood.",medRxiv,2025 Oct 20,2025,post-2017 (2017 international classification),case_report,1,77,,,,77,elderly (75+),years,female,False,False,True,False,,,,MCAS,rule_based_v2,2026-04-16T20:41:06.302365
PMC12614038,10.7759/cureus.94557,Refractory Antiphospholipid Syndrome With Thoracic Outlet and Superior Vena Cava Syndromes: A Complex Case of Recurrent Thrombosis.,Cureus,2025 Oct,2025,post-2017 (2017 international classification),review_or_study,1,39,,"This is the case of a 39-year-old female with treatment-resistant antiphospholipid syndrome (APS), hereditary angioedema (HAE), and mast cell activation syndrome (MCAS) complicated by SVCS and venous TOS.",,39,adult (30-44),years,female,False,False,True,False,,,tachycardia; gi_symptoms; medication_sensitivity,dysautonomia; MCAS; MCAD; mast cell activation syndrome,rule_based_v2,2026-04-16T20:41:06.326675
PMC12615035,10.1155/crh/9562195,Chronic Anaphylaxis With Indolent Systemic Mastocytosis: A Case Report.,Case Rep Hematol,2025,2025,post-2017 (2017 international classification),case_report,1,35,,We report the case of a 35-year-old Caucasian female who suffered repeated life-threatening anaphylactic episodes that greatly decreased her quality of life and that the best supportive care measures failed to control.,,35,adult (30-44),years,female,False,True,True,False,,,chronic_pain; tachycardia; flushing; urticaria; anaphylaxis; gi_symptoms; headache_migraine; brain_fog,postural tachycardia syndrome; mastocytosis,rule_based_v2,2026-04-16T20:41:06.331031
PMC12539782,10.7759/cureus.92864,Anesthetic Considerations for Cesarean Section in a Woman With Systemic Mastocytosis.,Cureus,2025 Sep,2025,post-2017 (2017 international classification),case_report,5,11,,"Her first reaction was at the age of 11 years, and she had an anaphylactic reaction during her spinal surgery.",,11,childhood (5-11),years,female,True,False,True,False,,,chronic_pain; tachycardia; flushing; anaphylaxis; medication_sensitivity,mastocytosis,rule_based_v2,2026-04-16T20:41:06.336650
PMC12525111,10.3390/ijms26199605,"Gender and Allergy: Mechanisms, Clinical Phenotypes, and Therapeutic Response-A Position Paper from the Società Italiana di Allergologia, Asma ed Immunologia Clinica (SIAAIC).",Int J Mol Sci,2025 Oct 1,2025,post-2017 (2017 international classification),animal_study,1825,30,,"Through a correct balance between inflammation and anti-inflammatory mechanisms, the maternal immune system can tolerate the embryo and therefore the foetus until childbirth [10].",,30,adult (30-44),years,female,False,False,True,False,MCAS consensus criteria,,urticaria; anaphylaxis; fatigue; medication_sensitivity,MCAD; mastocytosis,rule_based_v2,2026-04-16T20:41:06.342863
PMC12512096,10.1111/bjh.70065,Midostaurin in daily clinical practice of patients with advanced systemic mastocytosis.,Br J Haematol,2025 Oct,2025,post-2017 (2017 international classification),clinical_study,79,1,,,,1,early childhood (1-4),years,female,False,False,True,False,MCAS consensus criteria,,chronic_pain; fatigue; gi_symptoms,mastocytosis,rule_based_v2,2026-04-16T20:41:06.356548
PMC12433324,10.1155/crom/3563591,KIT-Negative Systemic Mastocytosis Associated With Acute Myeloid Leukemia.,Case Rep Oncol Med,2025,2025,post-2017 (2017 international classification),clinical_study,10,63,,"Here, we report a rare case of a 63-year-old male who was diagnosed with concurrent KIT-negative SM on a background of acute myeloid leukemia (AML).",,63,older adult (60-74),years,male,False,False,True,False,,,medication_sensitivity,mastocytosis,rule_based_v2,2026-04-16T20:41:06.366158
PMC12432041,10.1007/s00277-025-06475-y,"The evaluation, management, and future of indolent systemic mastocytosis.",Ann Hematol,2025 Aug,2025,post-2017 (2017 international classification),clinical_study,159,,,,,,,years,male,False,False,True,False,,,tachycardia; syncope; flushing; urticaria; anaphylaxis; fatigue; gi_symptoms; headache_migraine,MCAD; mastocytosis,rule_based_v2,2026-04-16T20:41:06.372378
PMC12405650,10.1177/10668969251331202,"Mucinous Cystadenocarcinomas of the Breast Exhibit Heterogeneous Genomic Profile as Triple Negative Breast Cancer, Harbor Alterations in PIK3CA, PTEN, AKT1, and GNAS Genes, and May Not Be Indolent.",Int J Surg Pathol,2025 Oct,2025,post-2017 (2017 international classification),case_report,3,50,,"Patient 1The patient was a 50-year-old woman with no past medical history who identified a movable, nontender mass in the left breast.",,50,middle aged (45-59),years,female,False,False,True,False,,,,MCAS,rule_based_v2,2026-04-16T20:41:06.395711
PMC12404107,10.14740/jh2104,Mast Cell Leukemia: Comprehensive Review of Literature With Current Insights and Updates on Management.,J Hematol,2025 Aug,2025,post-2017 (2017 international classification),animal_study,1,2,,,,2,early childhood (1-4),years,female,False,False,True,False,MCAS consensus criteria,,tachycardia; syncope; flushing; urticaria; anaphylaxis; fatigue; gi_symptoms; headache_migraine,MCAS; MCAD; mast cell activation syndrome; mastocytosis,rule_based_v2,2026-04-16T20:41:06.408660
PMC12371744,10.2340/actadv.v105.43052,Evaluating Melanoma Risk in Adult Mastocytosis: Potential Impact of Detection Bias - A Registry-based Study (Sweden).,Acta Derm Venereol,2025 Aug 18,2025,post-2017 (2017 international classification),case_report,63,1,,,,1,early childhood (1-4),years,,False,False,True,False,,,,mastocytosis,rule_based_v2,2026-04-16T20:41:06.423880
PMC12347703,10.3390/jcm14155455,The Pulmonary Manifestation of Mastocytosis: Experiences of the National Reference Centre of Excellence.,J Clin Med,2025 Aug 3,2025,post-2017 (2017 international classification),clinical_study,104,46,,"A total of 104 Caucasian patients with mastocytosis and mast cell activation syndrome from the Department of Allergology, Medical University of Gdansk, were studied (median age 46 years; 95% CI 44.",,46,middle aged (45-59),years,,False,False,True,False,,,anaphylaxis; fatigue,MCAS; MCAD; mast cell activation syndrome; mastocytosis,rule_based_v2,2026-04-16T20:41:06.432158
PMC12343066,10.1093/jscr/rjaf590,Unmasking systemic mastocytosis: a case of gastrointestinal involvement misdiagnosed as achalasia.,J Surg Case Rep,2025 Aug,2025,post-2017 (2017 international classification),case_report,1,83,,"This case report details the diagnosis and management of an 83-year-old female with progressive dysphagia and weight loss, initially suspected to have achalasia.",,83,elderly (75+),years,female,False,False,True,False,,,urticaria; anaphylaxis; gi_symptoms,mastocytosis,rule_based_v2,2026-04-16T20:41:06.445807
PMC12334448,10.1007/s00277-025-06388-w,"Avapritinib monotherapy induces rapid and deep remission of heavily treated, KIT D816H-mutated t(8;21) acute myeloid leukemia, a case report and literature review.",Ann Hematol,2025 Jul,2025,post-2017 (2017 international classification),review_or_study,2,31,,Here we describe the case of a 31-year-old female with AML harboring t(8;21) and a KIT D816H mutation that relapsed following allogeneic hematopoietic stem cell transplant (alloHSCT) and was successfully treated with avapritinib monotherapy.,,31,adult (30-44),years,female,False,False,True,False,,,,mastocytosis,rule_based_v2,2026-04-16T20:41:06.449577
PMC12296355,10.1093/omcr/omaf118,Schnitzler syndrome - a rare cause of chronic urticaria. Case report.,Oxf Med Case Reports,2025 Jul,2025,post-2017 (2017 international classification),clinical_study,500,64,,"In this case report, a 64-year-old male patient with SchS was initially misdiagnosed with chronic spontaneous urticaria (CSU).",,64,older adult (60-74),years,male,False,False,True,False,,,chronic_pain; urticaria; headache_migraine,mastocytosis,rule_based_v2,2026-04-16T20:41:06.453307
PMC12264227,10.1016/j.lrr.2025.100510,Case report: Experience of a rare case of primary acute mast cell leukemia.,Leuk Res Rep,2025,2025,post-2017 (2017 international classification),review_or_study,1,74,,Case presentationWe present a case of a 74-year-old Chinese female with primary acute MCL who exhibited different responses to dexamethasone and methylprednisolone.,,74,older adult (60-74),years,female,False,False,True,False,MCAS consensus criteria,,chronic_pain; fatigue; gi_symptoms,mastocytosis,rule_based_v2,2026-04-16T20:41:06.457102
PMC12246164,10.1038/s41598-025-10020-2,Impact of major congenital anomalies on preterm birth and low birth weight.,Sci Rep,2025 Jul 10,2025,post-2017 (2017 international classification),review_or_study,1,2,,"Preterm birth is defined as delivery before 37 weeks of gestation, while low birth weight refers to birth weight less than 2,500 g, regardless of the gestational age2.",,2,early childhood (1-4),years,female,False,False,True,False,2017 international classification,,,MCAS,rule_based_v2,2026-04-16T20:41:06.461557
PMC12202291,10.1093/omcr/omaf077,Idiopathic cutaneous Mastocytosis mimicking infantile psoriasis in a six-month-old male: a rare presentation.,Oxf Med Case Reports,2025 Jun,2025,post-2017 (2017 international classification),case_report,1,0.5,,"This case describes a 6-month-old male presenting with lesions resembling infantile psoriasis on the scalp, extremities, and torso.",,0.5,infant (<1),months,male,False,False,True,False,,,urticaria,mastocytosis,rule_based_v2,2026-04-16T20:41:06.470347
PMC12076930,10.3389/fimmu.2025.1546704,Trends and hotspots on hymenoptera venom immunotherapy: a bibliometric and visualized analysis of research from 2014 to 2024.,Front Immunol,2025,2025,post-2017 (2017 international classification),review_or_study,1,,child,8% of children Settipane et al.,3-12 years,7.5,childhood (5-11),years,,False,False,True,False,,,,mastocytosis,rule_based_v2,2026-04-16T20:41:06.474210
PMC12052678,10.1182/bloodadvances.2024012612,Systemic mastocytosis: current status and challenges in 2024.,Blood Adv,2025 May 13,2025,post-2017 (2017 international classification),clinical_study,14,34,,A 34-year-old man with SM became a father after stopping avapritinib for a year.,,34,adult (30-44),years,female,False,False,True,False,,,syncope; flushing; urticaria; anaphylaxis; fatigue; gi_symptoms; headache_migraine; brain_fog; medication_sensitivity,mastocytosis,rule_based_v2,2026-04-16T20:41:06.492311
PMC12030918,10.3892/ol.2025.15050,Genomic and clinical‑pathological features of mucinous cystadenocarcinoma of the breast with HER2 amplification: A case report.,Oncol Lett,2025 Jun,2025,post-2017 (2017 international classification),case_report,40,64,,"In the present study, a rare case of a 64-year-old woman with HER2-positive MCA who underwent long-term follow-up without recurrence or distant metastasis is reported.",,64,older adult (60-74),years,female,False,False,True,False,,,,MCAS,rule_based_v2,2026-04-16T20:41:06.517160
PMC11825596,10.1007/s11914-025-00901-w,Management of Bone Health in Adult Mastocytosis.,Curr Osteoporos Rep,2025 Feb 13,2025,post-2017 (2017 international classification),clinical_study,1374,40,,"The level of evidence for this practice is weak, with one case report (of a woman aged 40 years) showing an improvement of bone pain after six weeks of inhaled sodium cromoglicate in addition to her usual H1 and H2 antihistamines and oral sodium cromoglicate treatment [52].",,40,adult (30-44),years,female,False,False,True,False,MCAS consensus criteria,,urticaria,MCAD; mast cell activation syndrome; mastocytosis,rule_based_v2,2026-04-16T20:41:06.539669
PMC11803904,10.1016/j.jdcr.2024.11.041,A rare case of pediatric cutaneous bullous mastocytosis.,JAAD Case Rep,2025 Mar,2025,post-2017 (2017 international classification),case_report,1,2,,Case reportA previously healthy 2-year-old female presented as a transfer for suspected SJS/TEN following an upper respiratory illness.,,2,early childhood (1-4),years,female,False,False,True,False,,,flushing; anaphylaxis,mastocytosis,rule_based_v2,2026-04-16T20:41:06.559996
PMC11773267,10.1016/j.eclinm.2024.103043,Characterization of patients with clonal mast cells in the bone marrow with clinical significance not otherwise specified.,EClinicalMedicine,2025 Feb,2025,post-2017 (2017 international classification),clinical_study,432,,,,,,,years,,False,False,True,False,,,flushing; urticaria; anaphylaxis,MCAS; MCAD; mastocytosis,rule_based_v2,2026-04-16T20:41:06.563765
PMC11771440,10.1210/jcemcr/luae218.069,P-70 THYMIC HYPERPLASIA AND GRAVES' DISEASE: IS THERE A HIDDEN AUTOIMMUNE DISORDER?,JCEM Case Rep,2025 Jan,2025,post-2017 (2017 international classification),case_report,1,45,,"Clinical CaseWe present a case of a 45-year-old female with Graves' disease and thymic hyperplasia, exhibiting non-specific symptoms.",,45,middle aged (45-59),years,female,False,False,True,False,,,flushing,mastocytosis,rule_based_v2,2026-04-16T20:41:06.583064
PMC11607125,10.22088/cjim.16.1.178,"Recurrent prosthetic mitral valve thrombosis: First report of an unusual feature of systemic mastocytosis, a case report and review of the literature.",Caspian J Intern Med,2025 Winter,2025,post-2017 (2017 international classification),case_report,1,52,,"Case Presentation:This study presents a case of recurrent prosthetic mitral valve malfunction in a 52-year-old patient with a history of cutaneous mastocytosis, who underwent mitral valve replacement three times over ten years.",,52,middle aged (45-59),years,,False,False,True,False,,,syncope; flushing; urticaria; anaphylaxis; medication_sensitivity,MCAD; mastocytosis,rule_based_v2,2026-04-16T20:41:06.643636
PMC12633589,10.1101/2025.10.22.25338573,Understanding Comorbidities in Hypermobile Ehlers-Danlos Syndrome: Could a Viral Infection Lead to a Diagnosis?,medRxiv,2025 Oct 24,2025,post-2017 (2017 international classification),case_report,19,25,,,,25,young adult (18-29),years,female,True,True,True,True,,,joint_hypermobility; chronic_pain; tachycardia; syncope; fatigue; gi_symptoms,hEDS; hypermobile EDS; POTS; postural tachycardia syndrome; dysautonomia; MCAS; mast cell activation syndrome,rule_based_v2,2026-04-16T20:43:29.896379
PMC12541780,10.3389/fdgth.2025.1662255,Wearable technology in the management of complex chronic illness: preliminary survey results on self-reported outcomes.,Front Digit Health,2025,2025,post-2017 (2017 international classification),clinical_study,1,18,,"MethodsA random sample of users of the Visible mobile application (Visible Plus; requires both the armband and paid subscription), aged 18 or older and with self-identified complex chronic illnesses such as LC or ME/CFS, were invited to complete an online survey regarding the impact of the app on th...",,18,young adult (18-29),years,female,True,True,True,True,,,chronic_pain; tachycardia; fatigue; headache_migraine,POTS; postural tachycardia syndrome; MCAS; mast cell activation syndrome,rule_based_v2,2026-04-16T20:43:30.953267
PMC12437428,10.1192/j.eurpsy.2025.189,"Hypermobility, immune dysfunction and dysautonomia cluster in ADHD.",Eur Psychiatry,2025 Apr,2025,post-2017 (2017 international classification),case_report,1,,,,,,,years,,True,True,True,True,,,joint_hypermobility; tachycardia; fatigue,hEDS; hypermobile EDS; JHS; HSD; POTS; postural tachycardia syndrome; dysautonomia; MCAD,rule_based_v2,2026-04-16T20:43:31.778508
PMC12063504,10.3389/fneur.2025.1513199,"Association of postural orthostatic tachycardia syndrome, hypermobility spectrum disorders, and mast cell activation syndrome in young patients; prevalence, overlap and response to therapy depends on the definition.",Front Neurol,2025,2025,post-2017 (2017 international classification),clinical_study,392,18,,"Additionally, the recommendation was made that a diagnosis of hEDS not be made until a patient reaches biological maturity or the age of 18 years.",,18,young adult (18-29),years,female,True,True,True,True,2017 international classification; Beighton; MCAS consensus criteria,,joint_hypermobility; subluxations_dislocations; orthostatic_intolerance; tachycardia; syncope; urticaria; easy_bruising; fatigue; gi_symptoms; headache_migraine; brain_fog; palpitations; medication_sensitivity,hEDS; hypermobile EDS; JHS; HSD; POTS; postural tachycardia syndrome; dysautonomia; MCAS; MCAD; mast cell activation syndrome,rule_based_v2,2026-04-16T20:43:32.868624
PMC12048102,10.1159/000541880,Prevalence of Autoantibodies in Patients with Hereditary Alpha-Tryptasemia.,Int Arch Allergy Immunol,2025,2025,post-2017 (2017 international classification),case_report,101,15,,Patients aged 15 years or older in whom tryptase genotyping was diagnostic for HαT were included.,,15,adolescent (12-17),years,female,True,True,True,True,,,tachycardia; flushing; urticaria; anaphylaxis; medication_sensitivity,hEDS; hypermobile EDS; POTS; postural tachycardia syndrome; MCAS; MCAD; mast cell activation syndrome; mastocytosis,rule_based_v2,2026-04-16T20:43:33.997827
PMC12043455,10.3389/fneur.2025.1512671,Hyperventilation during rest and exercise in orthostatic intolerance and Spiky-Leaky Syndrome.,Front Neurol,2025,2025,post-2017 (2017 international classification),clinical_study,392,9,,"MethodsStudy participantsWe reviewed clinical exercise testing data from patients aged 9 to 29 years who exhibited orthostatic intolerance (OI), as defined by Stewart (18) and Sandroni (9), along with at least one additional sign or symptom of autonomic nervous system dysfunction.",,9,childhood (5-11),years,female,True,True,True,True,2015 POTS consensus,,orthostatic_intolerance; tachycardia; syncope; fatigue; headache_migraine; brain_fog; palpitations,hypermobile EDS; HSD; POTS; postural tachycardia syndrome; dysautonomia; MCAS; mast cell activation syndrome,rule_based_v2,2026-04-16T20:43:35.014122
PMC11755520,10.1177/20503121251315021,The prevalence of hypermobile Ehlers-Danlos syndrome at a gender-affirming primary care clinic.,SAGE Open Med,2025,2025,post-2017 (2017 international classification),clinical_study,2180,16,,"Eligible participants were active patients at the gender-affirming primary care clinic, who were over the age of 16, were TGD, and had a diagnosis of hypermobile Ehlers-Danlos syndrome.",,16,adolescent (12-17),years,,True,True,True,True,,,joint_hypermobility; chronic_pain; tachycardia; fatigue; gi_symptoms; headache_migraine,hEDS; hypermobile EDS; HSD; POTS; postural tachycardia syndrome; dysautonomia; mast cell activation syndrome,rule_based_v2,2026-04-16T20:43:37.148512
PMC12712790,10.1136/bcr-2023-259469,Syndromic scoliosis in a patient with arthrochalasia Ehlers-Danlos syndrome corrected with a Wood-Rigo-Cheneau derotational brace.,BMJ Case Rep,2024 Sep 28,2024,post-2017 (2017 international classification),case_report,13,2,,"Serial casting is well known and is considered the standard of care since the landmark 2005 study by Mehta,8 which found resolution of scoliotic curves in 100% of patients treated with casting before the age of 2.",,2,early childhood (1-4),years,male,True,False,False,False,2017 international classification,,joint_hypermobility; subluxations_dislocations; skin_hyperextensibility; easy_bruising,,rule_based_v2,2026-04-16T20:41:02.389328
PMC12225415,10.3390/reports7020036,Postural Orthostatic Tachycardia Syndrome (POTS) as an Adverse Event to the Human Papilloma Virus (HPV) Vaccine and Its Relationship with Ehlers-Danlos Syndrome (EDS).,Reports (MDPI),2024 May 12,2024,post-2017 (2017 international classification),case_report,1,42,,Case Presentation SectionA 42-year-old female received the Gardasil 4 vaccine on 14 January 2014.,,42,adult (30-44),years,female,True,True,True,True,Beighton,,joint_hypermobility; orthostatic_intolerance; tachycardia; syncope; flushing; anaphylaxis; fatigue; gi_symptoms; headache_migraine,EDS type III; hEDS; hypermobile EDS; POTS; postural tachycardia syndrome; MCAS; mast cell activation syndrome,rule_based_v2,2026-04-16T20:41:02.509165
PMC11666444,10.3389/fneur.2024.1479545,"Neuraxial biomechanics, fluid dynamics, and myodural regulation: rethinking management of hypermobility and CNS disorders.",Front Neurol,2024,2024,post-2017 (2017 international classification),animal_study,1,,,,,,,years,,True,True,True,True,,,joint_hypermobility; subluxations_dislocations; chronic_pain; tachycardia; skin_hyperextensibility; headache_migraine; neuropathy; chiari,hEDS; hypermobile EDS; JHS; POTS; postural tachycardia syndrome; dysautonomia; MCAS; mast cell activation syndrome,rule_based_v2,2026-04-16T20:41:02.717658
PMC11646906,10.1016/j.jaccas.2024.102731,Comprehensive Genetic Testing for Coexisting Marfan and Loeys-Dietz Syndromes in Hereditary Thoracic Aortic Disease.,JACC Case Rep,2024 Dec 4,2024,post-2017 (2017 international classification),case_report,1,42,,History of presentationThe patient was a 42-year-old woman attending our outpatient care clinic without any symptoms.,,42,adult (30-44),years,female,True,False,False,False,,,gi_symptoms,,rule_based_v2,2026-04-16T20:41:02.772501
PMC11641481,10.3390/healthcare12232392,Self-Perception of Physical Problems in Patients with Non-Vascular Type of Ehlers-Danlos Syndrome: A Qualitative Study.,Healthcare (Basel),2024 Nov 28,2024,post-2017 (2017 international classification),clinical_study,24,41,,The interviews averaged 41 min in duration (ranging from 27 to 55 min).,,41,adult (30-44),years,female,True,False,True,False,,,joint_hypermobility; subluxations_dislocations; chronic_pain; skin_hyperextensibility; fatigue; neuropathy,EDS hypermobility type; hEDS; hypermobile EDS; JHS; HSD; dysautonomia; MCAS; mast cell activation syndrome; mastocytosis,rule_based_v2,2026-04-16T20:41:02.777405
PMC11623363,10.12890/2024_005018,Coexistence of Vascular Ehlers-Danlos Syndrome and Sticky Platelet Syndrome: A Lethal Combination in A Young Patient with Thrombophilia and Haemorrhagic Diathesis.,Eur J Case Rep Intern Med,2024,2024,post-2017 (2017 international classification),case_report,1,27,,"Case ReportWe report a 27-year-old woman, smoker and regular consumer of energy drinks, with a medical history of subclinical hypothyroidism, minor thalassemia, recurrent joint sprains, high myopia, and anterior mitral valve prolapse, who was diagnosed with both vEDS and SPS type I.",,27,young adult (18-29),years,female,True,False,False,False,,,joint_hypermobility; subluxations_dislocations; syncope; gi_symptoms; mitral_valve_prolapse,EDS type III,rule_based_v2,2026-04-16T20:41:02.785787
PMC11618054,10.2176/jns-nmc.2024-0128,A Case of Spontaneous Carotid-cavernous Fistula in a Patient with Vascular Ehlers-Danlos Syndrome.,NMC Case Rep J,2024,2024,post-2017 (2017 international classification),case_report,1,39,,A 39-year-old woman who had no physical and medical characteristics indicating vEDS was referred to our hospital due to sudden onset of headache and pulsatile tinnitus.,,39,adult (30-44),years,female,True,False,False,False,,,gi_symptoms; headache_migraine,EDS type III,rule_based_v2,2026-04-16T20:41:02.789571
PMC11610443,10.1515/medgen-2024-2060,Clinical diagnosis of the monogenic Ehlers-Danlos syndromes.,Med Genet,2024 Dec,2024,post-2017 (2017 international classification),case_report,1,20,,Individuals typically experience (ii) gingivitis and aggressive periodontitis leading to periodontal bone loss at a very young age with complete dental loss at an average age of 20 years.,,20,young adult (18-29),years,,True,False,False,False,2017 international classification; Villefranche; Beighton,,joint_hypermobility; subluxations_dislocations; skin_hyperextensibility; easy_bruising; gi_symptoms; headache_migraine,EDS type III; hEDS; hypermobile EDS; JHS; HSD,rule_based_v2,2026-04-16T20:41:02.798442
PMC11587892,10.1093/jscr/rjae726,Spontaneous sigmoid perforation and subsequent ruptured hepatic aneurysms in suspected vascular type Ehlers-Danlos syndrome: a case report and comprehensive literature review.,J Surg Case Rep,2024 Nov,2024,post-2017 (2017 international classification),review_or_study,1,21,,Case reportA 21-year-old male presents to the emergency department (ED) with acute onset abdominal pain.,,21,young adult (18-29),years,male,True,False,False,False,,,chronic_pain; easy_bruising; fatigue; gi_symptoms,EDS type III,rule_based_v2,2026-04-16T20:41:02.810846
PMC11585818,10.1016/j.crwh.2024.e00661,Recurrent adnexal torsion in a teenager with hypermobile Ehlers-Danlos syndrome: A case report.,Case Rep Womens Health,2024 Dec,2024,post-2017 (2017 international classification),case_report,1,17,,"A 17-year-old clinically diagnosed with hEDS presented with recurrent lower abdominal pain, later attributed to intermittent partial adnexal torsion.",,17,adolescent (12-17),years,female,True,False,False,False,2017 international classification,,joint_hypermobility; subluxations_dislocations; chronic_pain; skin_hyperextensibility; gi_symptoms; headache_migraine,EDS type III; hEDS; hypermobile EDS; JHS; HSD,rule_based_v2,2026-04-16T20:41:02.813200
PMC11581960,10.3389/fneur.2024.1459115,Presentation and physical therapy management using a neuroplasticity approach for patients with hypermobility-related upper cervical instability: a brief report.,Front Neurol,2024,2024,post-2017 (2017 international classification),case_report,1,44,,"Jay, a 44-year-old male, had seen a local, non-EDS neurosurgeon who concluded that Jay did not have cervical pathology.",,44,adult (30-44),years,male,True,True,False,False,Beighton,7,joint_hypermobility; chronic_pain; orthostatic_intolerance; tachycardia; fatigue; headache_migraine; chiari,hEDS; hypermobile EDS; HSD; postural tachycardia syndrome,rule_based_v2,2026-04-16T20:41:02.816900
PMC11545606,10.2147/IMCRJ.S490693,Bilateral Chronic Herpetic Anterior Uveitis in an Immunocompetent Patient.,Int Med Case Rep J,2024,2024,post-2017 (2017 international classification),review_or_study,1,42,,ResultsA 42-year-old Kenyan female presented with a 2-year history of intermittent painful eye redness associated with blurring of vision of both eyes.,,42,adult (30-44),years,female,True,False,False,False,,,chronic_pain,hEDS,rule_based_v2,2026-04-16T20:41:02.826856
PMC11532648,10.1210/jcemcr/luae205,Hypoglycemia Associated With Hypermobile Ehlers-Danlos Syndrome.,JCEM Case Rep,2024 Nov,2024,post-2017 (2017 international classification),case_report,1,33,,Case PresentationA 33-year-old female with an established clinical diagnosis of hypermobile EDS (hEDS) was referred for evaluation of possible hypoglycemia during hospitalization for seizure-like activity.,,33,adult (30-44),years,female,True,True,True,True,Beighton,9,joint_hypermobility; subluxations_dislocations; chronic_pain; tachycardia; skin_hyperextensibility; fatigue; gi_symptoms; headache_migraine; neuropathy; chiari; brain_fog; palpitations,hEDS; hypermobile EDS; JHS; POTS; postural tachycardia syndrome; dysautonomia; MCAS; mast cell activation syndrome,rule_based_v2,2026-04-16T20:41:02.831050
PMC11528175,10.7759/cureus.70667,Cesarean Delivery in a Patient With Hypermobile Ehlers-Danlos Syndrome: A Case Report.,Cureus,2024 Oct,2024,post-2017 (2017 international classification),case_report,1,24,,This article aims to report an anesthetic approach of a 24-year-old woman with hEDS proposed for cesarean delivery.,,24,young adult (18-29),years,female,True,True,True,True,,,joint_hypermobility; subluxations_dislocations; tachycardia; skin_hyperextensibility; easy_bruising; fatigue; gi_symptoms; headache_migraine; neuropathy; mitral_valve_prolapse,hEDS; hypermobile EDS; JHS; postural tachycardia syndrome; dysautonomia,rule_based_v2,2026-04-16T20:41:02.834412
PMC11527182,10.1371/journal.pone.0313139,Elucidating the roles of SOD3 correlated genes and reactive oxygen species in rare human diseases using a bioinformatic-ontology approach.,PLoS One,2024,2024,post-2017 (2017 international classification),animal_study,1,,neonate,,0-28 days,0,infant (<1),years,female,True,False,False,False,,,joint_hypermobility; skin_hyperextensibility; easy_bruising; fatigue; neuropathy,JHS,rule_based_v2,2026-04-16T20:41:02.839650
PMC11515420,10.1186/s12891-024-07937-6,Outcomes of orthopaedic surgery in Ehlers-Danlos syndromes: a scoping review.,BMC Musculoskelet Disord,2024 Oct 24,2024,post-2017 (2017 international classification),animal_study,491,46,,"(2017)USA [41]Revision pediatric anterior cruciate ligament reconstruction after failure of iliotibial band technique treated with all-epiphyseal technique in a prepubescent with Ehlers-Danlos syndrome: a case reportCaseEDS Type IVFU: 10 mos, 28 mos10 y/o FHad multiple prior injuries surgery (same k...",,46,middle aged (45-59),years,female,True,False,True,False,Beighton,9,joint_hypermobility; subluxations_dislocations; chronic_pain; skin_hyperextensibility; gi_symptoms; neuropathy; chiari,EDS type III; EDS hypermobility type; hEDS; hypermobile EDS; JHS; HSD,rule_based_v2,2026-04-16T20:41:02.875538
PMC11461980,10.1016/j.ijscr.2024.110294,Surviving the storm: A 6-year journey with bowel perforations and aneurysms in vascular Ehlers-Danlos syndrome - A case report.,Int J Surg Case Rep,2024 Nov,2024,post-2017 (2017 international classification),case_report,1,25,,Case presentationWe report a case of a 25-year-old female patient with a history of multiple bowel perforations that were operated on urgently numerous times and received many courses of a large spectrum of antibiotics for various infections.,,25,young adult (18-29),years,female,True,False,False,False,,,tachycardia; easy_bruising; gi_symptoms,,rule_based_v2,2026-04-16T20:41:02.897137
PMC11458247,10.13107/jocr.2024.v14.i10.4834,Spontaneous Bilateral Patellar Tendon Rupture in Patient with Ehlers-Danlos Syndrome: A Case Report.,J Orthop Case Rep,2024 Oct,2024,post-2017 (2017 international classification),clinical_study,45,45,,Case Report:A 45-year-old male sustained bilateral patellar tendon ruptures after falling onto his knees while pushing a heavy cart.,,45,middle aged (45-59),years,male,True,False,False,False,,,joint_hypermobility; chronic_pain; skin_hyperextensibility; fatigue,,rule_based_v2,2026-04-16T20:41:02.901184
PMC11459387,10.21037/acr-24-17,"Suspected local anesthetic resistance after intrathecal, perineural, intraarticular and subcutaneous injections: a case report.",AME Case Rep,2024,2024,post-2017 (2017 international classification),case_report,1,55,,"Case presentationA 55-year-old, 70 kg female presented for right knee arthroplasty and total replacement.",,55,middle aged (45-59),years,female,True,False,False,False,,,,,rule_based_v2,2026-04-16T20:41:02.907054
PMC11440296,10.1016/j.rmcr.2024.102119,Pulmonary Mycobacterium avium complex infection with vascular Ehlers-Danlos syndrome: A case report.,Respir Med Case Rep,2024,2024,post-2017 (2017 international classification),review_or_study,1,52,,2Case reportA 52-year-old woman underwent surgical treatment at another hospital for intestinal perforation.,,52,middle aged (45-59),years,female,True,False,False,False,,,chronic_pain; skin_hyperextensibility; easy_bruising; gi_symptoms,EDS type III,rule_based_v2,2026-04-16T20:41:02.912083
PMC11426177,10.12659/AJCR.943579,Coexisting Sacroiliac Arthritis and Chronic Nonbacterial Osteomyelitis in an Adolescent with Ehlers-Danlos Syndrome: A Case Report and Treatment Success.,Am J Case Rep,2024 Sep 22,2024,post-2017 (2017 international classification),case_report,1,15,,"Patient: Female, 15-year-old

Final Diagnosis: Chronic nonbacterial osteomyelitis • Ehlers-Danlos syndrome • sacroiliitis

Symptoms: Chronic pain • joint hypermobility

Clinical Procedure: Magnetic resonance imaging

Specialty: Pediatrics and Neonatology • Rheumatology
Objective:
Rare disease
Backgr...",,15,adolescent (12-17),years,female,True,False,False,False,2017 international classification,,joint_hypermobility; chronic_pain; skin_hyperextensibility; easy_bruising,hypermobile EDS; JHS,rule_based_v2,2026-04-16T20:41:02.918245
PMC11423452,10.1111/jvim.17180,Novel COL5A1 variants and associated disease phenotypes in dogs with classical Ehlers-Danlos syndrome.,J Vet Intern Med,2024 Sep-Oct,2024,post-2017 (2017 international classification),review_or_study,6,2,,DNA samples were submitted to the University of Missouri Genomics Technology Core Facility for library preparation and 2 × 150 base pair paired-end sequencing on their Illumina NovaSeq 6000 sequencer with a target coverage of 30×.,,2,early childhood (1-4),years,female,True,False,False,False,2017 international classification,,joint_hypermobility; subluxations_dislocations; skin_hyperextensibility; neuropathy,JHS; HSD,rule_based_v2,2026-04-16T20:41:02.926086
PMC11421124,10.1186/s13023-024-03261-3,Functional benefit of joint surgery in patients with non-vascular Ehlers-Danlos syndrome: results of a retrospective study.,Orphanet J Rare Dis,2024 Sep 23,2024,post-2017 (2017 international classification),clinical_study,69,60,,"Study populationThe inclusion criteria were: patient ≥ 18 years of age, with a confirmed diagnosis of EDS (according to the 2017 classification of EDS) and having undergone surgery on at least one of the following joints: shoulder, elbow, wrist, knee or ankle.",,60,older adult (60-74),years,female,True,False,False,False,2017 international classification; Beighton,,joint_hypermobility; subluxations_dislocations; chronic_pain; skin_hyperextensibility; fatigue; neuropathy,hEDS; hypermobile EDS; JHS,rule_based_v2,2026-04-16T20:41:02.940605
PMC11410636,10.3389/fneur.2024.1455498,Long COVID and hypermobility spectrum disorders have shared pathophysiology.,Front Neurol,2024,2024,post-2017 (2017 international classification),case_report,100,,,"Criterion 1: Generalized joint hypermobility-Beighton score of ≥6 for pre-pubertal children and adolescents, ≥5 for pubertal men and women up to the age of 50 years, and ≥4 for those >50 years of ageCriterion 2: Two or more of the following features (A-C) must be presentFeature A: Systemic manifesta...",,,,years,female,True,True,True,True,2017 international classification,,joint_hypermobility; subluxations_dislocations; chronic_pain; orthostatic_intolerance; tachycardia; skin_hyperextensibility; fatigue; neuropathy; mitral_valve_prolapse,hEDS; hypermobile EDS; JHS; HSD; POTS; postural tachycardia syndrome; dysautonomia; MCAD,rule_based_v2,2026-04-16T20:41:02.950799
PMC11408771,10.1016/j.radcr.2024.08.078,Cerebral air embolism associated with cavitary lung lesion in a patient with Ehlers-Danlos syndrome.,Radiol Case Rep,2024 Dec,2024,post-2017 (2017 international classification),case_report,1,22,,"CasePatient is a 22-year-old male with autism and Ehlers Danlos syndrome, who was brought to the emergency room by his mother after she found him rigid, shaking, and unresponsive.",,22,young adult (18-29),years,male,True,False,False,False,,,joint_hypermobility; skin_hyperextensibility,JHS,rule_based_v2,2026-04-16T20:41:02.955931
PMC11365123,10.1186/s13256-024-04628-7,Multiple dermatofibromas in a patient with Ehlers-Danlos syndrome: a case report.,J Med Case Rep,2024 Aug 31,2024,post-2017 (2017 international classification),case_report,1,18,,Case presentationAn 18-year-old Iranian woman presented with multiple purple nodules ranging from 0.,,18,young adult (18-29),years,female,True,False,False,False,2017 international classification; Beighton,,joint_hypermobility; skin_hyperextensibility; easy_bruising,EDS hypermobility type; hEDS; hypermobile EDS; JHS; HSD,rule_based_v2,2026-04-16T20:41:02.958621
PMC11343928,10.1186/s40792-024-01997-5,Surgical and irradiated case of early breast cancer in a patient with Ehlers-Danlos syndrome.,Surg Case Rep,2024 Aug 23,2024,post-2017 (2017 international classification),case_report,1,46,,Case presentationA 46-year-old woman with vascular EDS underwent partial left mastectomy and sentinel lymph node biopsy for left breast cancer (cStage 0) detected by medical examination.,,46,middle aged (45-59),years,female,True,False,False,False,,,skin_hyperextensibility,EDS type III,rule_based_v2,2026-04-16T20:41:02.962389
PMC11341037,10.1371/journal.pone.0307442,Investigation of dermal collagen nanostructures in Ehlers-Danlos Syndrome (EDS) patients.,PLoS One,2024,2024,post-2017 (2017 international classification),review_or_study,1,38,,"3 (labeled as hEDS throughout the paper)A 38-year-old woman with a history of multi-joint hypermobility, recurrent subluxation of both hips and knees, stretchy skin with easy bruising, chronic pains, orthostatic intolerance, migraines, and irritable bowel syndrome was referred to the GoodHope EDS cl...",,38,adult (30-44),years,female,True,False,False,False,2017 international classification; Villefranche; Beighton,5,joint_hypermobility; subluxations_dislocations; chronic_pain; orthostatic_intolerance; skin_hyperextensibility; easy_bruising; fatigue; headache_migraine,hEDS; hypermobile EDS; JHS,rule_based_v2,2026-04-16T20:41:02.971804
PMC11331821,10.1136/bcr-2024-260764,Internal carotid artery dissection associated with an elongated hyoid bone in a patient with vascular Ehlers-Danlos syndrome.,BMJ Case Rep,2024 Aug 16,2024,post-2017 (2017 international classification),case_report,1,,,,,,,years,male,True,False,False,False,,,skin_hyperextensibility,EDS type III,rule_based_v2,2026-04-16T20:41:02.986504
PMC11320472,10.1016/j.ajoc.2024.102120,Cataract surgery complications in a patient with brittle cornea syndrome and Ehlers-Danlos syndrome type six: A case report.,Am J Ophthalmol Case Rep,2024 Dec,2024,post-2017 (2017 international classification),case_report,1,73,,2Case reportWe present the case of a 73-year-old woman who was referred to us with a diagnosis of Ehlers-Danlos syndrome type VI confirmed by tests done in the past.,,73,older adult (60-74),years,female,True,False,False,False,,,joint_hypermobility; subluxations_dislocations,,rule_based_v2,2026-04-16T20:41:02.989874
PMC11109350,10.1016/j.jor.2024.05.009,The relationship between joint hypermobility and patellar instability: A systematic review.,J Orthop,2024 Oct,2024,post-2017 (2017 international classification),clinical_study,391,,child,,3-12 years,7.5,childhood (5-11),years,female,True,False,False,False,Beighton,4,joint_hypermobility; subluxations_dislocations,hypermobile EDS; JHS,rule_based_v2,2026-04-16T20:41:02.994740
PMC11268287,10.1177/21925682231151924,Outcomes Following Anterior Cervical Discectomy and Fusion in Patients With Ehlers-Danlos Syndrome.,Global Spine J,2024 Jul,2024,post-2017 (2017 international classification),animal_study,533,84,,"Study PopulationThe study population included patients 18-84 years of age who underwent elective one- or two-level ACDF with a prior diagnosis of EDS, all selected using ICD-9 and ICD-10 codes from 2010 to 2020 (Table 1).",,84,elderly (75+),years,female,True,False,False,False,,,joint_hypermobility; skin_hyperextensibility,hypermobile EDS,rule_based_v2,2026-04-16T20:41:03.010687
PMC11188628,10.1161/CIRCGEN.122.003978,Vascular Ehlers-Danlos Syndrome: A Comprehensive Natural History Study in a Dutch National Cohort of 142 Patients.,Circ Genom Precis Med,2024 Jun,2024,post-2017 (2017 international classification),animal_study,142,63,,"The individuals with isolated aortic aneurysms were a 63-year-old male with a 45-mm ascending aortic aneurysm (height 184 cm, weight 84 kg), a 56-year-old female who underwent a personalized external aortic root support procedure for a 53-mm aortic root aneurysm (Z-score 8.",,63,older adult (60-74),years,female,True,False,False,False,2017 international classification,,easy_bruising,EDS type III,rule_based_v2,2026-04-16T20:41:03.035270
PMC11188875,10.14309/crj.0000000000001393,Esophageal Striae as a Possible Gastrointestinal Manifestation of Hypermobile Ehlers-Danlos Syndrome.,ACG Case Rep J,2024 Jun,2024,post-2017 (2017 international classification),case_report,1,27,,"3,4A 27-year old woman presented with slowly progressive dysphagia.",,27,young adult (18-29),years,female,True,True,False,False,,,joint_hypermobility; tachycardia; skin_hyperextensibility; gi_symptoms; headache_migraine; brain_fog,hypermobile EDS; postural tachycardia syndrome,rule_based_v2,2026-04-16T20:41:03.047718
PMC11143781,10.1016/j.ajoc.2024.102080,Intraocular lens calcification in a patient with Ehlers-Danlos syndrome.,Am J Ophthalmol Case Rep,2024 Sep,2024,post-2017 (2017 international classification),case_report,1,18,,"2Case presentationAn 18-year-old male was referred to the vitreoretinal clinic complaining of progressive, painless visual deterioration in his left eye during the preceding twelve months.",,18,young adult (18-29),years,male,True,False,False,False,,,joint_hypermobility; subluxations_dislocations; easy_bruising,,rule_based_v2,2026-04-16T20:41:03.049233
PMC11120992,10.3390/genes15050618,Can Hemorrhagic Stroke Genetics Help Forensic Diagnosis in Pediatric Age (<5 Years Old)?,Genes (Basel),2024 May 13,2024,post-2017 (2017 international classification),review_or_study,1,13,,"Two studies concern children with CCM, aged 18 months and 3 years old, presenting with bleeding cavernomas; in addition, in the first one several silent cavernomas were also detected [23,24].",,13,adolescent (12-17),years,female,True,False,False,False,,,syncope; skin_hyperextensibility; easy_bruising; gi_symptoms; headache_migraine; neuropathy; mitral_valve_prolapse; medication_sensitivity,,rule_based_v2,2026-04-16T20:41:03.055042
PMC11095771,10.1371/journal.pone.0302401,Management of childbearing with hypermobile Ehlers-Danlos syndrome and hypermobility spectrum disorders: A scoping review and expert co-creation of evidence-based clinical guidelines.,PLoS One,2024,2024,post-2017 (2017 international classification),clinical_study,1,,neonate,"Articles were included if they reported primary research findings in relation to childbearing with hEDS/HSD, including case reports.",0-28 days,0,infant (<1),years,female,True,True,True,True,2017 international classification,,joint_hypermobility; subluxations_dislocations; chronic_pain; orthostatic_intolerance; tachycardia; syncope; flushing; urticaria; anaphylaxis; skin_hyperextensibility; fatigue; gi_symptoms; headache_migraine; neuropathy; chiari; brain_fog; mitral_valve_prolapse; palpitations,hEDS; hypermobile EDS; JHS; HSD; POTS; postural tachycardia syndrome; dysautonomia; MCAS; mast cell activation syndrome,rule_based_v2,2026-04-16T20:41:03.079850
PMC11082880,10.3389/fgene.2024.1399386,Editorial: Ehlers-Danlos syndrome: from bedside to bench.,Front Genet,2024,2024,post-2017 (2017 international classification),animal_study,27,,,"introduced the first experience of pre-implantation genetic diagnosis with surrogacy in vEDS, which could provide a choice for women with vEDS wishing to have unaffected biological children without pregnancy/delivery-related critical events but also provide necessity of careful discussion considerin...",,,,years,,True,False,False,False,2017 international classification,,joint_hypermobility; skin_hyperextensibility; easy_bruising,JHS,rule_based_v2,2026-04-16T20:41:03.089816
PMC11058070,10.1016/j.artd.2024.101390,Increased Opioid Use in Patients With Ehlers-Danlos Syndrome Before and After Total Hip Arthroplasty.,Arthroplast Today,2024 Jun,2024,post-2017 (2017 international classification),clinical_study,688,,,,,,,years,,True,True,False,False,,,joint_hypermobility; subluxations_dislocations; chronic_pain; tachycardia; skin_hyperextensibility,hypermobile EDS; HSD; postural tachycardia syndrome; dysautonomia,rule_based_v2,2026-04-16T20:41:03.093099
PMC11010766,10.1177/03000605241242582,Temporomandibular disorders among Ehlers-Danlos syndromes: a narrative review.,J Int Med Res,2024 Apr,2024,post-2017 (2017 international classification),clinical_study,17,33,,"1
 The prevalence of GJH ranges from 12% to 28% in the general population, depending on age and sex, with children and women more commonly affected.",,33,adult (30-44),years,female,True,False,False,False,Beighton,,joint_hypermobility; subluxations_dislocations; chronic_pain; skin_hyperextensibility; headache_migraine,hEDS; hypermobile EDS; JHS; HSD,rule_based_v2,2026-04-16T20:41:03.100574
PMC10988040,10.1016/j.jvscit.2024.101443,Iliac artery dissection and rupture in a patient with classic Ehlers-Danlos syndrome due to COL5A1 null variant.,J Vasc Surg Cases Innov Tech,2024 Jun,2024,post-2017 (2017 international classification),case_report,1,46,,This is a case of a 46-year-old woman who presented with right common iliac artery dissection preceded by a left common iliac artery dissection and rupture 6 years earlier.,,46,middle aged (45-59),years,female,True,False,False,False,,,joint_hypermobility; subluxations_dislocations; skin_hyperextensibility; easy_bruising; gi_symptoms,JHS,rule_based_v2,2026-04-16T20:41:03.107049
PMC10974947,10.7759/cureus.55084,An Unusual Case of Hemothorax in an Ehlers-Danlos Syndrome Patient Following Sildenafil Use.,Cureus,2024 Feb,2024,post-2017 (2017 international classification),animal_study,1,63,,"A 2012 case report described a 63-year-old male with hypertension who presented to the emergency room with chest pain 20 hours after taking tadalafil, a PDE-5 inhibitor, and was found to have a type B dissection of his descending thoracic aorta [4].",,63,older adult (60-74),years,male,True,False,False,False,,,joint_hypermobility; tachycardia; skin_hyperextensibility; easy_bruising; medication_sensitivity,JHS,rule_based_v2,2026-04-16T20:41:03.111177
PMC10941705,10.14797/mdcvj.1371,"The Impact of Pregnancy in Patients with Thoracic Aortic Disease: Epidemiology, Risk Assessment, and Management Considerations.",Methodist Debakey Cardiovasc J,2024,2024,post-2017 (2017 international classification),clinical_study,75,2,,"In the absence of a genetic diagnosis and in cases where familial TAA is suspected, screening for first-degree relatives should commence at 25 years of age or 10 years prior to the age of onset in the youngest affected individual within the family.",,2,early childhood (1-4),years,female,True,False,False,False,,,tachycardia,,rule_based_v2,2026-04-16T20:41:03.115643
PMC10940564,10.1186/s40792-024-01845-6,Successful management of splenic artery dissection after sigmoid colon perforation in vascular Ehlers-Danlos syndrome.,Surg Case Rep,2024 Mar 15,2024,post-2017 (2017 international classification),clinical_study,88,48,,Case presentationA 48-year-old man presented to our hospital with sudden severe lower abdominal pain.,,48,middle aged (45-59),years,male,True,False,False,False,2017 international classification; Villefranche,,gi_symptoms,EDS type III,rule_based_v2,2026-04-16T20:41:03.125653
PMC10917428,10.1159/000537705,A Possible Newly Defined and Treatable Secondary Cause of Early Morning Wake-Up Headaches in an Older Hypermobile Woman: Nutcracker Physiology with Spinal Epidural Venous Congestion.,Case Rep Neurol,2024 Jan-Dec,2024,post-2017 (2017 international classification),review_or_study,1,61,,Case ReportA 61-year-old woman with a history of hypermobile Ehlers-Danlos syndrome began to be awakened with severe head pain at midnight at least several times per week.,,61,older adult (60-74),years,female,True,False,False,False,2017 international classification,,chronic_pain; gi_symptoms; headache_migraine,hEDS; hypermobile EDS; HSD,rule_based_v2,2026-04-16T20:41:03.129992
PMC10906948,10.1093/bjrcr/uaae006,Endovascular intervention to treat spontaneous carotid-cavernous fistula in a patient with Ehlers-Danlos Syndrome with an access site anatomical variant.,BJR Case Rep,2024 Mar,2024,post-2017 (2017 international classification),case_report,4,48,,"Clinical presentationA 48-year-old lady with a history of vEDS presented with severe worsening left-sided headache associated with a whooshing sound, subconjunctival haemorrhage, proptosis, anisocoria (left pupil dilated), and restricted left eye movements.",,48,middle aged (45-59),years,,True,False,False,False,,,subluxations_dislocations; flushing; headache_migraine,EDS type III,rule_based_v2,2026-04-16T20:41:03.134893
PMC10853051,10.1002/ccr3.8517,Vascular Ehlers-Danlos syndrome: A null COL3A1 variant found in a patient with loin pain without marked cutaneous features (case report).,Clin Case Rep,2024 Feb,2024,post-2017 (2017 international classification),case_report,1,27,,2CASE HISTORY/EXAMINATIONA 27-year-old man presented with acute-onset severe left-sided loin pain for 1 day.,,27,young adult (18-29),years,male,True,False,False,False,,,joint_hypermobility; skin_hyperextensibility; easy_bruising,EDS type III,rule_based_v2,2026-04-16T20:41:03.139767
PMC10784750,10.1002/ccr3.8431,Systemic pain relief after omalizumab injection in patient with hypermobile Ehlers-Danlos syndrome: A case report.,Clin Case Rep,2024 Jan,2024,post-2017 (2017 international classification),case_report,1,,,,,,,years,,True,False,False,False,,,,hEDS; hypermobile EDS,rule_based_v2,2026-04-16T20:41:03.143315
PMC10782094,10.3988/jcn.2022.0251,Right Hemianopsia and Right-Limb Hypesthesia Associated With Vascular Ehlers-Danlos Syndrome and Antiphospholipid Syndrome.,J Clin Neurol,2024 Jan,2024,post-2017 (2017 international classification),case_report,1,26,,A 26-year-old Asian female presented to the emergency room reporting transient right hemianopsia for 4 hours following a neck massage.,,26,young adult (18-29),years,female,True,False,False,False,,,gi_symptoms,,rule_based_v2,2026-04-16T20:41:03.144191
PMC10765638,10.1186/s12872-023-03609-w,Left main and three vessels spontaneous coronary artery dissection as an incidental finding in young man with history of Hodgkin's lymphoma-a case report.,BMC Cardiovasc Disord,2024 Jan 3,2024,post-2017 (2017 international classification),review_or_study,1,33,,Case presentationWe describe A 33-year-old man with history of Hodgkin’s lymphoma five years earlier that became a candidate for Patent foramen ovale closure due to recurrent embolic cerebrovascular accident.,,33,adult (30-44),years,male,True,False,False,False,,,gi_symptoms,,rule_based_v2,2026-04-16T20:41:03.149680
PMC11775448,10.3389/fneur.2024.1515486,Oral medications for the treatment of postural orthostatic tachycardia syndrome; a systematic review of studies before and during the COVID-19 pandemic.,Front Neurol,2024,2024,post-2017 (2017 international classification),animal_study,1,,child,"Traditionally it is seen most frequently in women, with onset most often occurring from adolescence through childbearing age (5).",3-12 years,7.5,childhood (5-11),years,female,False,True,False,False,,,orthostatic_intolerance; tachycardia; syncope; fatigue; palpitations; medication_sensitivity,POTS; postural tachycardia syndrome; dysautonomia,rule_based_v2,2026-04-16T20:41:05.268616
PMC11646465,10.2147/JMDH.S495088,Exercise Interventions in the Management of Postural Orthostatic Tachycardia Syndrome: A Scoping Review.,J Multidiscip Healthc,2024,2024,post-2017 (2017 international classification),clinical_study,1,34,,"3Non-randomized clinical trialRichardson et al, 201725Using an exercise program to improve activity tolerance in a female with postural orthostatictachycardia syndrome: A case reportUSA1 female with POTS exacerbationOne 34-year-old femaleCase reportGeorge et al, 201613The international POTS registry...",,34,adult (30-44),years,female,False,True,False,False,MCAS consensus criteria,,joint_hypermobility; chronic_pain; orthostatic_intolerance; tachycardia; syncope; fatigue; gi_symptoms; headache_migraine; neuropathy; brain_fog,POTS; postural tachycardia syndrome; dysautonomia,rule_based_v2,2026-04-16T20:41:05.283067
PMC11608111,10.7759/cureus.72765,Conservative Management of Cervicogenic Dizziness Associated With Upper Cervical Instability and Postural Orthostatic Tachycardia Syndrome: A Case Report.,Cureus,2024 Oct,2024,post-2017 (2017 international classification),review_or_study,1,27,,"We present a case of a 27-year-old woman with a six-year history of dizziness, neck and cervicothoracic pain, and occipital-temporal-orbital headaches.",,27,young adult (18-29),years,female,True,True,False,False,,,joint_hypermobility; chronic_pain; tachycardia; syncope; gi_symptoms; headache_migraine; palpitations,POTS; postural tachycardia syndrome; dysautonomia,rule_based_v2,2026-04-16T20:41:05.295398
PMC11565627,10.7759/cureus.71606,A Case of Post-malarial Postural Orthostatic Tachycardia Syndrome in a Young Woman of South Asian Origin.,Cureus,2024 Oct,2024,post-2017 (2017 international classification),animal_study,1,25,,Case presentationFirst hospital visit (at age 25)A 25-year-old right-handed female medical student presented at a multispecialty hospital in southern India with a history of recurrent attacks of palpitations associated with giddiness and syncope.,,25,young adult (18-29),years,male,True,True,True,True,MCAS consensus criteria,,orthostatic_intolerance; tachycardia; syncope; fatigue; gi_symptoms; headache_migraine; neuropathy; mitral_valve_prolapse; palpitations; medication_sensitivity,POTS; postural tachycardia syndrome; dysautonomia,rule_based_v2,2026-04-16T20:41:05.301381
PMC11562304,10.1186/s12872-024-04315-x,Postural orthostatic tachycardia syndrome after COVID-19 vaccination: A systematic review.,BMC Cardiovasc Disord,2024 Nov 13,2024,post-2017 (2017 international classification),clinical_study,45,13,,"It is defined as an autonomic disorder characterized by a significant increase in heart rate (≥ 30 beats per minute in adults and ≥ 40 beats per minute in adolescents) within 10 min of standing, accompanied by symptoms such as dizziness, palpitations, fatigue, and syncope, without substantial change...",,13,adolescent (12-17),years,female,False,True,False,False,,,orthostatic_intolerance; tachycardia; syncope; fatigue; gi_symptoms; headache_migraine; neuropathy; palpitations,POTS; postural tachycardia syndrome; dysautonomia,rule_based_v2,2026-04-16T20:41:05.307738
PMC11440135,10.1016/j.hrcr.2024.06.003,Postural orthostatic tachycardia syndrome after radiofrequency catheter ablation in the atrioventricular junction-An uncommon and often unrecognized complication.,HeartRhythm Case Rep,2024 Sep,2024,post-2017 (2017 international classification),case_report,6,43,,Case reportA 43-year-old female patient presented to the hospital with a 2-week history of rapid palpitations associated with mild light-headedness while standing up.,,43,adult (30-44),years,female,False,True,False,False,,,orthostatic_intolerance; tachycardia; gi_symptoms; neuropathy; palpitations,POTS; postural tachycardia syndrome,rule_based_v2,2026-04-16T20:41:05.318583
PMC11276651,10.3390/ijms25147778,Stress-Related Chronic Fatigue Syndrome: A Case Report with a Positive Response to Alpha-Methyl-P-Tyrosine (AMPT) Treatment.,Int J Mol Sci,2024 Jul 16,2024,post-2017 (2017 international classification),case_report,1,29,,"Diagnostic TimelineA 29-year-old male presented at the hospital in 2012, reporting severe fatigue and a history of exhaustion from 2008 to 2012, necessitating intermittent daytime naps.",,29,young adult (18-29),years,male,False,True,False,False,,,tachycardia; fatigue; headache_migraine; brain_fog,POTS; postural tachycardia syndrome,rule_based_v2,2026-04-16T20:41:05.345151
PMC11050777,10.3390/jcm13082405,The Role of Heparin in Postural Orthostatic Tachycardia Syndrome and Other Post-Acute Sequelae of COVID-19.,J Clin Med,2024 Apr 20,2024,post-2017 (2017 international classification),animal_study,19,,,,,,,years,,False,True,False,False,,,orthostatic_intolerance; tachycardia,POTS; postural tachycardia syndrome; dysautonomia,rule_based_v2,2026-04-16T20:41:05.354435
PMC11051445,10.3390/jpm14040435,Autoimmunity in Syndromes of Orthostatic Intolerance: An Updated Review.,J Pers Med,2024 Apr 20,2024,post-2017 (2017 international classification),animal_study,14,,,"POTS primarily affects women of childbearing age [5,6].",,,,years,female,False,True,True,False,,,orthostatic_intolerance; tachycardia; syncope; fatigue; gi_symptoms; headache_migraine; neuropathy; palpitations,POTS; postural tachycardia syndrome; dysautonomia; mast cell activation syndrome,rule_based_v2,2026-04-16T20:41:05.365603
PMC10990027,10.1097/HJH.0000000000003669,Complete remission with histamine blocker in a patient with intractable hyperadrenergic postural orthostatic tachycardia syndrome secondary to long coronavirus disease syndrome.,J Hypertens,2024 May 1,2024,post-2017 (2017 international classification),case_report,1,26,,"CASE PRESENTATIONA previously healthy 26-year-old man was studied following 1 year of symptoms characterized by palpitations, presyncope, fatigue, postural dizziness, and brain fog, which began in March 2022, 2 months after recovery from mild COVID-19.",,26,young adult (18-29),years,male,False,True,True,False,,,orthostatic_intolerance; tachycardia; syncope; urticaria; fatigue; gi_symptoms; headache_migraine; neuropathy; brain_fog; palpitations,POTS; postural tachycardia syndrome; dysautonomia; MCAS; MCAD; mast cell activation syndrome,rule_based_v2,2026-04-16T20:41:05.386665
PMC10981078,10.7759/cureus.55205,"Myocarditis, Coagulopathy, and Small Fibre, Sensory, and Multiple Cranial Nerve Neuropathy Complicating BNT162b2 Vaccination: A Case Report.",Cureus,2024 Feb,2024,post-2017 (2017 international classification),case_report,1,51,,"The patient is a 51-year-old woman with chronic myopericarditis, coagulopathy due to factor-VIII increase and protein-S deficiency, GBS, and a number of other ocular, dermatological, immunological, and central nervous system abnormalities related to the second dose of the BNT172b2 vaccine.",,51,middle aged (45-59),years,female,False,True,False,False,,,orthostatic_intolerance; tachycardia; syncope; fatigue; gi_symptoms; headache_migraine; neuropathy; brain_fog; mitral_valve_prolapse; palpitations,POTS; postural tachycardia syndrome; dysautonomia,rule_based_v2,2026-04-16T20:41:05.390213
PMC10849078,10.1093/ehjcr/ytae029,Radiofrequency venous ablation for symptomatic relief in postural orthostatic tachycardia syndrome: a case series.,Eur Heart J Case Rep,2024 Feb,2024,post-2017 (2017 international classification),review_or_study,3,37,,"Case 1A 37-year-old woman with a history of chronic Lyme disease, portal and superficial vein thrombosis, and Lupus presented to our clinic 5 years after her initial POTS diagnosis.",,37,adult (30-44),years,female,False,True,False,False,,,chronic_pain; orthostatic_intolerance; tachycardia; syncope; fatigue; gi_symptoms; brain_fog; palpitations,POTS; postural tachycardia syndrome; dysautonomia,rule_based_v2,2026-04-16T20:41:05.394524
PMC10767774,10.4274/balkanmedj.galenos.2023.2023-10-25,"""When,"" ""Where,"" and ""How"" of SARS-CoV-2 Infection Affects the Human Cardiovascular System: A Narrative Review.",Balkan Med J,2024 Jan 3,2024,post-2017 (2017 international classification),clinical_study,19,12,,"In this narrative review, we describe and elucidate when, where, and how COVID-19 affects the human cardiovascular system in various parts of the human body that are vulnerable in every patient category, including children and athletes.",,12,adolescent (12-17),years,female,False,True,True,False,,,chronic_pain; orthostatic_intolerance; tachycardia; syncope; anaphylaxis; fatigue; gi_symptoms; neuropathy; palpitations,POTS; postural tachycardia syndrome; dysautonomia,rule_based_v2,2026-04-16T20:41:05.399343
PMC10199303,10.1007/s10557-023-07465-w,Acute and Post-Acute COVID-19 Cardiovascular Complications: A Comprehensive Review.,Cardiovasc Drugs Ther,2024 Oct,2024,post-2017 (2017 international classification),clinical_study,19,,,,,,,years,female,False,True,False,False,,,tachycardia; fatigue; gi_symptoms; headache_migraine; palpitations,POTS; postural tachycardia syndrome,rule_based_v2,2026-04-16T20:41:05.495823
PMC11676300,10.3390/life14121604,Exploring Pediatric Dermatology in Skin of Color: Focus on Dermoscopy.,Life (Basel),2024 Dec 4,2024,post-2017 (2017 international classification),review_or_study,12,20,,"Children with skin of color, as indicated by a clinical epidemiology study, tend to appear with mostly plane-type and plantopalmar warts when under the age of 10, while 11-20-year-old Indian children mainly appear with the plantopalmar, plane, common, and mosaic wart subtypes.",,20,young adult (18-29),years,female,False,False,True,False,,,urticaria,mastocytosis,rule_based_v2,2026-04-16T20:41:06.585697
PMC11671108,10.7759/cureus.74501,Recalcitrant Pustular Dermatosis Successfully Treated With Prolonged Isotretinoin Therapy.,Cureus,2024 Nov,2024,post-2017 (2017 international classification),case_report,1,25,,"A 25-year-old female patient presented with a diffuse, inflamed pustular rash that was unresponsive to a wide range of conventional treatments, including antibiotics, antifungals, and topical agents.",,25,young adult (18-29),years,female,False,False,True,False,,,,mastocytosis,rule_based_v2,2026-04-16T20:41:06.609918
PMC11662473,10.1186/s13052-024-01731-9,Hymenoptera venom allergy in children.,Ital J Pediatr,2024 Dec 20,2024,post-2017 (2017 international classification),case_report,1,5,,Fatal cases in children are being reported from 5 years of age [17].,,5,childhood (5-11),years,male,False,False,True,False,MCAS consensus criteria,,syncope; urticaria; anaphylaxis; gi_symptoms; headache_migraine,MCAD; mastocytosis,rule_based_v2,2026-04-16T20:41:06.615997
PMC11651727,10.1155/crnm/2503963,Unveiling the Uncommon: A Case Report of Horner's Syndrome as a Rare Glimpse Into Giant Cell Arteritis.,Case Rep Neurol Med,2024,2024,post-2017 (2017 international classification),case_report,29,82,,"This case report discusses an 82-year-old female with hypertension, atrial fibrillation, and arthritis who presented with a 24 h history of right eye ptosis, blurred vision, dizziness, and aching eye pain.",,82,elderly (75+),years,female,False,False,True,False,,,headache_migraine,MCAS,rule_based_v2,2026-04-16T20:41:06.631767
PMC11625085,10.1155/crh/4360304,KIT V560D-Mutated Systemic Mastocytosis Associated With High-Risk Myelodysplastic Syndrome: A Unique Case of Systemic Mastocytosis-Associated Hematologic Neoplasm.,Case Rep Hematol,2024,2024,post-2017 (2017 international classification),case_report,116,75,,"We present a case of a 75-year-old female patient with SM-AHN, specifically myelodysplastic syndrome (MDS), that harbored a unique KIT mutation KIT V560D, not previously described in the literature in this setting.",,75,elderly (75+),years,female,False,False,True,False,,,syncope; flushing; fatigue; gi_symptoms,mastocytosis,rule_based_v2,2026-04-16T20:41:06.635003
PMC11596688,10.3390/medicina60111752,Osteoporosis in Systemic Mastocytosis: A Scoping Review.,Medicina (Kaunas),2024 Oct 24,2024,post-2017 (2017 international classification),animal_study,39,52,,"Cutaneous mastocytosis, more common in childhood, usually has a self-resolving pattern with few cases persisting into adulthood and may present with urticaria, itching, erythema, and angioedema.",,52,middle aged (45-59),years,,False,False,True,False,,,flushing; urticaria; anaphylaxis; gi_symptoms; medication_sensitivity,mastocytosis,rule_based_v2,2026-04-16T20:41:06.648766
PMC11470813,10.7759/cureus.69285,Non-aneurysmal Subarachnoid Hemorrhage Due to an Aplastic or Twig-Like Middle Cerebral Artery Diagnosed by Cone Beam CT and M1 Selective Angiography: A Case Report.,Cureus,2024 Sep,2024,post-2017 (2017 international classification),clinical_study,82,38,,A 38-year-old female patient experienced a sudden severe headache and was admitted to our hospital.,,38,adult (30-44),years,female,False,False,True,False,,,gi_symptoms; headache_migraine,MCAS,rule_based_v2,2026-04-16T20:41:06.659040
PMC11465966,10.7759/cureus.69079,Severe Anaphylaxis From Remimazolam in a Mastocytosis Cancer Patient: A Case Report.,Cureus,2024 Sep,2024,post-2017 (2017 international classification),case_report,1,77,,We describe the case of a 77-year-old male with oncologic mastocytosis who developed anaphylaxis following remimazolam administration.,,77,elderly (75+),years,male,False,False,True,False,,,tachycardia; urticaria; anaphylaxis; gi_symptoms; medication_sensitivity,mastocytosis,rule_based_v2,2026-04-16T20:41:06.661821
PMC11444605,10.1097/MS9.0000000000002472,Indolent systemic mastocytosis (ISM) without skin lesions as a recurrent anaphylaxis: a case report study.,Ann Med Surg (Lond),2024 Oct,2024,post-2017 (2017 international classification),case_report,10,32,,Case presentation:This case report describes a 32-year-old male patient who presented with a history of recurrent anaphylactic attacks and elevated serum tryptase levels without apparent skin involvement.,,32,adult (30-44),years,male,False,False,True,False,,,flushing; urticaria; anaphylaxis; gi_symptoms,mastocytosis,rule_based_v2,2026-04-16T20:41:06.666004
PMC11439156,10.1111/cea.14514,Management of Refractory Anaphylaxis: An Overview of Current Guidelines.,Clin Exp Allergy,2024 Jul,2024,post-2017 (2017 international classification),animal_study,596,,child,"However, there is a wide variation in the volumes of fluid therapy recommended, from childhood to adulthood [10, 14, 16, 19-32, 34-36, 39, 47] (Table 4).",3-12 years,7.5,childhood (5-11),years,male,False,False,True,False,MCAS consensus criteria,,tachycardia; anaphylaxis; gi_symptoms; medication_sensitivity,mastocytosis,rule_based_v2,2026-04-16T20:41:06.670890
PMC11434177,10.3390/medicina60091380,Tryptase: The Silent Witness of Past and Ongoing Systemic Events.,Medicina (Kaunas),2024 Aug 23,2024,post-2017 (2017 international classification),case_report,1,,,,,,,years,female,False,False,True,False,,,urticaria; anaphylaxis; gi_symptoms; medication_sensitivity,mastocytosis,rule_based_v2,2026-04-16T20:41:06.692508
PMC11361272,10.5414/ALX02524E,Diagnostic measures in patients with severe insect sting reactions and elevated baseline serum tryptase levels.,Allergol Select,2024,2024,post-2017 (2017 international classification),case_report,3,2,,,,2,early childhood (1-4),years,,False,False,True,False,,,anaphylaxis,mastocytosis,rule_based_v2,2026-04-16T20:41:06.710166
PMC11303256,10.1002/clt2.12387,Clinical and biological characteristics associated with bronchial or pulmonary abnormalities on chest CT imaging in patients with systemic mastocytosis.,Clin Transl Allergy,2024 Aug,2024,post-2017 (2017 international classification),case_report,1,,,,,,,years,,False,False,True,False,,,,mastocytosis,rule_based_v2,2026-04-16T20:41:06.713972
PMC11236357,10.14740/jh1279,Unraveling the Rare Entity of KIT D816V-Negative Systemic Mastocytosis.,J Hematol,2024 Jun,2024,post-2017 (2017 international classification),case_report,1,49,,"Case ReportsCase 1A 49-year-old previously healthy female was referred to our care with a 4-year history of painless and nonpruritic cutaneous eruptions affecting her upper and lower extremities, as well as the abdomen.",,49,middle aged (45-59),years,female,False,False,True,False,MCAS consensus criteria,,syncope; flushing; anaphylaxis; fatigue; gi_symptoms; headache_migraine; palpitations,mastocytosis,rule_based_v2,2026-04-16T20:41:06.716409
PMC11187405,10.1002/jgh3.13102,Comparison of the effects of abdominal massage and osteopathic manipulative treatment home program on constipation in children with cerebral palsy.,JGH Open,2024 Jun,2024,post-2017 (2017 international classification),clinical_study,30,12,,MethodsTwenty-nine children with CP with a mean age of 12.,,12,adolescent (12-17),years,,False,False,True,False,,,gi_symptoms,MCAS,rule_based_v2,2026-04-16T20:41:06.725124
PMC11177828,10.14309/crj.0000000000001383,"Imatinib and Trigger Avoidance for Mast Cell Activation Syndrome Presenting With Attacks of Abdominal Pain, Nausea, Vomiting, and Diarrhea.",ACG Case Rep J,2024 Jun,2024,post-2017 (2017 international classification),clinical_study,89,53,,A 53-year-old paint salesman suffered severe attacks of these symptoms for the 3 decades of his career.,,53,middle aged (45-59),years,male,False,False,True,False,,,flushing; urticaria; anaphylaxis; fatigue; gi_symptoms; headache_migraine,MCAS; MCAD; mast cell activation syndrome; mastocytosis,rule_based_v2,2026-04-16T20:41:06.733068
PMC11154339,10.3390/ijms25031401,Diffuse Cutaneous Mastocytosis: A Current Understanding of a Rare Disease.,Int J Mol Sci,2024 Jan 23,2024,post-2017 (2017 international classification),case_report,1747,35,,"Another report of familial DCM concerned a 35-year-old man who was suffering from generalized bullous skin lesions until the age of 2 and his 8-year-old son, who experienced nearly identical symptoms [54].",,35,adult (30-44),years,male,False,False,True,False,,,flushing; urticaria; anaphylaxis; gi_symptoms; headache_migraine,MCAD; mastocytosis,rule_based_v2,2026-04-16T20:41:06.737397
PMC11127591,10.1016/j.aace.2024.02.003,A Vertebral Fracture Unmasking Systemic Mastocytosis in a 29-Year-Old Man.,AACE Clin Case Rep,2024 May-Jun,2024,post-2017 (2017 international classification),case_report,2,29,,Case PresentationA 29-year-old man presented to the endocrinology clinic after sustaining a T3 vertebral burst fracture from a ground-level fall.,,29,young adult (18-29),years,male,False,False,True,False,,,syncope; anaphylaxis; fatigue; gi_symptoms; headache_migraine,mastocytosis,rule_based_v2,2026-04-16T20:41:06.746578
PMC11090565,10.25259/JNRP_26_2024,Sequential mechanical thrombectomies in acute bilateral middle cerebral artery strokes: A case report and review of literature.,J Neurosci Rural Pract,2024 Apr-Jun,2024,post-2017 (2017 international classification),review_or_study,1,47,,"Herein, we report a case of 47-year-old female having rheumatic heart disease presented with simultaneous bilateral MCAs occlusion, treated with mechanical thrombectomies successfully.",,47,middle aged (45-59),years,female,False,False,True,False,,,,MCAS,rule_based_v2,2026-04-16T20:41:06.748814
PMC10890967,10.1002/ccr3.8500,A case of indolent systemic mastocytosis responding to treatment with Avapritinib.,Clin Case Rep,2024 Feb,2024,post-2017 (2017 international classification),case_report,1,51,,2CASE DESCRIPTIONA 51-year-old female was diagnosed with indolent SM in 2013.,,51,middle aged (45-59),years,female,False,False,True,False,,,flushing; urticaria; anaphylaxis; gi_symptoms; headache_migraine; medication_sensitivity,MCAD; mastocytosis,rule_based_v2,2026-04-16T20:41:06.750974
PMC10875270,10.1182/bloodadvances.2023012006,A multicenter retrospective comparison between systemic mastocytosis with t(8;21) AML and KIT mutant t(8;21) AML.,Blood Adv,2024 Feb 27,2024,post-2017 (2017 international classification),clinical_study,24,,,,,,,years,,False,False,True,False,MCAS consensus criteria,,,mastocytosis,rule_based_v2,2026-04-16T20:41:06.753366
PMC10854835,10.3390/cancers16030593,Poor Applicability of Currently Available Prognostic Scoring Systems for Prediction of Outcome in KIT D816V-Negative Advanced Systemic Mastocytosis.,Cancers (Basel),2024 Jan 30,2024,post-2017 (2017 international classification),clinical_study,7,,,,,,,years,,False,False,True,False,,,anaphylaxis,mastocytosis,rule_based_v2,2026-04-16T20:41:06.788777
PMC10829777,10.1016/j.aace.2023.10.003,A 48-Year-Old Man With a Hip Fracture and Skin Rash: A Case Report.,AACE Clin Case Rep,2024 Jan-Feb,2024,post-2017 (2017 international classification),case_report,1,48,,Case ReportA 48-year-old man experienced a left femoral neck fracture after a fall.,,48,middle aged (45-59),years,male,False,False,True,False,,,syncope; flushing; urticaria; anaphylaxis; gi_symptoms,mastocytosis,rule_based_v2,2026-04-16T20:41:06.810214
PMC10814743,10.3390/cancers16020337,Hematological Neoplasms with Eosinophilia.,Cancers (Basel),2024 Jan 12,2024,post-2017 (2017 international classification),clinical_study,1715,45,,,,45,middle aged (45-59),years,female,False,False,True,False,,,neuropathy,mastocytosis,rule_based_v2,2026-04-16T20:41:06.817634
PMC10814166,10.3390/diagnostics14020123,Challenges in Drug and Hymenoptera Venom Hypersensitivity Diagnosis and Management in Mastocytosis.,Diagnostics (Basel),2024 Jan 5,2024,post-2017 (2017 international classification),clinical_study,388,46,,A case report describes a 46-year-old female with systemic mastocytosis without cutaneous involvement that had two anaphylactic episodes triggered by ciprofloxacin.,,46,middle aged (45-59),years,female,False,False,True,False,MCAS consensus criteria,,syncope; flushing; urticaria; anaphylaxis; gi_symptoms; headache_migraine; brain_fog; medication_sensitivity,MCAD; mast cell activation syndrome; mastocytosis,rule_based_v2,2026-04-16T20:41:06.856864
PMC10803124,10.7573/dic.2023-9-5,"How to handle off-label prescriptions of rupatadine, a second-generation antihistamine and PAF antagonist: a review.",Drugs Context,2024,2024,post-2017 (2017 international classification),review_or_study,15,17,,"16 Rupatadine is a valid therapeutic option for these ages due to its development and approved clinical efficacy studies in children over 2 years of age17,18 following current recommendations in paediatric guidelines.",,17,adolescent (12-17),years,,False,False,True,False,,,tachycardia; flushing; urticaria; headache_migraine,MCAD; mastocytosis,rule_based_v2,2026-04-16T20:41:06.864031
PMC10781526,10.1155/2024/3502887,Renal Extramedullary Hematopoiesis in Mast Cell Leukemia with Bone Marrow Fibrosis.,Case Rep Hematol,2024,2024,post-2017 (2017 international classification),case_report,1,75,,"In the light of this recurring challenge, we report and discuss the case of a 75-year-old woman with extramedullary hematopoiesis following BM fibrosis in MCL.",,75,elderly (75+),years,female,False,False,True,False,MCAS consensus criteria,,,MCAD; mastocytosis,rule_based_v2,2026-04-16T20:41:06.879831
PMC11809041,10.3389/fneur.2024.1484504,Comorbidities and neurosurgical interventions in a cohort with connective tissue disorders.,Front Neurol,2024,2024,post-2017 (2017 international classification),clinical_study,1,,,,,,,years,female,True,True,True,True,2017 international classification; Beighton,2,joint_hypermobility; tachycardia; fatigue; gi_symptoms; neuropathy; chiari,hEDS; hypermobile EDS; JHS; POTS; postural tachycardia syndrome; dysautonomia; MCAD,rule_based_v2,2026-04-16T20:43:36.105437
PMC11033372,10.3389/fimmu.2024.1369295,"Longitudinal cytokine and multi-modal health data of an extremely severe ME/CFS patient with HSD reveals insights into immunopathology, and disease severity.",Front Immunol,2024,2024,post-2017 (2017 international classification),review_or_study,1,21,,The patient began experiencing health issues at age 21 and received a diagnosis of ME/CFS almost a decade later.,,21,young adult (18-29),years,male,True,True,True,True,,,chronic_pain; orthostatic_intolerance; tachycardia; anaphylaxis; fatigue; gi_symptoms; headache_migraine; neuropathy; brain_fog; medication_sensitivity,EDS type III; hEDS; HSD; POTS; postural tachycardia syndrome; MCAS; MCAD; mast cell activation syndrome,rule_based_v2,2026-04-16T20:43:39.388748
PMC12773402,10.1161/SVIN.03.suppl_2.101,Abstract 101: Ophthalmic Artery Aneurysm Embolization Resulting in Resolution of Headaches and Visual Symptoms.,Stroke Vasc Interv Neurol,2023 Nov,2023,post-2017 (2017 international classification),case_report,1,55,,"MethodsWe report the case of a 55 year-old woman with Ehlers-Danlos syndrome and syringomyelia who presented to the hospital with one week of intermittent left eye visual disturbances, characterized by either complete transient monocular vision loss or blurriness lasting for 30 seconds at a time and...",,55,middle aged (45-59),years,female,True,False,False,False,,,headache_migraine,,rule_based_v2,2026-04-16T20:41:02.375475
PMC11195703,10.1093/ehjimp/qyad044,Assessment of extra-coronary peripheral arteriopathy in spontaneous coronary dissection: state of the art in non-invasive imaging techniques and future perspectives.,Eur Heart J Imaging Methods Pract,2023 Sep,2023,post-2017 (2017 international classification),clinical_study,4,50,,"In a 168 patient-cohort, almost 60% were over age 50, and 62% of women affected were post-menopausal.",,50,middle aged (45-59),years,female,True,False,False,False,,,headache_migraine,EDS type III,rule_based_v2,2026-04-16T20:41:03.019426
PMC10781429,10.7759/cureus.50346,No Increase in Acute or Late Radiation Toxicities in Patients With Ehlers-Danlos Syndrome Receiving Adjuvant Breast Radiation Therapy: A Report of Four Cases With Extended Follow-Up.,Cureus,2023 Dec,2023,post-2017 (2017 international classification),clinical_study,5000,,,"found increased radiation-induced chromosomal aberrations in irradiated lymphocytes of children with EDS when compared to that of control subjects, thus raising concerns about increased radiation damage to normal tissues [13].",,,,years,,True,False,False,False,2017 international classification; Villefranche,,joint_hypermobility; skin_hyperextensibility; easy_bruising,JHS,rule_based_v2,2026-04-16T20:41:03.146677
PMC10761464,10.3389/fgene.2023.1246712,Importance of comprehensive genetic testing for patients with suspected vascular Ehlers-Danlos syndrome: a family case report and literature review.,Front Genet,2023,2023,post-2017 (2017 international classification),case_report,35,32,,2 Clinical reportThe proband was a 32-year-old man.,,32,adult (30-44),years,male,True,False,False,False,,,skin_hyperextensibility; gi_symptoms,,rule_based_v2,2026-04-16T20:41:03.154920
PMC10725090,10.1177/20542704231215970,Familial hepatic rupture in vascular Ehlers-Danlos syndrome in pregnancy with atypical thromboses.,JRSM Open,2023 Dec,2023,post-2017 (2017 international classification),case_report,630,35,,Case reportA 35-year-old woman underwent an elective laparoscopic cholecystectomy while 18 weeks pregnant with her third baby.,,35,adult (30-44),years,female,True,False,False,False,2017 international classification,,palpitations,,rule_based_v2,2026-04-16T20:41:03.159962
PMC10695548,10.1097/MD.0000000000036499,"Comprehensive review of aortic aneurysms, dissections, and cardiovascular complications in connective tissue disorders.",Medicine (Baltimore),2023 Dec 1,2023,post-2017 (2017 international classification),review_or_study,1,40,,,,40,adult (30-44),years,male,True,False,False,False,,,joint_hypermobility; subluxations_dislocations; chronic_pain; skin_hyperextensibility; easy_bruising; gi_symptoms; mitral_valve_prolapse; palpitations,EDS type III; hEDS; JHS,rule_based_v2,2026-04-16T20:41:03.163911
PMC10584354,10.7759/cureus.45486,Anesthetic Management of an Obstetric Patient With Ehlers-Danlos and Wolff-Parkinson-White Syndromes.,Cureus,2023 Sep,2023,post-2017 (2017 international classification),case_report,1,31,,"A 31-year-old, primigravida, nullipara (G1P0) female with a past medical history of Ehlers-Danlos Syndrome (EDS), newly diagnosed Wolff-Parkinson-White Syndrome (WPW), and fetal breech presentation initially presented at 36+5 weeks gestation for an external cephalic version (ECV).",,31,adult (30-44),years,female,True,True,False,False,,,joint_hypermobility; subluxations_dislocations; tachycardia; syncope; palpitations; medication_sensitivity,postural tachycardia syndrome,rule_based_v2,2026-04-16T20:41:03.182217
PMC10554791,10.1210/jendso/bvad114.396,THU435 Atypical Femur Fractures In Antiresorptive- Therapy-naïve Patient Underscores Knowledge Gaps.,J Endocr Soc,2023 Oct 5,2023,post-2017 (2017 international classification),case_report,1,,,,,,,years,male,True,False,False,False,,,,,rule_based_v2,2026-04-16T20:41:03.184994
PMC10513349,10.7759/cureus.45713,The Analgesic Mismanagement of a Patient With Ehlers-Danlos Syndrome (Hypermobility Variant): A Case Report.,Cureus,2023 Sep,2023,post-2017 (2017 international classification),review_or_study,1,67,,"A 67-year-old female with Ehlers-Danlos syndrome hypermobility type (EDS-HT), osteoarthritis (OA), and anxiety received opioid-based pain management for a decade before changing her primary care physician.",,67,older adult (60-74),years,female,True,False,False,False,Beighton,,joint_hypermobility; subluxations_dislocations; chronic_pain; skin_hyperextensibility; gi_symptoms; neuropathy; brain_fog,EDS hypermobility type; hEDS; hypermobile EDS; JHS,rule_based_v2,2026-04-16T20:41:03.186768
PMC10510186,10.1186/s13023-023-02877-1,"Prevalence and quality of temporomandibular disorders, chronic pain and psychological distress in patients with classical and hypermobile Ehlers-Danlos syndrome: an exploratory study.",Orphanet J Rare Dis,2023 Sep 19,2023,post-2017 (2017 international classification),clinical_study,1,1,,ParticipantsParticipation was open to individuals over 18 years of age affected by EDS.,,1,early childhood (1-4),years,female,True,False,False,False,,,joint_hypermobility; subluxations_dislocations; chronic_pain; skin_hyperextensibility; neuropathy,hEDS; hypermobile EDS; HSD,rule_based_v2,2026-04-16T20:41:03.192480
PMC10488471,10.3390/jcm12175702,Primary Hemostasis Disorders as a Cause of Heavy Menstrual Bleeding in Women of Reproductive Age.,J Clin Med,2023 Sep 1,2023,post-2017 (2017 international classification),clinical_study,1100,50,,"Alternatively, it has been proposed that the Beighton score should be considered positive (a) ≥6/9 in prepubertal children and adolescents, (b) ≥5/9 from puberty to 50 years of age and (c) ≥4/9 in people older than 50 years.",,50,middle aged (45-59),years,female,True,False,False,False,2017 international classification; Brighton; Beighton,4,joint_hypermobility; subluxations_dislocations; chronic_pain; orthostatic_intolerance; skin_hyperextensibility; easy_bruising; fatigue; gi_symptoms; headache_migraine,EDS hypermobility type; hEDS; hypermobile EDS; JHS; HSD,rule_based_v2,2026-04-16T20:41:03.207881
PMC10472575,10.1186/s13023-023-02799-y,Psychological interventions for individuals with Ehlers-Danlos syndrome and hypermobility spectrum disorder: a scoping review.,Orphanet J Rare Dis,2023 Aug 31,2023,post-2017 (2017 international classification),clinical_study,106,6,,"In a qualitative study of adults with EDS, it was revealed that many had shown symptoms as children that were overlooked and misdiagnosed by their families and healthcare professionals [16].",,6,childhood (5-11),years,female,True,True,False,False,Villefranche; Beighton,4,joint_hypermobility; subluxations_dislocations; chronic_pain; tachycardia; skin_hyperextensibility; fatigue; gi_symptoms; headache_migraine; neuropathy; brain_fog,EDS type III; EDS hypermobility type; hEDS; hypermobile EDS; JHS; HSD; POTS; postural tachycardia syndrome,rule_based_v2,2026-04-16T20:41:03.232891
PMC10473008,10.1111/jvim.16805,Precision medicine using whole genome sequencing in a cat identifies a novel COL5A1 variant for classical Ehlers-Danlos syndrome.,J Vet Intern Med,2023 Sep-Oct,2023,post-2017 (2017 international classification),animal_study,1,4,,"16

Herein the clinical, histopathological, ultrastructural, and genetic findings of a 4-year-old male castrated domestic medium hair cat presented with clinical signs consistent with cEDS are reported.",,4,early childhood (1-4),years,male,True,True,True,True,,,joint_hypermobility; subluxations_dislocations; chronic_pain; tachycardia; skin_hyperextensibility; easy_bruising; gi_symptoms; neuropathy; chiari; mitral_valve_prolapse,JHS; postural tachycardia syndrome; mast cell activation syndrome,rule_based_v2,2026-04-16T20:41:03.252247
PMC10455523,10.3390/jpm13081247,Bowel Perforation in Vascular Ehlers-Danlos Syndrome: Case Report and Comprehensive Review.,J Pers Med,2023 Aug 10,2023,post-2017 (2017 international classification),clinical_study,50,23,,Case Presentation: A 23-year-old male patient with a history of multiple abdominal operations due to recurrent bowel perforations and the presence of a high-output enterocutaneous fistula was admitted to our surgical department for further evaluation and treatment.,,23,young adult (18-29),years,male,True,False,False,False,Villefranche,,joint_hypermobility; gi_symptoms; palpitations,EDS type III; EDS hypermobility type; JHS,rule_based_v2,2026-04-16T20:41:03.263058
PMC10406510,10.7759/cureus.41577,Retrospective Evaluation of Urological Problems in Rare Childhood Syndromes.,Cureus,2023 Jul,2023,post-2017 (2017 international classification),case_report,32,13,,A 13-year-old girl with a diagnosis of vesicourethral reflux had grade 2 reflux.,,13,adolescent (12-17),years,female,True,False,False,False,,,,,rule_based_v2,2026-04-16T20:41:03.281991
PMC10397162,10.1186/s40792-023-01721-9,A case of sigmoid colon perforation due to segmental absence of intestinal musculature (SAIM) accompanied by vascular Ehlers-Danlos syndrome: a case report.,Surg Case Rep,2023 Aug 2,2023,post-2017 (2017 international classification),case_report,20,,neonate,"BackgroundSegmental absence of intestinal musculature (SAIM) represents a partial loss of the intestinal intrinsic muscular layer and is a common cause of intestinal stacking and perforation in newborns and low-birth-weight infants, but it is very rare in adults.",0-28 days,0,infant (<1),years,male,True,False,False,False,,,gi_symptoms,EDS type III,rule_based_v2,2026-04-16T20:41:03.285581
PMC10368949,10.3389/fcvm.2023.1171541,Therapeutic difficulties in a patient with Ehlers-Danlos syndrome and numerous symptomatic premature ventricular contractions-case report and literature review.,Front Cardiovasc Med,2023,2023,post-2017 (2017 international classification),case_report,28,28,,"A 28-year-old female patient diagnosed with Ehlers-Danlos syndrome type III (hypermobile EDS, hEDS) was admitted to the cardiology clinic due to a 3-year history of symptomatic ventricular arrhythmia in the form of multiple premature ventricular contractions (PVCs).",,28,young adult (18-29),years,female,True,False,False,False,2017 international classification,,joint_hypermobility; subluxations_dislocations; chronic_pain; orthostatic_intolerance; tachycardia; syncope; skin_hyperextensibility; mitral_valve_prolapse; palpitations,EDS type III; hEDS; hypermobile EDS; JHS; dysautonomia,rule_based_v2,2026-04-16T20:41:03.290271
PMC10369693,10.1186/s13023-023-02829-9,"Perioperative opioid-minimization approach as a useful protocol in the management of patients with Ehlers-Danlos syndrome-hypermobility type, craniocervical instability and severe chronic pain who are to undergo occipito-cervical fixation.",Orphanet J Rare Dis,2023 Jul 25,2023,post-2017 (2017 international classification),clinical_study,42,,,"Moreover, there has also been evidence that haloperidol prophylaxis may be effective in the reduction of ketamine-induced emergence delirium in children [42].",,,,years,,True,True,True,True,2017 international classification,,joint_hypermobility; subluxations_dislocations; chronic_pain; tachycardia; fatigue; gi_symptoms; headache_migraine; neuropathy; chiari,EDS type III; EDS hypermobility type; hEDS; hypermobile EDS; JHS; POTS; postural tachycardia syndrome; dysautonomia; MCAS; mast cell activation syndrome,rule_based_v2,2026-04-16T20:41:03.298164
PMC10315244,10.1002/iju5.12587,A case of urinary calculus in a patient with Ehlers-Danlos syndrome.,IJU Case Rep,2023 Jul,2023,post-2017 (2017 international classification),case_report,10,33,,Case presentationA 33-year-old woman with Ehlers-Danlos syndrome sought evaluation of right-sided abdominal pain from her family physician.,,33,adult (30-44),years,female,True,False,False,False,,,gi_symptoms; neuropathy,,rule_based_v2,2026-04-16T20:41:03.320095
PMC10294281,10.1159/000530423,Multiple Dermatomyofibromas in a Patient with Ehlers-Danlos Syndrome.,Case Rep Dermatol,2023 Jan-Dec,2023,post-2017 (2017 international classification),case_report,100,41,,"Case ReportA 41-year-old patient with a past medical history significant for EDS, without subtyping at this time, initially presented to our clinic in 2012 for assessment of numerous spontaneously forming dark, indurated lesions across the chest.",,41,adult (30-44),years,,True,False,False,False,,,joint_hypermobility; chronic_pain; skin_hyperextensibility; easy_bruising; mitral_valve_prolapse,,rule_based_v2,2026-04-16T20:41:03.323252
PMC10298114,10.3390/genes14061173,Spinal Deformity in Ehlers-Danlos Syndrome: Focus on Musculocontractural Type.,Genes (Basel),2023 May 27,2023,post-2017 (2017 international classification),animal_study,58,19,,"2% of children aged 8 to 15, according to various studies [10,11,12].",,19,young adult (18-29),years,female,True,False,False,False,2017 international classification,,joint_hypermobility; subluxations_dislocations; skin_hyperextensibility; fatigue,EDS type III,rule_based_v2,2026-04-16T20:41:03.328046
PMC10264792,10.3389/fgene.2023.1136339,Non-oral manifestations in adults with a clinical and molecularly confirmed diagnosis of periodontal Ehlers-Danlos syndrome.,Front Genet,2023,2023,post-2017 (2017 international classification),animal_study,7,35,,,,35,adult (30-44),years,female,True,False,False,False,2017 international classification; Beighton,,joint_hypermobility; subluxations_dislocations; skin_hyperextensibility; easy_bruising; headache_migraine; neuropathy,,rule_based_v2,2026-04-16T20:41:03.340389
PMC10246933,10.7759/cureus.38698,The Benefits of Osteopathic Manipulative Treatment on a Patient With Ehlers-Danlos Syndrome.,Cureus,2023 May,2023,post-2017 (2017 international classification),case_report,1,36,,"Case presentationA 36-year-old male patient presented to the family medicine practice for symptoms secondary to EDS, classic type and its associated genes (Table 1).",,36,adult (30-44),years,male,True,False,False,False,,,joint_hypermobility; subluxations_dislocations; chronic_pain; tachycardia; skin_hyperextensibility; gi_symptoms,hypermobile EDS,rule_based_v2,2026-04-16T20:41:03.356641
PMC10238461,10.1016/j.jvscit.2023.101192,Endovascular repair of a common iliac artery aneurysm with an iliac branch device in a patient with vascular Ehlers-Danlos syndrome due to a null COL3A1 variant.,J Vasc Surg Cases Innov Tech,2023 Jun,2023,post-2017 (2017 international classification),case_report,1,64,,Case reportA 64-year-old male long-distance runner with VEDS presented with a 4-cm left CIA aneurysm extending into the takeoff of the IIA and a 2.,,64,older adult (60-74),years,male,True,False,False,False,,,,EDS type III,rule_based_v2,2026-04-16T20:41:03.361251
PMC10208411,10.3389/fresc.2023.1122673,"Female reproductive health impacts of Long COVID and associated illnesses including ME/CFS, POTS, and connective tissue disorders: a literature review.",Front Rehabil Sci,2023,2023,post-2017 (2017 international classification),review_or_study,1,34,,"Based on transvaginal ultrasound examination and follicle-stimulating hormone (FSH) testing, POI was reported in a 34-year-old patient who had been experiencing irregular menstrual cycles and abnormally low bleeding since COVID-19 infection 12 months prior (22).",,34,adult (30-44),years,female,True,True,True,True,,,joint_hypermobility; subluxations_dislocations; chronic_pain; tachycardia; syncope; skin_hyperextensibility; fatigue; headache_migraine,hEDS; JHS; POTS; postural tachycardia syndrome; dysautonomia; MCAS; mast cell activation syndrome,rule_based_v2,2026-04-16T20:41:03.366034
PMC10199502,10.1186/s13023-023-02709-2,Fatigue in patients with syndromic heritable thoracic aortic disease: a systematic review of the literature and a qualitative study of patients' experiences and perceptions.,Orphanet J Rare Dis,2023 May 19,2023,post-2017 (2017 international classification),clinical_study,36,110,,The interviews lasted for an average of 110 min (range 90-120 min) and were audiotaped and transcribed verbatim by two researchers (GV/HJ).,,110,elderly (75+),years,female,True,False,False,False,2017 international classification; MCAS consensus criteria,,joint_hypermobility; subluxations_dislocations; chronic_pain; orthostatic_intolerance; fatigue; gi_symptoms; brain_fog,EDS hypermobility type; hEDS; hypermobile EDS; JHS,rule_based_v2,2026-04-16T20:41:03.378671
PMC10182206,10.1186/s40792-023-01643-6,Repeated intestinal perforations in vascular Ehlers-Danlos syndrome: a case report of a novel mutation in the COL3A1 gene.,Surg Case Rep,2023 May 12,2023,post-2017 (2017 international classification),case_report,200,58,,Case presentationA 58-year-old woman with a familial history of Ehlers-Danlos syndrome visited the emergency department due to a sudden onset of lower abdominal pain.,,58,middle aged (45-59),years,female,True,False,False,False,2017 international classification,,joint_hypermobility; subluxations_dislocations; skin_hyperextensibility; easy_bruising; gi_symptoms,EDS type III; JHS,rule_based_v2,2026-04-16T20:41:03.443877
PMC10166575,10.7759/cureus.37297,Peripheral Nerve Stimulator for Pain After Surgery for Ulnar Neuropathy at the Elbow.,Cureus,2023 Apr,2023,post-2017 (2017 international classification),case_report,26,43,,We present the case of a 43-year-old female with Ehlers-Danlos syndrome and left ulnar neuritis refractory to surgical management.,,43,adult (30-44),years,female,True,False,False,False,,,chronic_pain; neuropathy,,rule_based_v2,2026-04-16T20:41:03.448050
PMC10149087,10.7759/cureus.36961,Manual Therapy and Exercise for the Management of Chronic Neck Pain With Multiple Neurovascular Comorbidities: A Case Report.,Cureus,2023 Mar,2023,post-2017 (2017 international classification),case_report,1,22,,"A 22-year-old female college student presented with a chief complaint of chronic, non-specific neck pain with comorbid Chiari malformation, migraines, upper cervical spinal fusion, Ehlers-Danlos syndrome (EDS), and postural orthostatic tachycardia syndrome (POTS) to an outpatient physical therapy cl...",,22,young adult (18-29),years,female,True,True,False,False,,,joint_hypermobility; chronic_pain; tachycardia; headache_migraine; chiari,hypermobile EDS; JHS; POTS; postural tachycardia syndrome,rule_based_v2,2026-04-16T20:41:03.451126
PMC10140053,10.1016/j.jvscit.2023.101156,Iatrogenic distal aortic rupture in a patient with vascular Ehlers-Danlos syndrome.,J Vasc Surg Cases Innov Tech,2023 Jun,2023,post-2017 (2017 international classification),case_report,1,27,,This report details an iatrogenic aortic rupture during an endovascular approach in the management of critical limb ischemia in a 27-year-old woman who presented with acute onset of severe sensory deficit of the left leg.,,27,young adult (18-29),years,female,True,False,False,False,,,joint_hypermobility; flushing,,rule_based_v2,2026-04-16T20:41:03.454564
PMC10147518,10.1016/j.case.2022.11.005,Ascending Aortic Aneurysm in an Asymptomatic Young Woman Without Risk Factors.,CASE (Phila),2023 Apr,2023,post-2017 (2017 international classification),animal_study,1,39,,4 We present a 39-year-old woman who was incidentally found to have a 65-mm large asc TAA despite the absence of predisposing conditions or clinical symptoms on the initial visit.,,39,adult (30-44),years,female,True,False,False,False,,,syncope; palpitations,,rule_based_v2,2026-04-16T20:41:03.457806
PMC10062526,10.3389/fgene.2023.1147607,Case report and discussion: Pre-implantation genetic diagnosis with surrogacy in vascular Ehlers-Danlos syndrome.,Front Genet,2023,2023,post-2017 (2017 international classification),case_report,1,33,,", 2014) followed a 33-year-old woman, who had been diagnosed with vEDS due to a de novo heterozygous pathogenic COL3A1 variant (c.",,33,adult (30-44),years,female,True,False,False,False,2017 international classification,,joint_hypermobility; subluxations_dislocations,EDS type III,rule_based_v2,2026-04-16T20:41:03.463239
PMC10035622,10.128f90/2023_003698,Aortic Dissection in a Patient with Novel Frameshift COL5A1 Variant of Classical Ehlers-Danlos Syndrome.,Eur J Case Rep Intern Med,2023,2023,post-2017 (2017 international classification),case_report,1,39,,"This case report discusses a 39-year-old female with a past medical history of transposition of great arteries with a Senning repair at the age of 18 months and controlled hypertension with medication, who presents a spontaneous distal aortic dissection.",,39,adult (30-44),years,female,True,False,False,False,Brighton; Beighton,,joint_hypermobility; chronic_pain; skin_hyperextensibility; easy_bruising; palpitations,JHS,rule_based_v2,2026-04-16T20:41:03.467256
PMC9981282,10.1155/2023/6863711,Pelvic Organ Prolapse in Ehlers-Danlos Syndrome.,Case Rep Urol,2023,2023,post-2017 (2017 international classification),review_or_study,1,19,,"Case 1A 19-year-old G0P0 female with Ehlers-Danlos syndrome (EDS) type III and postural orthostatic tachycardia syndrome (POTS) presented with a history of chronic pelvic pain, symptomatic vaginal bulge/pressure, and pelvic muscle spasms.",,19,young adult (18-29),years,female,True,True,False,False,,,joint_hypermobility; chronic_pain; tachycardia; skin_hyperextensibility; fatigue; gi_symptoms; neuropathy; palpitations,EDS type III; hypermobile EDS; POTS; postural tachycardia syndrome; dysautonomia,rule_based_v2,2026-04-16T20:41:03.469924
PMC9980260,10.1101/2023.02.24.23286404,"Sensory profiling in classical Ehlers-Danlos syndrome: a case-control study revealing pain characteristics, somatosensory changes, and impaired pain modulation.",medRxiv,2023 Feb 26,2023,post-2017 (2017 international classification),animal_study,23,65,,Dutch-speaking males and females between 18 and 65 years of age were eligible for study participation.,,65,older adult (60-74),years,,True,False,False,False,Beighton,4,joint_hypermobility; subluxations_dislocations; chronic_pain; skin_hyperextensibility; easy_bruising; fatigue; neuropathy; medication_sensitivity,hEDS; HSD,rule_based_v2,2026-04-16T20:41:03.476193
PMC9969762,10.1002/ccr3.6760,A severe case of PLOD1-related kyphoscoliotic Ehlers-Danlos syndrome associated with several arterial and venous complications: A case report.,Clin Case Rep,2023 Feb,2023,post-2017 (2017 international classification),case_report,1,29,,"5
, 
6

We hereby report the case of a 29-year-old female diagnosed with kEDS-PLOD1, due to two novel PLOD1 mutations, who presented several vascular manifestations.",,29,young adult (18-29),years,female,True,False,False,False,Beighton,6,joint_hypermobility; neuropathy; mitral_valve_prolapse,JHS,rule_based_v2,2026-04-16T20:41:03.490126
PMC9885422,10.1093/omcr/omac107,A case of Ehlers-Danlos syndrome presenting as short stature: a novel mutation in SLC39A13 causing spondylodysplastic Ehlers-Danlos syndrome.,Oxf Med Case Reports,2023 Jan,2023,post-2017 (2017 international classification),case_report,1,7,,"Herein, we report a case of 7-year-old-female child with spEDS associated with novel homozygous (pathogenic/likely pathogenic) missense variation of the SLC39A13 gene.",,7,childhood (5-11),years,female,True,False,False,False,2017 international classification; Beighton,,joint_hypermobility; skin_hyperextensibility,hypermobile EDS; JHS,rule_based_v2,2026-04-16T20:41:03.493659
PMC9870015,10.1080/23320885.2022.2158833,Atypical presentation of forearm compartment syndrome in a case of vascular type Ehlers-Danlos syndrome.,Case Reports Plast Surg Hand Surg,2023,2023,post-2017 (2017 international classification),case_report,1,30,,AbstractA 30-year-old Chinese man with vascular type Ehlers-Danlos Syndrome presents with spontaneous right forearm compartment syndrome due to pseudoaneurysms along the radial artery.,,30,adult (30-44),years,male,True,False,False,False,,,neuropathy,EDS type III,rule_based_v2,2026-04-16T20:41:03.497336
PMC9842784,10.1002/ccr3.6821,The value of dynamic elastomeric fabric orthoses in the management of a complex hypermobile Ehlers-Danlos syndrome patient: A case report.,Clin Case Rep,2023 Jan,2023,post-2017 (2017 international classification),clinical_study,47,22,,"25

 2CASE HISTORY AND EXAMINATIONThe patient was a 22-year-old female Caucasian (height 160 cm, weight 70 kg) living in the United Kingdom with bilateral developmental dysplasia of the hip (DDH) with a radiographic Lateral Centre Edge Angle (LCEA) of 15° on the right and 17°.",,22,young adult (18-29),years,female,True,True,True,True,2017 international classification; Beighton,,joint_hypermobility; subluxations_dislocations; chronic_pain; orthostatic_intolerance; tachycardia; syncope; easy_bruising; fatigue; gi_symptoms; palpitations,hEDS; hypermobile EDS; HSD; POTS; postural tachycardia syndrome; dysautonomia; MCAS; mast cell activation syndrome,rule_based_v2,2026-04-16T20:41:03.500944
PMC9649364,10.1016/j.radcr.2022.10.038,Cleidocranial dysplasia with hypermobile Ehlers-Danlos syndrome: A case report.,Radiol Case Rep,2023 Jan,2023,post-2017 (2017 international classification),case_report,1,31,,"This case report describes a 31-year-old male with CCD with several unusual symptoms like generalized joint hypermobility, skin laxity, and smooth skin, which leads to set a diagnosis of hypermobile Ehlers-Danlos syndrome (hEDS).",,31,adult (30-44),years,male,True,False,False,False,Brighton,,joint_hypermobility; subluxations_dislocations,hEDS; hypermobile EDS; JHS,rule_based_v2,2026-04-16T20:41:03.567530
PMC10663891,10.1016/j.jvscit.2022.08.007,Management of spontaneous dissection and rupture of common iliac artery in vascular Ehlers-Danlos syndrome (VEDS).,J Vasc Surg Cases Innov Tech,2023 Dec,2023,post-2017 (2017 international classification),clinical_study,53,28,,A 28-year-old male with history of vascular Ehlers-Danlos syndrome (VEDS) presented with left lower extremity acute limb ischemia.,,28,young adult (18-29),years,male,True,False,False,False,,,gi_symptoms,,rule_based_v2,2026-04-16T20:41:03.683318
PMC12462795,10.5152/eurjrheum.2022.21108,Autoimmune/inflammatory syndrome induced by adjuvants (ASIA) with postural orthostatic tachycardia syndrome after silicone breast implantation: Case report.,Eur J Rheumatol,2023 Jan,2023,post-2017 (2017 international classification),case_report,1,49,,"Case PresentationCase 1A 49-year-old female patient submitted to an SBI in 2003, initiated diffuse pain, severe fatigue, myalgias, arthritis, and episodes of sudden tachycardia compatible with POTS.",,49,middle aged (45-59),years,female,False,True,False,False,,,tachycardia; fatigue,POTS; postural tachycardia syndrome,rule_based_v2,2026-04-16T20:41:05.130952
PMC11270463,10.31083/j.rcm2401028,Cardiovascular Disease in Post-Acute COVID-19 Syndrome: A Comprehensive Review of Pathophysiology and Diagnosis Approach.,Rev Cardiovasc Med,2023 Jan,2023,post-2017 (2017 international classification),animal_study,19,14,,"The duration of mechanical support ranged from 1 to 59 
days, with an average of 14.",,14,adolescent (12-17),years,,False,True,False,False,,,tachycardia; fatigue; gi_symptoms; palpitations,POTS; postural tachycardia syndrome,rule_based_v2,2026-04-16T20:41:05.324478
PMC10762669,10.15420/aer.2023.20,Non-invasive Vagus Nerve Simulation in Postural Orthostatic Tachycardia Syndrome.,Arrhythm Electrophysiol Rev,2023,2023,post-2017 (2017 international classification),review_or_study,19,,,,,,,years,,True,True,True,True,,,orthostatic_intolerance; tachycardia; fatigue; neuropathy,POTS; postural tachycardia syndrome; dysautonomia; MCAD,rule_based_v2,2026-04-16T20:41:05.413163
PMC10755912,10.3389/fneur.2023.1321350,Evaluation and management of orthostatic headache in hypermobility disorders.,Front Neurol,2023,2023,post-2017 (2017 international classification),review_or_study,1,,child,"Postural orthostatic tachycardia syndromePostural orthostatic tachycardia syndrome is an autonomic disorder most common in child-bearing age females, characterized by orthostatic tachycardia causing but not limited to: dizziness, presyncope, palpitations, fatigue, decreased concentration, tremulousn...",3-12 years,7.5,childhood (5-11),years,,True,True,False,False,,,joint_hypermobility; chronic_pain; orthostatic_intolerance; tachycardia; syncope; fatigue; gi_symptoms; headache_migraine; neuropathy; brain_fog; palpitations,hypermobile EDS; HSD; POTS; postural tachycardia syndrome,rule_based_v2,2026-04-16T20:41:05.423825
PMC10481607,10.1186/s42234-023-00121-6,Impaired parasympathetic function in long-COVID postural orthostatic tachycardia syndrome - a case-control study.,Bioelectron Med,2023 Sep 6,2023,post-2017 (2017 international classification),animal_study,1,,,,,,,years,female,False,True,False,False,,,chronic_pain; orthostatic_intolerance; tachycardia; syncope; fatigue; gi_symptoms; headache_migraine; palpitations,POTS; postural tachycardia syndrome,rule_based_v2,2026-04-16T20:41:05.440589
PMC10467287,10.3389/fneur.2023.1221518,Postural orthostatic tachycardia syndrome and other related dysautonomic disorders after SARS-CoV-2 infection and after COVID-19 messenger RNA vaccination.,Front Neurol,2023,2023,post-2017 (2017 international classification),clinical_study,19,12,,,,12,adolescent (12-17),years,female,False,True,False,False,,,joint_hypermobility; chronic_pain; orthostatic_intolerance; tachycardia; syncope; flushing; urticaria; fatigue; gi_symptoms; headache_migraine; neuropathy; brain_fog; palpitations,JHS; POTS; postural tachycardia syndrome; dysautonomia,rule_based_v2,2026-04-16T20:41:05.456658
PMC10464593,10.1093/ehjcr/ytad390,Case report of long-term postural tachycardia syndrome in a patient after messenger RNA coronavirus disease-19 vaccination with mRNA-1273.,Eur Heart J Case Rep,2023 Aug,2023,post-2017 (2017 international classification),case_report,1,54,,"Case summaryA 54-year-old female patient presented with a 9-months history of severe orthostatic intolerance since COVID-19 vaccination with messenger RNA (mRNA)-1273 (Spikevax, Moderna).",,54,middle aged (45-59),years,female,True,True,True,True,,,joint_hypermobility; orthostatic_intolerance; tachycardia; syncope; fatigue; gi_symptoms; headache_migraine; neuropathy; palpitations,POTS; postural tachycardia syndrome; MCAD,rule_based_v2,2026-04-16T20:41:05.463004
PMC10382909,10.7759/cureus.41124,Postural Orthostatic Tachycardia Syndrome in Spinal Cord Injury.,Cureus,2023 Jun,2023,post-2017 (2017 international classification),review_or_study,1,50,,"The majority of POTS patients are between 13 and 50 years of age, with a female-to-male ratio of 4-5:1.",,50,middle aged (45-59),years,male,False,True,False,False,,,orthostatic_intolerance; tachycardia; syncope; fatigue; gi_symptoms; headache_migraine; neuropathy; palpitations,POTS; postural tachycardia syndrome,rule_based_v2,2026-04-16T20:41:05.466272
PMC10357168,10.3233/HAB-220013,Postural orthostatic tachycardia syndrome-like symptoms following COVID-19 vaccination: An overview of clinical literature.,Hum Antibodies,2023,2023,post-2017 (2017 international classification),case_report,18,40,,Table 1Characteristics of patients reported to have developed POTS-like symptoms following COVID-19 VaccinationPatient 1Patient 2Patient 3Patient 4Patient 5Patient 6Age40 years42 years46 years37 years21 years46 yearsGenderMaleMaleFemaleFemaleFemaleFemaleCountrySouth KoreaUSAUSAUSAUSAUSAFirst doseMod...,,40,adult (30-44),years,,True,True,False,False,,,chronic_pain; orthostatic_intolerance; tachycardia; syncope; urticaria; fatigue; gi_symptoms; headache_migraine; neuropathy; brain_fog; palpitations,POTS; postural tachycardia syndrome; dysautonomia,rule_based_v2,2026-04-16T20:41:05.470691
PMC10332885,10.7759/cureus.40235,COVID-19-Induced Postural Orthostatic Tachycardia Syndrome and Dysautonomia.,Cureus,2023 Jun,2023,post-2017 (2017 international classification),case_report,1,53,,"We present a case of a 53-year-old woman who was diagnosed with POTS following extensive autoimmune workup, who was also status post-severe acute respiratory syndrome coronavirus 2 (SARS-CoV-2) infection.",,53,middle aged (45-59),years,female,False,True,True,False,,,chronic_pain; orthostatic_intolerance; tachycardia; syncope; flushing; fatigue; gi_symptoms; headache_migraine; neuropathy; brain_fog; palpitations,POTS; postural tachycardia syndrome; dysautonomia; MCAD,rule_based_v2,2026-04-16T20:41:05.476702
PMC10259876,10.7759/cureus.38887,Choices and Challenges With Drug Therapy in Postural Orthostatic Tachycardia Syndrome: A Systematic Review.,Cureus,2023 May,2023,post-2017 (2017 international classification),clinical_study,50,18,,"To meet the criteria for diagnosis, the symptoms should have existed for a chronic duration and a minimum heart rate change of 30 beats per minute in patients aged 18 years or more and 40 beats per minute in adolescents within 10 minutes of upright posture [6].",,18,young adult (18-29),years,,True,True,False,False,,,orthostatic_intolerance; tachycardia; syncope; fatigue; gi_symptoms; headache_migraine; neuropathy; brain_fog; palpitations,POTS; postural tachycardia syndrome,rule_based_v2,2026-04-16T20:41:05.481020
PMC10224806,10.1093/oxfimm/iqad002,Autoimmunity in Long Covid and POTS.,Oxf Open Immunol,2023,2023,post-2017 (2017 international classification),clinical_study,13,19,,"Such conditions include POTS (defined as orthostatic symptoms, a sustained heart rate rise of >30 bpm [or >40 bpm in individuals under 19 years of age]) on standing, without a reduction in blood pressure [32].",,19,young adult (18-29),years,female,False,True,True,False,MCAS consensus criteria,,chronic_pain; orthostatic_intolerance; tachycardia; syncope; flushing; urticaria; fatigue; gi_symptoms; headache_migraine; neuropathy; brain_fog; palpitations,POTS; postural tachycardia syndrome; dysautonomia; MCAS; mast cell activation syndrome; mastocytosis,rule_based_v2,2026-04-16T20:41:05.486103
PMC10187582,10.2147/VHRM.S380270,"Postural Orthostatic Tachycardia Syndrome in COVID-19: A Contemporary Review of Mechanisms, Clinical Course and Management.",Vasc Health Risk Manag,2023,2023,post-2017 (2017 international classification),case_report,20,,,"Unfortunately, the nonspecific nature of symptoms in otherwise healthy young adults, often leads to a label of “functional” etiologies, for years before a diagnosis of POTS is made.",,,,years,female,True,True,True,True,2015 POTS consensus,,joint_hypermobility; chronic_pain; orthostatic_intolerance; tachycardia; syncope; anaphylaxis; fatigue; gi_symptoms; headache_migraine; neuropathy; brain_fog; mitral_valve_prolapse; palpitations,JHS; POTS; postural tachycardia syndrome; dysautonomia; MCAD; mast cell activation syndrome,rule_based_v2,2026-04-16T20:41:05.528903
PMC10090716,10.15441/ceem.22.409,Post-acute sequelae of SARS-CoV-2 syndrome presenting as postural orthostatic tachycardia syndrome.,Clin Exp Emerg Med,2023 Mar,2023,post-2017 (2017 international classification),clinical_study,19,26,,"A 26-year-old nurse presented with mild cough and an itchy throat, immediately followed by palpitations, fatigue, and mild shortness of breath.",,26,young adult (18-29),years,male,False,True,False,False,,,chronic_pain; orthostatic_intolerance; tachycardia; syncope; fatigue; gi_symptoms; headache_migraine; neuropathy; brain_fog; palpitations,POTS; postural tachycardia syndrome; dysautonomia,rule_based_v2,2026-04-16T20:41:05.543905
PMC10065129,10.7759/cureus.36955,COVID-19 Induced Postural Orthostatic Tachycardia Syndrome (POTS): A Review.,Cureus,2023 Mar,2023,post-2017 (2017 international classification),clinical_study,1,18,,Figure 1Possible mechanisms of COVID-induced POTSAuthor's own creationEpidemiologyPatients diagnosed with POTS syndrome are usually younger (age 18-45) and female.,,18,young adult (18-29),years,female,False,True,False,False,,,orthostatic_intolerance; tachycardia; syncope; urticaria; fatigue; gi_symptoms; headache_migraine; neuropathy; palpitations,POTS; postural tachycardia syndrome; dysautonomia,rule_based_v2,2026-04-16T20:41:05.549876
PMC10032659,10.7554/eLife.86002,Pathogenic mechanisms of post-acute sequelae of SARS-CoV-2 infection (PASC).,Elife,2023 Mar 22,2023,post-2017 (2017 international classification),animal_study,19,,child,New-onset COVID-induced type 1 or 2 diabetes has also been documented in children (Tittel et al.,3-12 years,7.5,childhood (5-11),years,female,False,True,True,False,,,chronic_pain; orthostatic_intolerance; tachycardia; syncope; fatigue; gi_symptoms; headache_migraine; neuropathy; brain_fog; palpitations,POTS; postural tachycardia syndrome; dysautonomia; MCAS; mast cell activation syndrome,rule_based_v2,2026-04-16T20:41:05.561272
PMC9963391,10.7759/cureus.34236,Suspected COVID-19 mRNA Vaccine-Induced Postural Orthostatic Tachycardia Syndrome.,Cureus,2023 Jan,2023,post-2017 (2017 international classification),case_report,1,15,,"We present a case of a 15-year-old South Asian male who developed suspected postural orthostatic tachycardia syndrome (POTS) two weeks after receiving the Pfizer-BioNTech coronavirus disease 2019 (COVID-19) vaccine booster, which was successfully managed with low-dose fludrocortisone and ivabradine.",,15,adolescent (12-17),years,male,False,True,False,False,,,orthostatic_intolerance; tachycardia; syncope; fatigue; palpitations,POTS; postural tachycardia syndrome; dysautonomia,rule_based_v2,2026-04-16T20:41:05.583867
PMC9871405,10.1002/ccr3.6889,A case of dysautonomia after COVID-19 infection in a patient with poorly controlled type I diabetes.,Clin Case Rep,2023 Jan,2023,post-2017 (2017 international classification),case_report,6,20,,"2CASE PRESENTATIONA 20-year-old man with past medical history significant only for poorly controlled Type 1 diabetes mellitus (DM1), peripheral neuropathy, and previous admission/treatment of diabetic ketoacidosis presented to the ED for evaluation of chest pain and syncope.",,20,young adult (18-29),years,male,False,True,False,False,,,orthostatic_intolerance; tachycardia; syncope; gi_symptoms; neuropathy,POTS; postural tachycardia syndrome; dysautonomia,rule_based_v2,2026-04-16T20:41:05.586816
PMC9839201,10.1038/s41579-022-00846-2,"Long COVID: major findings, mechanisms and recommendations.",Nat Rev Microbiol,2023 Mar,2023,post-2017 (2017 international classification),animal_study,19,35,,"A higher prevalence of long Covid has been reported in certain ethnicities, including people with Hispanic or Latino heritage35.",,35,adult (30-44),years,female,True,True,True,True,,,orthostatic_intolerance; tachycardia; urticaria; fatigue; gi_symptoms; headache_migraine; neuropathy; brain_fog,POTS; postural tachycardia syndrome; dysautonomia; MCAS; mast cell activation syndrome,rule_based_v2,2026-04-16T20:41:05.592633
PMC11869997,10.1016/j.jaip.2023.08.008,The Normal Range of Baseline Tryptase Should Be 1 to 15 ng/mL and Covers Healthy Individuals With HαT.,J Allergy Clin Immunol Pract,2023 Oct,2023,post-2017 (2017 international classification),case_report,48,80,,"For example, in an 80-year-old patient with an MDS who has no MC mediator-related symptoms and a stable basal tryptase level of 27 ng/mL, we would not recommend a genetic test.",,80,elderly (75+),years,,False,False,True,False,,,anaphylaxis,dysautonomia; MCAS; MCAD; mast cell activation syndrome; mastocytosis,rule_based_v2,2026-04-16T20:41:06.523711
PMC10725995,10.1002/ccr3.8302,Urticaria pigmentosa and systemic mastocytosis.,Clin Case Rep,2023 Dec,2023,post-2017 (2017 international classification),case_report,1,50,,A 50-year-old Caucasian male was referred to the Clinical Immunology and Allergy clinic with a history of a rash.,,50,middle aged (45-59),years,male,False,False,True,False,,,chronic_pain; flushing; urticaria; anaphylaxis; gi_symptoms,mastocytosis,rule_based_v2,2026-04-16T20:41:06.884174
PMC10718195,10.1002/clt2.12319,"Cognitive, neuropsychiatric and neurological alterations in mastocytosis: A systematic review.",Clin Transl Allergy,2023 Dec,2023,post-2017 (2017 international classification),clinical_study,5,38,,"Attention challenges and learning difficulties were reported in children at a rate of 13%, while neurodevelopmental disorders occurred at rates of 8%-12%.",,38,adult (30-44),years,,False,False,True,False,,,syncope; flushing; urticaria; anaphylaxis; fatigue; gi_symptoms; headache_migraine; neuropathy; brain_fog; palpitations,MCAS; MCAD; mast cell activation syndrome; mastocytosis,rule_based_v2,2026-04-16T20:41:06.891612
PMC10712720,10.1093/oncolo/oyad168,"Diagnosis, Treatment, and Prognosis of Patients with Primary Familial Gastrointestinal Stromal Tumor: A Case Report and Literature Review.",Oncologist,2023 Dec 11,2023,post-2017 (2017 international classification),animal_study,3,26,,"Here, we report a 26-year-old female with a germline p.",,26,young adult (18-29),years,female,False,False,True,False,,,fatigue; gi_symptoms,mastocytosis,rule_based_v2,2026-04-16T20:41:06.906869
PMC10686014,10.1093/omcr/omad095,Aggressive systemic mastocytosis with multiple organ involvement: a case report.,Oxf Med Case Reports,2023 Nov,2023,post-2017 (2017 international classification),case_report,1,63,,"In this report, a 63-year-old woman is presented who was referred to the emergency department with lower back pain.",,63,older adult (60-74),years,female,False,False,True,False,,,syncope; flushing; urticaria; anaphylaxis; gi_symptoms; headache_migraine,mastocytosis,rule_based_v2,2026-04-16T20:41:06.914064
PMC10607143,10.3390/ijms242015125,Antibody-Based and Cell Therapies for Advanced Mastocytosis: Established and Novel Concepts.,Int J Mol Sci,2023 Oct 12,2023,post-2017 (2017 international classification),animal_study,1,,child,,3-12 years,7.5,childhood (5-11),years,,False,False,True,False,,,flushing; anaphylaxis; gi_symptoms; medication_sensitivity,mastocytosis,rule_based_v2,2026-04-16T20:41:06.922571
PMC10647312,10.3390/diagnostics13213307,"A Puzzling Mast Cell Trilogy: Anaphylaxis, MCAS, and Mastocytosis.",Diagnostics (Basel),2023 Oct 25,2023,post-2017 (2017 international classification),case_report,122,,,CM is the main form of the disease in children and patients are generally observed to have the onset of the disease within the first year of life.,,,,years,male,False,False,True,False,MCAS consensus criteria,,chronic_pain; tachycardia; syncope; flushing; urticaria; anaphylaxis; fatigue; gi_symptoms; headache_migraine; palpitations; medication_sensitivity,MCAS; MCAD; mast cell activation syndrome; mastocytosis,rule_based_v2,2026-04-16T20:41:06.933686
PMC10580978,10.5414/ALX02430E,"Diagnosis and treatment of Hymenoptera venom allergy: S2k Guideline of the German Society of Allergology and Clinical Immunology (DGAKI) in collaboration with the Arbeitsgemeinschaft für Berufs- und Umweltdermatologie e.V. (ABD), the Medical Association of German Allergologists (AeDA), the German Society of Dermatology (DDG), the German Society of Oto-Rhino-Laryngology, Head and Neck Surgery (DGHNOKC), the German Society of Pediatrics and Adolescent Medicine (DGKJ), the Society for Pediatric Allergy and Environmental Medicine (GPA), German Respiratory Society (DGP), and the Austrian Society for Allergy and Immunology (ÖGAI).",Allergol Select,2023,2023,post-2017 (2017 international classification),clinical_study,840,2,,"The most important risk factors for more severe SAR are mast cell disease and, especially in children, uncontrolled asthma.",,2,early childhood (1-4),years,female,False,False,True,False,MCAS consensus criteria,,tachycardia; syncope; flushing; urticaria; anaphylaxis; fatigue; gi_symptoms; headache_migraine; palpitations; medication_sensitivity,mastocytosis,rule_based_v2,2026-04-16T20:41:06.965149
PMC10580708,10.1177/23247096231206624,Successful Mechanical Thrombectomy of Bilateral Middle Cerebral Artery Occlusions Following Apixaban Discontinuation.,J Investig Med High Impact Case Rep,2023 Jan-Dec,2023,post-2017 (2017 international classification),clinical_study,1797,82,,An 82-year-old man with AF presented with left-sided hemiparesis and hypoesthesia due to occlusion of the right middle cerebral artery (MCA) after discontinuing apixaban for 5 days.,,82,elderly (75+),years,male,False,False,True,False,,,tachycardia,MCAS,rule_based_v2,2026-04-16T20:41:07.009995
PMC10469220,10.1177/2050313X231197322,Eosinophilia in a patient with aggressive systemic mastocytosis harboring a KIT D816V mutation: A case report.,SAGE Open Med Case Rep,2023,2023,post-2017 (2017 international classification),case_report,1,74,,"Case reportA 74-year-old male was admitted to hospital on August 25, 2021 with upper abdominal discomfort and eosinophilia for more than 4 months.",,74,older adult (60-74),years,male,False,False,True,False,,,fatigue; gi_symptoms,mastocytosis,rule_based_v2,2026-04-16T20:41:07.014687
PMC10425246,10.1155/2023/6655005,Systemic Mastocytosis: A Mimicker of Reactive Arthritis.,Case Rep Rheumatol,2023,2023,post-2017 (2017 international classification),case_report,1,48,,"In our case, we illustrate the case of a 48-year-old lady presenting with an exacerbation of her systemic mastocytosis with knee monoarthritis, cystitis, and bilateral conjunctivitis, thereby mimicking reactive arthritis.",,48,middle aged (45-59),years,,False,False,True,False,,,flushing; anaphylaxis; fatigue; gi_symptoms,mastocytosis,rule_based_v2,2026-04-16T20:41:07.018556
PMC10381535,10.3390/jpm13071116,Mast Cell Activation Syndrome Update-A Dermatological Perspective.,J Pers Med,2023 Jul 10,2023,post-2017 (2017 international classification),clinical_study,115,,,"In humans, gain of function is associated with hypertension and absence seizures in children [21].",,,,years,female,True,True,True,True,MCAS consensus criteria,,tachycardia; syncope; flushing; urticaria; anaphylaxis; fatigue; gi_symptoms; headache_migraine; brain_fog; medication_sensitivity,EDS hypermobility type; POTS; postural tachycardia syndrome; MCAS; MCAD; mast cell activation syndrome; mastocytosis,rule_based_v2,2026-04-16T20:41:07.024667
PMC10372046,10.1016/j.jdcr.2023.02.025,Unusual presentation of maculopapular cutaneous mastocytosis in an infant with skin of color.,JAAD Case Rep,2023 Aug,2023,post-2017 (2017 international classification),case_report,1,1,,4% (688 of 1515 reported deaths from 45 states) in children under the age of 1 year.,,1,early childhood (1-4),years,female,False,False,True,False,,,urticaria,mastocytosis,rule_based_v2,2026-04-16T20:41:07.042750
PMC10352544,10.1002/ccr3.7134,A case of high-risk AML in a patient with advanced systemic mastocytosis.,Clin Case Rep,2023 Jul,2023,post-2017 (2017 international classification),clinical_study,40,69,,"8

 2CASE PRESENTATIONA 69-year-old Caucasian man presented at our center in March 2017 due to neutrophilic leukocytosis (white blood cell [WBC] count 16.",,69,older adult (60-74),years,male,False,False,True,False,,,syncope; anaphylaxis; gi_symptoms,MCAS; mastocytosis,rule_based_v2,2026-04-16T20:41:07.045610
PMC10337288,10.1530/EDM-22-0408,Skin and bones: systemic mastocytosis and bone.,Endocrinol Diabetes Metab Case Rep,2023 May 1,2023,post-2017 (2017 international classification),case_report,32,69,,"SummaryWe report the case of a 69-year-old female with systemic mastocytosis, diagnosed based on widespread pigmented papules and macules, elevated serum tryptase levels and confirmatory skin and bone marrow biopsy, on a background of osteoporosis.",,69,older adult (60-74),years,female,False,False,True,False,,,flushing; urticaria; anaphylaxis; gi_symptoms,MCAD; mastocytosis,rule_based_v2,2026-04-16T20:41:07.052047
PMC10328639,10.14309/crj.0000000000001089,Acute Appendicitis as the First and the Only Presentation of Systemic Mastocytosis.,ACG Case Rep J,2023 Jul,2023,post-2017 (2017 international classification),case_report,1,47,,We present another case of a 47-year-old woman who was admitted for right-sided acute abdominal pain and found to have systemic mastocytosis in her appendectomy specimen as the first and only manifestation of her disease.,,47,middle aged (45-59),years,female,False,False,True,False,,,chronic_pain; flushing; gi_symptoms,mastocytosis,rule_based_v2,2026-04-16T20:41:07.057165
PMC10315773,10.1016/j.jdcr.2023.04.007,"Systemic mastocytosis, in the context of a deleterious germline SDHC variant, treated with ripretinib.",JAAD Case Rep,2023 Jul,2023,post-2017 (2017 international classification),case_report,1,57,,"Case reportA 57-year-old woman with a medical history significant for chronic bone pain, osteoporosis, and irritable bowel syndrome presented with a long-standing pruritic rash on her face, scalp, torso, and extremities for about 20 years.",,57,middle aged (45-59),years,female,False,False,True,False,,,chronic_pain; flushing; urticaria; gi_symptoms; headache_migraine,MCAD; mastocytosis,rule_based_v2,2026-04-16T20:41:07.060369
PMC10313892,10.1002/ccr3.7507,Simultaneous diagnosis of papillary thyroid cancer and systemic mastocytosis.,Clin Case Rep,2023 Jul,2023,post-2017 (2017 international classification),clinical_study,245,43,,2CASE REPORTA 43-year-old woman with no significant past medical history presented with cervical lymphadenopathy for 3 weeks.,,43,adult (30-44),years,female,False,False,True,False,,,flushing; urticaria; anaphylaxis; gi_symptoms; headache_migraine,MCAS; mast cell activation syndrome; mastocytosis,rule_based_v2,2026-04-16T20:41:07.063652
PMC10309087,10.1097/JD9.0000000000000243,Recalcitrant Cutaneous Mastocytosis Treated With Genetically Informed Targeted Therapy: A Case Report.,Int J Dermatol Venereol,2023 Jun,2023,post-2017 (2017 international classification),case_report,1,23,,Case presentation:We performed a mutational analysis of dermal mast cells after enrichment by laser capture in a 23-year-old woman with recalcitrant cutaneous mastocytosis.,,23,young adult (18-29),years,female,False,False,True,False,,,flushing; urticaria; gi_symptoms,mastocytosis,rule_based_v2,2026-04-16T20:41:07.066480
PMC10298540,10.3390/ijms24129840,Mastocytosis and Skin Cancer: The Current State of Knowledge.,Int J Mol Sci,2023 Jun 7,2023,post-2017 (2017 international classification),animal_study,13,15,,"This is in accordance with the European Cancer Information System, which estimated a higher incidence of melanoma among females younger than 45 years of age and a nearly two-fold greater melanoma risk in males older than 75 years of age [91].",,15,adolescent (12-17),years,,False,False,True,False,,,urticaria; anaphylaxis,mastocytosis,rule_based_v2,2026-04-16T20:41:07.072078
PMC10248858,10.1016/j.lrr.2023.100371,Avapritinib treatment of KIT D816V-mutant atypical chronic myeloid leukemia.,Leuk Res Rep,2023,2023,post-2017 (2017 international classification),animal_study,1,80,,Case presentationAn 80-year-old male was referred to our facility for evaluation of HSCT for aCML.,,80,elderly (75+),years,male,False,False,True,False,,,,mastocytosis,rule_based_v2,2026-04-16T20:41:07.090974
PMC10220212,10.1016/j.jdcr.2023.04.009,Indolent systemic mastocytosis and aleukemic mast cell leukemia: Subtle diagnostic differences with distinct management approaches.,JAAD Case Rep,2023 Jun,2023,post-2017 (2017 international classification),case_report,348,52,,"Case reportA 52-year-old woman with a history of hyperlipidemia, psoriasis, and GI polyps presented with longstanding but asymptomatic skin lesions.",,52,middle aged (45-59),years,female,False,False,True,False,,,urticaria; gi_symptoms,mastocytosis,rule_based_v2,2026-04-16T20:41:07.095037
PMC10220213,10.1016/j.jdcr.2023.03.015,Primary cutaneous lymphoma in a patient with mastocytosis: Is there an association?,JAAD Case Rep,2023 Jun,2023,post-2017 (2017 international classification),animal_study,1,35,,"Report of caseA 35-year-old male with a 7-year history of biopsy-proven cutaneous mastocytosis, well controlled with antihistamines and dietary avoidance, presented to clinic for annual surveillance.",,35,adult (30-44),years,male,False,False,True,False,,,urticaria,mastocytosis,rule_based_v2,2026-04-16T20:41:07.098435
PMC10220894,10.3390/tropicalmed8050247,Endocarditis with Streptococcus pseudoporcinus Associated with Mastocytosis and Spondylodiscitis-A Coincidental Association? A Case Report.,Trop Med Infect Dis,2023 Apr 25,2023,post-2017 (2017 international classification),case_report,1,63,,"Case ReportWe describe the case of a 63-year-old Caucasian male patient, who lives in North America and Europe, and seeks medical advice for prolonged fever (38-39.",,63,older adult (60-74),years,female,False,False,True,False,,,chronic_pain; syncope; anaphylaxis; gi_symptoms; mitral_valve_prolapse,mastocytosis,rule_based_v2,2026-04-16T20:41:07.101467
PMC10123330,10.7759/cureus.36640,Internal Carotid Artery Agenesis: A Rare Entity.,Cureus,2023 Mar,2023,post-2017 (2017 international classification),review_or_study,1,67,,"A 67-year-old man presented with fluctuating right-sided hemiparesis and aphasia, found to have left ICA agenesis.",,67,older adult (60-74),years,male,False,False,True,False,,,gi_symptoms; headache_migraine,MCAS,rule_based_v2,2026-04-16T20:41:07.107465
PMC10099671,10.1111/ejh.13894,Clearance of bone marrow mast cells after hypomethylating agent and venetoclax for systemic mastocytosis associated with myeloid neoplasia.,Eur J Haematol,2023 Feb,2023,post-2017 (2017 international classification),case_report,1,42,,A 42-year-old gentleman presented with fatigue and pancytopenia.,,42,adult (30-44),years,male,False,False,True,False,,,syncope; fatigue,mastocytosis,rule_based_v2,2026-04-16T20:41:07.110877
PMC10046872,10.3390/cancers15061664,Mast Cell Leukemia: An Update with a Practical Review.,Cancers (Basel),2023 Mar 8,2023,post-2017 (2017 international classification),case_report,28,,,"The 2022 WHO classification continues to recognize three main forms of mastocytosis [3]:cutaneous mastocytosis (CM) with skin-limited disease, which is more common in children and which presents good biological behavior;SM with involvement of one or more extra-cutaneous organs, which is more frequen...",,,,years,female,False,False,True,False,MCAS consensus criteria,,gi_symptoms,mastocytosis,rule_based_v2,2026-04-16T20:41:07.115965
PMC9918867,10.1159/000529347,Delayed Diagnosis of Indolent Systemic Mastocytosis as the Cause of Unexplained Skin Rash: A Case Report.,Case Rep Oncol,2023 Jan-Dec,2023,post-2017 (2017 international classification),case_report,10,40,,We report a delayed diagnosis of indolent systemic mastocytosis in a 40-year-old gentleman who had been complaining of an unexplained skin rash for 6 years.,,40,adult (30-44),years,male,False,False,True,False,,,chronic_pain; flushing; urticaria; anaphylaxis; gi_symptoms,mastocytosis,rule_based_v2,2026-04-16T20:41:07.129871
PMC9917416,10.3390/jcm12031156,A Practical Approach to Systemic Mastocytosis Complications in Cardiac Surgery: A Case Report and Systematic Review of the Literature.,J Clin Med,2023 Feb 1,2023,post-2017 (2017 international classification),review_or_study,11,66,,"Case PresentationA 66-year-old woman (164 cm, 78.",,66,older adult (60-74),years,male,False,False,True,False,,,urticaria; anaphylaxis; medication_sensitivity,mastocytosis,rule_based_v2,2026-04-16T20:41:07.133829
PMC9892685,10.1159/000528887,"Mast Cell Sarcoma of Small Intestine, Early Diagnosis, and Good Prognosis: An Extremely Rare Case Report and Review of the Literature.",Gastrointest Tumors,2023 Jan-Dec,2023,post-2017 (2017 international classification),case_report,1,59,,"The patient was a 59-year-old woman who presented with abdominal pain, flushing, weight loss, and vomiting.",,59,middle aged (45-59),years,female,False,False,True,False,,,flushing; gi_symptoms,mastocytosis,rule_based_v2,2026-04-16T20:41:07.140517
PMC9839392,10.1186/s13052-022-01402-7,Successful treatment with Omalizumab of a child affected by Systemic Mastocytosis: clinical and biological implications.,Ital J Pediatr,2023 Jan 13,2023,post-2017 (2017 international classification),animal_study,1,8,,"Case presentationA 8-year-old caucasian male was referred to our center after an episode of anaphylaxis of unknown origin (hypotension, tachycardia, general flushing, but no urticaria or angioedema) and persistent high tryptase value (27.",,8,childhood (5-11),years,male,False,False,True,False,,,chronic_pain; tachycardia; flushing; urticaria; anaphylaxis; fatigue; gi_symptoms; headache_migraine; palpitations,mastocytosis,rule_based_v2,2026-04-16T20:41:07.144994
PMC11613559,10.1016/j.gimo.2023.100812,"Comorbidity, misdiagnoses, and the diagnostic odyssey in patients with hypermobile Ehlers-Danlos syndrome.",Genet Med Open,2023,2023,post-2017 (2017 international classification),case_report,1,5,,"In fact, previous studies have suggested that patients undergo an average of 5 or more years before formally being diagnosed.",,5,childhood (5-11),years,female,True,True,True,True,2017 international classification; MCAS consensus criteria,,joint_hypermobility; subluxations_dislocations; chronic_pain; tachycardia; syncope; skin_hyperextensibility; fatigue; headache_migraine; neuropathy; chiari,hEDS; hypermobile EDS; POTS; postural tachycardia syndrome; dysautonomia; MCAS; MCAD; mast cell activation syndrome,rule_based_v2,2026-04-16T20:43:38.141827
PMC10806170,10.3389/fneur.2023.1305972,Characterizing a new clinical phenotype: the co-existence of cerebral venous outflow and connective tissue disorders.,Front Neurol,2023,2023,post-2017 (2017 international classification),clinical_study,86,36,,"2%, n = 75), with a mean age of 36.",,36,adult (30-44),years,female,True,True,True,True,,,joint_hypermobility; orthostatic_intolerance; tachycardia; flushing; headache_migraine; chiari; brain_fog; medication_sensitivity,JHS; POTS; postural tachycardia syndrome; dysautonomia; MCAS; MCAD; mast cell activation syndrome,rule_based_v2,2026-04-16T20:43:40.619576
PMC10672129,10.3390/jpm13111562,Neuropsychiatric Manifestations of Mast Cell Activation Syndrome and Response to Mast-Cell-Directed Treatment: A Case Series.,J Pers Med,2023 Oct 31,2023,post-2017 (2017 international classification),animal_study,139,47,,Illustrative Case: Patient 1The patient was a 47-year-old physician who was healthy except for episodes of anaphylaxis in response to nuts in her childhood and adolescence.,,47,middle aged (45-59),years,female,True,True,True,True,,,joint_hypermobility; chronic_pain; orthostatic_intolerance; tachycardia; syncope; flushing; anaphylaxis; easy_bruising; fatigue; gi_symptoms; headache_migraine; neuropathy; palpitations; medication_sensitivity,hEDS; hypermobile EDS; JHS; HSD; POTS; postural tachycardia syndrome; dysautonomia; MCAS; MCAD; mast cell activation syndrome; mastocytosis,rule_based_v2,2026-04-16T20:43:41.738911
PMC9796896,10.1111/jcpe.13698,Oral characteristics in adult individuals with periodontal Ehlers-Danlos syndrome.,J Clin Periodontol,2022 Dec,2022,post-2017 (2017 international classification),clinical_study,1,3,,ResultsPeriodontitis stage 3 or 4 or edentulism due to periodontal destruction were diagnosed in 94% of the individuals.,,3,early childhood (1-4),years,female,True,False,False,False,2017 international classification,,joint_hypermobility; skin_hyperextensibility; easy_bruising,JHS,rule_based_v2,2026-04-16T20:41:03.507276
PMC9724511,10.12998/wjcc.v10.i33.12247,Unusual presentation of Loeys-Dietz syndrome: A case report of clinical findings and treatment challenges.,World J Clin Cases,2022 Nov 26,2022,post-2017 (2017 international classification),case_report,1,35,,CASE SUMMARYWe present a case study of a 35-year-old female who came to the emergency department due to lower gastrointestinal bleeding and severe abdominal pain.,,35,adult (30-44),years,female,True,False,False,False,,,tachycardia; skin_hyperextensibility; easy_bruising; gi_symptoms,,rule_based_v2,2026-04-16T20:41:03.517131
PMC9710336,10.1136/bcr-2022-250308,Proximal tibiofibular joint (PTFJ) dislocation due to Ehlers-Danlos syndrome: posterolateral open-wedge high tibial osteotomy combined with medial closed-wedge distal femoral osteotomy can correct the severe valgus deformity with a markedly increased tibial posterior slope.,BMJ Case Rep,2022 Nov 29,2022,post-2017 (2017 international classification),case_report,1,,,A woman in her 40s presented with a posterolaterally depressed tibial condyle and severe valgus deformity caused by a long-standing PTFJ dislocation due to EDS.,,,,years,female,True,False,False,False,Beighton,,joint_hypermobility; subluxations_dislocations; skin_hyperextensibility,JHS,rule_based_v2,2026-04-16T20:41:03.523132
PMC9701907,10.1016/j.aace.2022.08.005,A Case of Spondylodysplastic Ehlers-Danlos Syndrome With Comorbid Hypophosphatasia.,AACE Clin Case Rep,2022 Nov-Dec,2022,post-2017 (2017 international classification),case_report,4,38,,"Case ReportA 38-year-old woman was evaluated for chronic diffuse joint pain and a low alkaline phosphatase level of 27 U/L (reference, 31-125 U/L).",,38,adult (30-44),years,female,True,False,False,False,2017 international classification,,joint_hypermobility; chronic_pain; skin_hyperextensibility,JHS,rule_based_v2,2026-04-16T20:41:03.531165
PMC9703103,10.1002/ccr3.6338,Classical Ehlers-Danlos syndrome with severe kyphoscoliosis due to a novel pathogenic variant of COL5A2.,Clin Case Rep,2022 Nov,2022,post-2017 (2017 international classification),case_report,168,14,,"AbstractWe described a novel de novo missense variant of the gene encoding Collagen alpha-2(V) chain, associated with the classical Ehlers-Danlos syndrome (cEDS) (OMIM#130010), in a 14-year-old patient who presented with congenital and severe scoliosis, muscle hypotonia, ocular manifestations, and n...",,14,adolescent (12-17),years,female,True,False,False,False,Beighton,7,joint_hypermobility; subluxations_dislocations; chronic_pain; skin_hyperextensibility; easy_bruising; brain_fog; mitral_valve_prolapse,,rule_based_v2,2026-04-16T20:41:03.535814
PMC9690363,10.3390/genes13112158,Novel Homozygous ADAMTS2 Variants and Associated Disease Phenotypes in Dogs with Dermatosparactic Ehlers-Danlos Syndrome.,Genes (Basel),2022 Nov 19,2022,post-2017 (2017 international classification),review_or_study,1,7,,"5-month-old Dachshund, euthanized for reasons unrelated to the present study, were used as normal controls for histopathologic and ultrastructural studies.",,7,childhood (5-11),years,female,True,False,False,False,,,joint_hypermobility; subluxations_dislocations; urticaria; skin_hyperextensibility; gi_symptoms,JHS; HSD,rule_based_v2,2026-04-16T20:41:03.542652
PMC9689626,10.3390/genes13111978,Clinical Presentation and Characteristics of the Upper Extremity in Patients with Musculocontractural Ehlers-Danlos Syndrome.,Genes (Basel),2022 Oct 29,2022,post-2017 (2017 international classification),review_or_study,13,20,,The cohort included six male and seven female patients with a mean age of 20.,,20,young adult (18-29),years,female,True,False,False,False,,,joint_hypermobility; subluxations_dislocations; skin_hyperextensibility,JHS,rule_based_v2,2026-04-16T20:41:03.560545
PMC9634265,10.1002/ccr3.6490,"Multifocal periapical cemental dysplasia in periodontal Ehlers-Danlos syndrome combined with leukoencephalopathy in the mutation of c.890G > a, G297D [pEDS].",Clin Case Rep,2022 Nov,2022,post-2017 (2017 international classification),clinical_study,148,39,,2REPORTA 39-year-old woman visited our clinic with painless swelling of the gums in the area of the upper right canine and anterior mandible.,,39,adult (30-44),years,female,True,False,False,False,Beighton,5,joint_hypermobility; skin_hyperextensibility; easy_bruising,,rule_based_v2,2026-04-16T20:41:03.572272
PMC9609512,10.1177/21925682211068520,Craniocervical Instability in Ehlers-Danlos Syndrome-A Systematic Review of Diagnostic and Surgical Treatment Criteria.,Global Spine J,2022 Oct,2022,post-2017 (2017 international classification),animal_study,78,,,"In children less than 13 years old, the basion-dental
interval is not reliable because of the variable age at which complete
ossification and fusion of the dens occur.",,,,years,,True,False,False,False,2017 international classification,,subluxations_dislocations; chronic_pain; syncope; skin_hyperextensibility; headache_migraine; chiari,,rule_based_v2,2026-04-16T20:41:03.577084
PMC9552984,10.1002/ccr3.6455,Multi-exon COL5A1 deletion in a child with classical Ehlers-Danlos syndrome: A case report expanding the allelic spectrum and showing evidence of parental gonosomal mosaicism.,Clin Case Rep,2022 Oct,2022,post-2017 (2017 international classification),case_report,1,13,,2CASE REPORTThe patient is a 13-year-old girl born to nonconsanguineous Finnish parents without family history of cEDS.,,13,adolescent (12-17),years,female,True,False,False,False,2017 international classification; Beighton,9,joint_hypermobility; subluxations_dislocations; skin_hyperextensibility; easy_bruising; fatigue,JHS; HSD,rule_based_v2,2026-04-16T20:41:03.601977
PMC9544979,10.1111/jgh.15927,Hypermobile Ehlers-Danlos syndrome and disorders of the gastrointestinal tract: What the gastroenterologist needs to know.,J Gastroenterol Hepatol,2022 Sep,2022,post-2017 (2017 international classification),animal_study,62,50,,"9

Table 1New diagnostic criteria for hypermobile Ehlers-Danlos syndrome (hEDS)
7



Criterion 1:



Must be met


The Beighton score for generalized joint hypermobility
Prepubertal children/adolescents: > 6Men, women post puberty to age 50: > 5Over age 50: > 4
If one point below diagnostic, score ≥...",,50,middle aged (45-59),years,female,True,True,True,True,2017 international classification; Villefranche; Brighton; Beighton,2,joint_hypermobility; subluxations_dislocations; chronic_pain; orthostatic_intolerance; tachycardia; syncope; skin_hyperextensibility; fatigue; gi_symptoms; headache_migraine; neuropathy; mitral_valve_prolapse; palpitations,hEDS; hypermobile EDS; JHS; HSD; POTS; postural tachycardia syndrome; mast cell activation syndrome,rule_based_v2,2026-04-16T20:41:03.608367
PMC9544160,10.1111/cge.14176,Carriers of COL3A1 pathogenic variants in Denmark: Interfamilial variability in severity and outcome of elective surgical procedures.,Clin Genet,2022 Sep,2022,post-2017 (2017 international classification),clinical_study,24,30,,"Families in which at least one carrier has suffered a major event before the age of 30 were classified as severe, whereas families in which at least three carriers had reached the age of 40 without a major event were classified as attenuated.",,30,adult (30-44),years,female,True,False,False,False,Villefranche,,easy_bruising,EDS type III,rule_based_v2,2026-04-16T20:41:03.621860
PMC9482467,10.2147/JPR.S377790,Multidisciplinary Approach to Treating Chronic Pain in Patients with Ehlers-Danlos Syndrome: Critically Appraised Topic.,J Pain Res,2022,2022,post-2017 (2017 international classification),clinical_study,18,,young_adult,Clinical QuestionWhat components of a conservative multidisciplinary approach are best for treating chronic musculoskeletal pain in a young adult female with hypermobile Ehlers-Danlos syndrome (hEDS)? BackgroundThe Ehlers-Danlos syndromes (EDS) and hypermobility spectrum disorder (HSD) are connectiv...,18-30 years,24,young adult (18-29),years,female,True,False,False,False,2017 international classification; Villefranche,,joint_hypermobility; subluxations_dislocations; chronic_pain; skin_hyperextensibility; easy_bruising; fatigue; headache_migraine; neuropathy; brain_fog,EDS type III; EDS hypermobility type; hEDS; hypermobile EDS; JHS; HSD,rule_based_v2,2026-04-16T20:41:03.633755
PMC9470354,10.1155/2022/5819406,Motor Skill Improvement Using Compressive Garments in a Child with Multidimensional Impairments and Ehlers-Danlos Syndrome.,Case Rep Psychiatry,2022,2022,post-2017 (2017 international classification),case_report,1,8,,"We report the case of an 8-year-old child with a complex neurodevelopmental disorder, including severe developmental coordination disorder with dysgraphia, anxiety and depression, mild social functioning impairments, headache and chronic musculoskeletal pain, secondary to Ehlers-Danlos syndrome (EDS...",,8,childhood (5-11),years,male,True,False,False,False,Beighton,,joint_hypermobility; chronic_pain; urticaria; skin_hyperextensibility; fatigue; gi_symptoms; headache_migraine,EDS hypermobility type; JHS; HSD,rule_based_v2,2026-04-16T20:41:03.645831
PMC9408984,10.3390/ijms23169090,Connective Tissue Disorders and Fragile X Molecular Status in Females: A Case Series and Review.,Int J Mol Sci,2022 Aug 13,2022,post-2017 (2017 international classification),case_report,20,26,,Case ReportsCase #1A 26-year-old female was seen in the Genetics Clinic at KUMC for evaluation of a connective tissue disorder.,,26,young adult (18-29),years,female,True,True,False,False,Beighton,,joint_hypermobility; subluxations_dislocations; chronic_pain; tachycardia; syncope; skin_hyperextensibility; easy_bruising; headache_migraine; chiari; mitral_valve_prolapse; palpitations,JHS; HSD; POTS,rule_based_v2,2026-04-16T20:41:03.653003
PMC9397026,10.3390/jfmk7030061,Rationale and Feasibility of Resistance Training in hEDS/HSD: A Narrative Review.,J Funct Morphol Kinesiol,2022 Aug 20,2022,post-2017 (2017 international classification),clinical_study,15,10,,"However, when specifically evaluating individuals less than 45 years of age (n = 26), BMD trended towards being poorer (Lumbar: Z = -0.",,10,childhood (5-11),years,female,True,False,False,False,,,joint_hypermobility; subluxations_dislocations; chronic_pain; fatigue; gi_symptoms,EDS type III; hEDS; hypermobile EDS; JHS; HSD,rule_based_v2,2026-04-16T20:41:03.664511
PMC9334134,10.1016/j.jaccas.2022.05.004,Spontaneous Coronary Artery Dissection and Papillary Muscle Rupture in Patient With Undiagnosed Vascular Ehler-Danlos Syndrome.,JACC Case Rep,2022 Jul 20,2022,post-2017 (2017 international classification),case_report,1,61,,) History of PresentationA 61-year-old woman presented to the emergency department with retrosternal chest pain that had subsided on arrival.,,61,older adult (60-74),years,female,True,False,False,False,,,orthostatic_intolerance; easy_bruising,EDS type III,rule_based_v2,2026-04-16T20:41:03.686509
PMC9303620,10.1002/ajmg.a.62674,Recurrent pneumothorax in a case of tenascin-X deficient Ehlers-Danlos syndrome: Broadening the phenotypic spectrum.,Am J Med Genet A,2022 May,2022,post-2017 (2017 international classification),case_report,1,34,,At age 34 years he presented for genetics review.,,34,adult (30-44),years,male,True,False,False,False,2017 international classification; Beighton,,joint_hypermobility; subluxations_dislocations; skin_hyperextensibility; easy_bruising; fatigue; mitral_valve_prolapse,EDS type III,rule_based_v2,2026-04-16T20:41:03.690358
PMC9302035,10.7759/cureus.26148,A Diagnosis of Camptodactyly With Benign Joint Hypermobility Syndrome in a Patient Presenting With Fixed Flexion Deformity of the Fingers and Striae.,Cureus,2022 Jun,2022,post-2017 (2017 international classification),case_report,1,15,,Case presentationA 15-year-old Sri Lankan boy was brought by his parents to the rheumatology clinic with fixed flexion deformities of the little fingers bilaterally with the associated diminished functional capacity of both hands and pain during the finger extensions.,,15,adolescent (12-17),years,male,True,False,False,False,Brighton; Beighton,,joint_hypermobility; chronic_pain; syncope; skin_hyperextensibility; fatigue; gi_symptoms; headache_migraine,JHS; dysautonomia,rule_based_v2,2026-04-16T20:41:03.695469
PMC9270900,10.2147/IMCRJ.S362434,Coarctation of the Aorta with Arterial Tortuosity Syndrome - A Case Report with Cinematic Rendering.,Int Med Case Rep J,2022,2022,post-2017 (2017 international classification),case_report,3,16,,Clinical PresentationA 16-year-old female initially presented at a screening exercise and was found to have a blood pressure of 200/110 mmHg.,,16,adolescent (12-17),years,female,True,False,False,False,,,headache_migraine; palpitations,,rule_based_v2,2026-04-16T20:41:03.715186
PMC9241136,10.1016/j.xnsj.2022.100136,Single-level posterior lumbar fusions in patients with Ehlers Danlos Syndrome not found to be associated with increased postoperative adverse events or five-year reoperations.,N Am Spine Soc J,2022 Sep,2022,post-2017 (2017 international classification),case_report,239,,child,,3-12 years,7.5,childhood (5-11),years,female,True,False,False,False,,,joint_hypermobility; skin_hyperextensibility,,rule_based_v2,2026-04-16T20:41:03.718584
PMC9214343,10.1016/j.arrct.2022.100189,Exercise and Rehabilitation in People With Ehlers-Danlos Syndrome: A Systematic Review.,Arch Rehabil Res Clin Transl,2022 Jun,2022,post-2017 (2017 international classification),clinical_study,1,,,,,,,years,,True,True,True,True,2017 international classification; Villefranche; Brighton,,joint_hypermobility; subluxations_dislocations; chronic_pain; orthostatic_intolerance; tachycardia; urticaria; fatigue,EDS hypermobility type; hEDS; JHS; HSD; postural tachycardia syndrome,rule_based_v2,2026-04-16T20:41:03.728772
PMC9207203,10.3389/fgene.2022.824445,Mutant B3GALT6 in a Multiplex Family: A Dominant Variant Co-Segregated With Moderate Malformations.,Front Genet,2022,2022,post-2017 (2017 international classification),animal_study,60,,,"Materials and MethodsStudy SubjectsThe study was approved by the Academic Committee of Hunan Children’s Hospital (approval number: HCHLL58, Changsha City, Hunan Province, China).",,,,years,,True,False,False,False,2017 international classification,,,,rule_based_v2,2026-04-16T20:41:03.771623
PMC9195107,10.55729/2000-9666.1013,Ruptured Sinus of Valsalva Aneurysm in Apert Syndrome: Case report.,J Community Hosp Intern Med Perspect,2022,2022,post-2017 (2017 international classification),case_report,1,47,,"Case presentationA 47-year-old Caucasian woman with a history of Apert syndrome and rheumatoid arthritis presented with shortness of breath, orthopnea, paroxysmal nocturnal dyspnea, and progressive bilateral lower extremity edema for 2 weeks.",,47,middle aged (45-59),years,female,True,False,False,False,,,tachycardia,,rule_based_v2,2026-04-16T20:41:03.784631
PMC9131024,10.1093/ehjcr/ytac161,May-Thurner syndrome in patients with postural orthostatic tachycardia syndrome and Ehlers-Danlos syndrome: a case series.,Eur Heart J Case Rep,2022 Apr,2022,post-2017 (2017 international classification),case_report,1,16,,"Present day (follow-up)Currently considering intervention for MTS Patient 1A 16-year-old female with hypermobile EDS and POTS presented for evaluation of
palpitations, concentration difficulties due to mental clouding, difficulty staying
upright and performing activities while standing, and dizzines...",,16,adolescent (12-17),years,female,True,True,True,True,,,joint_hypermobility; chronic_pain; orthostatic_intolerance; tachycardia; syncope; flushing; skin_hyperextensibility; fatigue; gi_symptoms; neuropathy; brain_fog; palpitations,POTS; postural tachycardia syndrome; dysautonomia,rule_based_v2,2026-04-16T20:41:03.789512
PMC9091396,10.13107/jocr.2022.v12.i01.2602,Anterior Cruciate Ligament Agenesia in a Patient with Ehlers-Danlos Syndrome and Open Physes.,J Orthop Case Rep,2022 Jan,2022,post-2017 (2017 international classification),case_report,1,11,,Case Presentation:The present case report describes the surgical management of an 11-year-old patient affected by EDS.,,11,childhood (5-11),years,male,True,False,False,False,,,joint_hypermobility; subluxations_dislocations; skin_hyperextensibility,,rule_based_v2,2026-04-16T20:41:03.794693
PMC9122800,10.1002/ccr3.5887,"Idiopathic osteoporosis, Ehlers-Danlos syndrome, postural orthostatic tachycardia syndrome, and mast cell activation disorder in a 27-year-old male patient: A unique case presentation.",Clin Case Rep,2022 May,2022,post-2017 (2017 international classification),case_report,3,27,,"4

Following several years of clinical investigation, we report a rare case of osteoporosis and hEDS in a 27-year-old male patient with a constellation of symptoms affiliated with postural orthostatic tachycardia (POTS), mast cell activation disorder (MCAD), and hidradenitis suppurativa (HS).",,27,young adult (18-29),years,male,True,True,True,True,2017 international classification; Beighton,,joint_hypermobility; subluxations_dislocations; chronic_pain; tachycardia; urticaria; skin_hyperextensibility; easy_bruising; fatigue; gi_symptoms; mitral_valve_prolapse,hEDS; hypermobile EDS; JHS; POTS; postural tachycardia syndrome; dysautonomia; MCAD; mast cell activation syndrome; mastocytosis,rule_based_v2,2026-04-16T20:41:03.800179
PMC9112583,10.1186/s13256-022-03409-4,Uterine torsion as an elusive obstetrical emergency in pregnancy: is there an association between gravid uterus torsion and Ehlers-Danlos syndrome?: a case report.,J Med Case Rep,2022 May 17,2022,post-2017 (2017 international classification),case_report,1,42,,"This article presents the case of a 42-year-old pregnant woman, diagnosed with a rare 270° uterine torsion, in whom proper management led to good maternal outcomes but, unfortunately, severe prematurity and metabolic acidosis led to neonatal death.",,42,adult (30-44),years,female,True,False,False,False,,,joint_hypermobility; chronic_pain; skin_hyperextensibility; gi_symptoms,hypermobile EDS; JHS,rule_based_v2,2026-04-16T20:41:03.806854
PMC9110592,10.1007/s13555-022-00717-x,The Relevance of Skin Biopsies in General Internal Medicine: Facts and Myths.,Dermatol Ther (Heidelb),2022 May,2022,post-2017 (2017 international classification),case_report,1,,,The disease is characterized by yellowish papules or plaque-like skin lesions often appearing in late childhood.,,,,years,female,True,False,False,False,Beighton,1,joint_hypermobility; skin_hyperextensibility; neuropathy; medication_sensitivity,EDS type III; hEDS; hypermobile EDS; JHS,rule_based_v2,2026-04-16T20:41:03.813199
PMC9071330,10.1093/jscr/rjac192,Spontaneous small bowel perforation: a rare GI manifestation of type IV Ehlers-Danlos syndrome.,J Surg Case Rep,2022 Apr,2022,post-2017 (2017 international classification),case_report,1,31,,"We present the case of a 31-year-old male with history of type IV EDS, presenting with acute onset abdominal pain.",,31,adult (30-44),years,male,True,False,False,False,Villefranche,,easy_bruising; gi_symptoms; mitral_valve_prolapse,EDS type III,rule_based_v2,2026-04-16T20:41:03.831721
PMC9017971,10.14814/phy2.15275,Haploinsufficiency of Col5a1 causes intrinsic lung and respiratory changes in a mouse model of classical Ehlers-Danlos syndrome.,Physiol Rep,2022 Apr,2022,post-2017 (2017 international classification),animal_study,252,0.3,,"In young adult male and female mice, lung histology showed reduced alveolar density, reminiscent of emphysematous-like changes.",,0.3,infant (<1),months,female,True,False,False,False,2017 international classification,,joint_hypermobility; subluxations_dislocations; flushing,EDS type III; hEDS; JHS,rule_based_v2,2026-04-16T20:41:03.835652
PMC8958401,10.3400/avd.cr.21-00122,Successful Surgical Repair of Type A Acute Aortic Dissection in a Patient with Vascular Ehlers-Danlos Syndrome.,Ann Vasc Dis,2022 Mar 25,2022,post-2017 (2017 international classification),case_report,31,42,,A 42-year-old woman was transferred to our hospital 10 days after the onset of symptoms and underwent emergency surgery.,,42,adult (30-44),years,female,True,False,False,False,,,joint_hypermobility; skin_hyperextensibility; palpitations,EDS type III; JHS,rule_based_v2,2026-04-16T20:41:03.850696
PMC8894232,10.1016/j.rmcr.2022.101602,Obstructive sleep apnea in a case of ehlers-danlos syndrome.,Respir Med Case Rep,2022,2022,post-2017 (2017 international classification),review_or_study,1,40,,"Sleep Apnea was clinically suspected by his treating physician at age 40, but was never worked up.",,40,adult (30-44),years,male,True,False,False,False,2017 international classification,,joint_hypermobility; subluxations_dislocations; chronic_pain; fatigue; headache_migraine,EDS hypermobility type; hypermobile EDS; dysautonomia,rule_based_v2,2026-04-16T20:41:03.854254
PMC8858776,10.1016/j.hrcr.2021.12.007,Ventricular tachycardia ablation in a patient with Ehlers-Danlos syndrome.,HeartRhythm Case Rep,2022 Feb,2022,post-2017 (2017 international classification),case_report,1,63,,Case reportA 63-year-old man presented to hospital with breathlessness.,,63,older adult (60-74),years,male,True,False,False,False,,,joint_hypermobility; tachycardia; syncope; skin_hyperextensibility; easy_bruising; mitral_valve_prolapse,,rule_based_v2,2026-04-16T20:41:03.858276
PMC8881606,10.1016/j.ijscr.2022.106840,Spontaneous uterine rupture revealing vascular Ehlers-Danlos syndrome: An uncommon case report.,Int J Surg Case Rep,2022 Mar,2022,post-2017 (2017 international classification),case_report,1,34,,"Case presentationWe present the case of a 34-year-old woman, who presented at 36 weeks of amenorrhea with labor pain.",,34,adult (30-44),years,female,True,False,False,False,Villefranche,,subluxations_dislocations; gi_symptoms,EDS type III,rule_based_v2,2026-04-16T20:41:03.864258
PMC8844402,10.1016/j.ajoc.2022.101264,"Corneal stromal deposits in connective tissue disease, a case series.",Am J Ophthalmol Case Rep,2022 Mar,2022,post-2017 (2017 international classification),case_report,1,21,,"ObservationsPatient 1: A 21-year-old man with history of ATS and keratoectasia presented with bilateral peripheral corneal neovascularization with numerous whitish brown, refractile, deep stromal opacities that were circumferential along the inferotemporal cornea.",,21,young adult (18-29),years,male,True,False,False,False,,,,,rule_based_v2,2026-04-16T20:41:03.887678
PMC8835098,10.3390/ijerph19031870,Ehlers-Danlos Syndrome Type Arthrochalasia: A Systematic Review.,Int J Environ Res Public Health,2022 Feb 7,2022,post-2017 (2017 international classification),clinical_study,42,,neonate,,0-28 days,0,infant (<1),years,male,True,False,False,False,,,joint_hypermobility; subluxations_dislocations; chronic_pain; skin_hyperextensibility,JHS,rule_based_v2,2026-04-16T20:41:03.893596
PMC8791763,10.7759/cureus.21487,Intercostal Artery Aneurysmosis Secondary to Chronic Cocaine Abuse.,Cureus,2022 Jan,2022,post-2017 (2017 international classification),case_report,1,42,,We describe a rare case of multiple bilateral intercostal artery aneurysms in a 42-year-old patient with chronic cocaine abuse and no other underlying etiology.,,42,adult (30-44),years,male,True,False,False,False,,,,,rule_based_v2,2026-04-16T20:41:03.903321
PMC8777155,10.1016/j.crwh.2022.e00384,Twin pregnancy with untyped Ehlers-Danlos syndrome requiring prompt genetic testing: A case report.,Case Rep Womens Health,2022 Jan,2022,post-2017 (2017 international classification),case_report,1,20,,2Case PresentationThe 20-year-old patient was carrying dichorionic diamniotic twins in her first pregnancy.,,20,young adult (18-29),years,female,True,True,False,False,,,joint_hypermobility; subluxations_dislocations; tachycardia; skin_hyperextensibility,hEDS; hypermobile EDS; JHS; postural tachycardia syndrome,rule_based_v2,2026-04-16T20:41:03.912375
PMC10562791,10.12688/f1000research.109373.1,Tolerability of COVID-19 mRNA vaccines in patients with postural tachycardia syndrome: a cross-sectional study.,F1000Res,2022,2022,post-2017 (2017 international classification),clinical_study,23,42,,"33
 There is one case report in which POTS was diagnosed in a previously healthy, 42-year-old male following the first dose of mRNA vaccination.",,42,adult (30-44),years,female,False,True,False,False,,,orthostatic_intolerance; tachycardia; fatigue; gi_symptoms; headache_migraine; neuropathy; brain_fog; palpitations,POTS; postural tachycardia syndrome; dysautonomia,rule_based_v2,2026-04-16T20:41:05.435002
PMC9821608,10.3390/jcm12010073,Autonomic Nerve Involvement in Post-Acute Sequelae of SARS-CoV-2 Syndrome (PASC).,J Clin Med,2022 Dec 22,2022,post-2017 (2017 international classification),review_or_study,13,18,,Patients with PASC were included in the study if they met the following criteria: (1) aged 18 years old and above; (2) documented diagnosis of COVID-19 infection based on a positive reverse transcriptase-polymerase chain reaction (PCR) test or an antigen test for SARS-CoV-2; (3) completion of compre...,,18,young adult (18-29),years,female,False,True,True,False,,,chronic_pain; orthostatic_intolerance; tachycardia; fatigue; gi_symptoms; neuropathy; brain_fog; palpitations,POTS; postural tachycardia syndrome; dysautonomia; mast cell activation syndrome,rule_based_v2,2026-04-16T20:41:05.608896
PMC9795856,10.2147/IJWH.S366667,POTS and Pregnancy: A Review of Literature and Recommendations for Evaluation and Treatment.,Int J Womens Health,2022,2022,post-2017 (2017 international classification),review_or_study,1,35,,2The diagnostic criteria for POTS include 1) an increase in heart rate of at least 30 beats per minute in adults and at least 40 beats per minute in teens up to 19 years of age within 10 minutes of standing or a tilt table test; 2) absence of orthostatic hypotension; and 3) symptoms of orthostatic i...,,35,adult (30-44),years,male,True,True,True,True,MCAS consensus criteria,,joint_hypermobility; subluxations_dislocations; chronic_pain; orthostatic_intolerance; tachycardia; syncope; fatigue; gi_symptoms; headache_migraine; neuropathy; brain_fog; palpitations,hEDS; hypermobile EDS; HSD; POTS; postural tachycardia syndrome; dysautonomia; MCAS; mast cell activation syndrome,rule_based_v2,2026-04-16T20:41:05.617930
PMC9732766,10.1093/ehjcr/ytac453,Postural orthostatic tachycardia syndrome and orthostatic hypotension in post-acute sequelae of COVID-19 during pregnancy: a case report.,Eur Heart J Case Rep,2022 Dec,2022,post-2017 (2017 international classification),review_or_study,7,32,,"Case summaryIn this report, we present a 32-year-old pregnant woman (G3P2) who experiences severe orthostatic symptoms as part of her PASC syndrome, which is decoupled from normal physiologic changes of pregnancy.",,32,adult (30-44),years,female,False,True,False,False,2015 POTS consensus,,orthostatic_intolerance; tachycardia; syncope; flushing; fatigue; palpitations,POTS; postural tachycardia syndrome,rule_based_v2,2026-04-16T20:41:05.630798
PMC9602558,10.3390/healthcare10102105,Long-Haul COVID Patients: Prevalence of POTS Are Reduced but Cerebral Blood Flow Abnormalities Remain Abnormal with Longer Disease Duration.,Healthcare (Basel),2022 Oct 21,2022,post-2017 (2017 international classification),case_report,19,,,,,,,years,,False,True,False,False,,,orthostatic_intolerance; tachycardia; syncope; gi_symptoms; neuropathy,POTS; postural tachycardia syndrome; dysautonomia,rule_based_v2,2026-04-16T20:41:05.638356
PMC9548822,10.1016/j.chest.2022.08.388,COVID-19-INDUCED POSTURAL ORTHOSTATIC TACHYCARDIA SYNDROME.,Chest,2022 Oct,2022,post-2017 (2017 international classification),case_report,1,38,,CASE PRESENTATION: 38-year-old presented to the hospital with the chief complaint of shortness of breath chest tightness.,,38,adult (30-44),years,female,False,True,False,False,,,orthostatic_intolerance; tachycardia; syncope; neuropathy,POTS; postural tachycardia syndrome,rule_based_v2,2026-04-16T20:41:05.644825
PMC9498034,10.3390/diagnostics12092129,Clogmia albipunctata (Nematocera; Psychodidae) as the Etiologic Agent of Myiasis: True or False?,Diagnostics (Basel),2022 Sep 1,2022,post-2017 (2017 international classification),review_or_study,12,55,,"Case PresentationIn February 2017, a 55-year-old French man was referred to the Parasitology-Mycology department of Poitiers hospital (Poitiers, France) for the suspected presence of insect larvae in the mouth.",,55,middle aged (45-59),years,female,False,True,False,False,,,gi_symptoms,POTS,rule_based_v2,2026-04-16T20:41:05.647043
PMC9444584,10.1016/j.ijid.2022.08.026,Clinical cardiovascular emergencies and the cellular basis of COVID-19 vaccination: from dream to reality?,Int J Infect Dis,2022 Nov,2022,post-2017 (2017 international classification),case_report,2,31,,"Also, a 31-year-old male with Marfan syndrome recovering from Bentall surgery and mitral valve replacement developed atrial fibrillation following Vero cell vaccination.",,31,adult (30-44),years,female,False,True,True,False,,,chronic_pain; tachycardia; anaphylaxis; fatigue; headache_migraine; palpitations; medication_sensitivity,postural tachycardia syndrome; MCAD,rule_based_v2,2026-04-16T20:41:05.659446
PMC9413809,10.7759/cureus.27287,What Works for One May Not Work for Another: A New Warning for Modafinil.,Cureus,2022 Jul,2022,post-2017 (2017 international classification),case_report,11,47,,Case presentationThe patient is a 47-year-old female with a history of POTS diagnosed approximately 13 years ago when she presented with syncope and exercise intolerance symptoms.,,47,middle aged (45-59),years,female,False,True,False,False,,,orthostatic_intolerance; tachycardia; syncope; fatigue; gi_symptoms; headache_migraine; neuropathy; palpitations,POTS; postural tachycardia syndrome; dysautonomia,rule_based_v2,2026-04-16T20:41:05.681925
PMC9345651,10.1016/j.hroo.2022.07.011,COVID-19 vaccination in patients with long QT syndrome.,Heart Rhythm O2,2022 Dec,2022,post-2017 (2017 international classification),case_report,19,16,,"However, myocarditis is one of the rare severe complications following COVID-19 vaccination, particularly associated with mRNA-based vaccines in males aged 16-29 years.",,16,adolescent (12-17),years,,False,True,False,False,,,chronic_pain; orthostatic_intolerance; tachycardia; syncope; gi_symptoms; headache_migraine; palpitations,POTS; postural tachycardia syndrome,rule_based_v2,2026-04-16T20:41:05.685431
PMC9323926,10.3390/vaccines10070991,COVID-19 Vaccination Might Induce Postural Orthostatic Tachycardia Syndrome: A Case Report.,Vaccines (Basel),2022 Jun 22,2022,post-2017 (2017 international classification),review_or_study,1,46,,We report a case of new-onset postural orthostatic tachycardia syndrome in a healthy 46-year-old female after a single dose of the BNT162b2 (Pfizer-BioNTech) SARS-CoV-2 vaccine.,,46,middle aged (45-59),years,female,False,True,False,False,,,joint_hypermobility; chronic_pain; orthostatic_intolerance; tachycardia; syncope; urticaria; fatigue; headache_migraine; neuropathy; brain_fog; palpitations,POTS; postural tachycardia syndrome; dysautonomia,rule_based_v2,2026-04-16T20:41:05.690216
PMC9287587,10.1016/j.hrthm.2022.07.014,Postural orthostatic tachycardia syndrome as a sequela of COVID-19.,Heart Rhythm,2022 Nov,2022,post-2017 (2017 international classification),clinical_study,1,17,,"35 Furthermore, a meta-analysis by Lopez-Leon et al,7 which included 47,910 COVID-19 survivors aged 17-87 years, found that 80% of patients experience ≥1 long-term symptom in the period from 14 to 110 days post-viral infection.",,17,adolescent (12-17),years,,True,True,True,True,2015 POTS consensus,,joint_hypermobility; chronic_pain; orthostatic_intolerance; tachycardia; syncope; fatigue; gi_symptoms; headache_migraine; neuropathy; brain_fog; palpitations,POTS; postural tachycardia syndrome; dysautonomia; MCAS; MCAD; mast cell activation syndrome,rule_based_v2,2026-04-16T20:41:05.695448
PMC9270602,10.1016/j.jaccas.2022.04.009,MEN2B Masquerading as Postural Orthostatic Tachycardia Syndrome.,JACC Case Rep,2022 Jul 6,2022,post-2017 (2017 international classification),review_or_study,1,29,,") History of PresentationA 29-year-old woman with a presumed history of postural orthostatic tachycardia syndrome (POTS) was seen at our Hypertension Clinic at the University of Texas Southwestern Medical Center in Dallas, Texas for evaluation of unexplained hypertensive episodes.",,29,young adult (18-29),years,female,True,True,True,True,Beighton,6,orthostatic_intolerance; tachycardia; syncope; flushing; gi_symptoms; headache_migraine,POTS; postural tachycardia syndrome; dysautonomia; mastocytosis,rule_based_v2,2026-04-16T20:41:05.703402
PMC9208536,10.1007/s13760-022-02002-2,A case of transient POTS following COVID-19 vaccine.,Acta Neurol Belg,2022 Aug,2022,post-2017 (2017 international classification),case_report,1,40,,We report a case of a 40-year-old man who was diagnosed with POTS after the messenger RNA COVID-19 vaccination.,,40,adult (30-44),years,male,False,True,False,False,,,orthostatic_intolerance; tachycardia; syncope; fatigue; headache_migraine; neuropathy; palpitations,POTS; postural tachycardia syndrome,rule_based_v2,2026-04-16T20:41:05.706622
PMC9174810,10.1136/bcr-2022-249608,Intermittent left bundle branch block with septal flash and postural orthostatic tachycardia syndrome in a young woman with long COVID-19.,BMJ Case Rep,2022 Jun 7,2022,post-2017 (2017 international classification),clinical_study,312,24,,"A 24-hour Holter at the outpatient clinic, 6 months after discharge showed significant improvement of the sinus tachycardia episodes, with an average 24-hour heart rate of 76 beats/min.",,24,young adult (18-29),years,female,False,True,False,False,,,chronic_pain; orthostatic_intolerance; tachycardia; syncope; fatigue; palpitations,POTS; postural tachycardia syndrome,rule_based_v2,2026-04-16T20:41:05.708372
PMC9021422,10.3389/fped.2022.849914,"Case Report, Practices Survey and Literature Review of an Under-Recognized Pediatric Vascular Disorder: The BASCULE Syndrome.",Front Pediatr,2022,2022,post-2017 (2017 international classification),review_or_study,1,14,,Case PresentationA 14-year-old boy had been reporting pruritic erythrocyanic lesions on the lower limbs for approximately 5 months.,,14,adolescent (12-17),years,male,False,True,False,False,MCAS consensus criteria,,orthostatic_intolerance; tachycardia; syncope; urticaria; fatigue; palpitations,POTS; postural tachycardia syndrome; dysautonomia,rule_based_v2,2026-04-16T20:41:05.711830
PMC8976261,10.1016/j.jacc.2022.03.357,Prospective Evaluation of Autonomic Dysfunction in Post-Acute Sequela of COVID-19.,J Am Coll Cardiol,2022 Jun 14,2022,post-2017 (2017 international classification),case_report,24,43,,3 %) were women with a mean age of 43.,,43,adult (30-44),years,,False,True,False,False,,,orthostatic_intolerance; tachycardia; syncope; fatigue; headache_migraine; palpitations,POTS; postural tachycardia syndrome,rule_based_v2,2026-04-16T20:41:05.716654
PMC8931464,10.3389/fphys.2022.833650,Orthostatic Intolerance in Adults Reporting Long COVID Symptoms Was Not Associated With Postural Orthostatic Tachycardia Syndrome.,Front Physiol,2022,2022,post-2017 (2017 international classification),clinical_study,20,46,,"Eighty-five participants were included (mean age 46 years, range 25-78; 74% women), of which 56 (66%) reported OI during AS (OIAS).",,46,middle aged (45-59),years,female,False,True,False,False,,,orthostatic_intolerance; tachycardia; syncope; fatigue; headache_migraine; brain_fog; palpitations,POTS; postural tachycardia syndrome,rule_based_v2,2026-04-16T20:41:05.723887
PMC8866568,10.3389/fcvm.2022.834879,Evaluating the Impact of Orthostatic Syncope and Presyncope on Quality of Life: A Systematic Review and Meta-Analysis.,Front Cardiovasc Med,2022,2022,post-2017 (2017 international classification),review_or_study,1,15,,"The peak age of onset of VVS and POTS is between 10 and 15 years of age (3, 4); thus, the onset of these quality of life detriments would predominantly occur during adolescence, with the potential for long term impact.",,15,adolescent (12-17),years,female,False,True,False,False,,,chronic_pain; orthostatic_intolerance; tachycardia; syncope; fatigue; gi_symptoms; neuropathy; brain_fog; palpitations,POTS; postural tachycardia syndrome,rule_based_v2,2026-04-16T20:41:05.737074
PMC8779641,10.3390/vaccines10010127,Post-HPV-Vaccination Mast Cell Activation Syndrome: Possible Vaccine-Triggered Escalation of Undiagnosed Pre-Existing Mast Cell Disease?,Vaccines (Basel),2022 Jan 16,2022,post-2017 (2017 international classification),animal_study,150,21,,Case 5A 21-year-old female presented with effectively a lifetime of “always having a cold” and virtually daily non-bilious emesis.,,21,young adult (18-29),years,female,True,True,True,True,Beighton,9,joint_hypermobility; chronic_pain; orthostatic_intolerance; tachycardia; syncope; flushing; urticaria; anaphylaxis; easy_bruising; fatigue; gi_symptoms; headache_migraine; neuropathy; palpitations; medication_sensitivity,hEDS; hypermobile EDS; POTS; postural tachycardia syndrome; dysautonomia; MCAS; MCAD; mast cell activation syndrome; mastocytosis,rule_based_v2,2026-04-16T20:41:05.760510
PMC8687482,10.1097/01.NPR.0000802968.90212.70,Postural orthostatic tachycardia syndrome: A conundrum for patients and healthcare providers.,Nurse Pract,2022 Jan 1,2022,post-2017 (2017 international classification),case_report,14,,,,,,,years,,False,True,True,False,,,joint_hypermobility; orthostatic_intolerance; tachycardia; syncope; flushing; fatigue; gi_symptoms; headache_migraine; neuropathy; brain_fog; palpitations,POTS; postural tachycardia syndrome; mast cell activation syndrome,rule_based_v2,2026-04-16T20:41:05.796628
PMC7936931,10.1007/s00415-021-10502-z,Is postural orthostatic tachycardia syndrome (POTS) a central nervous system disorder?,J Neurol,2022 Feb,2022,post-2017 (2017 international classification),animal_study,11,18,,", described an 18-year-old woman with narcolepsy and POTS, whose MRI of the brain demonstrated two non-enhancing lesions in the right thalamus and amygdala [26].",,18,young adult (18-29),years,female,True,True,False,False,,,chronic_pain; orthostatic_intolerance; tachycardia; syncope; fatigue; headache_migraine; neuropathy; chiari; brain_fog,POTS; postural tachycardia syndrome; dysautonomia,rule_based_v2,2026-04-16T20:41:05.966097
PMC9834603,10.21037/tcr-22-1596,Mixed primary mucinous cystadenocarcinoma and invasive ductal carcinoma of the breast: a case report and literature review.,Transl Cancer Res,2022 Dec,2022,post-2017 (2017 international classification),case_report,31,61,,"Case DescriptionHere, we describe a 61-year-old postmenopausal woman with no family history of breast cancer or other breast-related diseases, who presented with a palpable mass in her left breast lasting for 2 months.",,61,older adult (60-74),years,female,False,False,True,False,,,,MCAS,rule_based_v2,2026-04-16T20:41:08.290045
PMC9806352,10.3389/fmolb.2022.1066793,Stings on wings: Proteotranscriptomic and biochemical profiling of the lesser banded hornet (Vespa affinis) venom.,Front Mol Biosci,2022,2022,post-2017 (2017 international classification),case_report,1,80,,"1 Sodium dodecyl sulfate-polyacrylamide gel electrophoresis (SDS-PAGE)Crude venom (12 μg) mixed with molecular grade water (10 μl) and loading dye (5 μl) was boiled at 100°C for 8 min, loaded onto a 15% polyacrylamide gel along with a protein molecular weight ladder (Bio-Rad Laboratories, United Sta...",,80,elderly (75+),years,,False,False,True,False,2015 POTS consensus,,orthostatic_intolerance; anaphylaxis; neuropathy,mastocytosis,rule_based_v2,2026-04-16T20:41:09.394563
PMC9795958,10.1111/pde.15037,A case of annular erythema of infancy accompanied by elevated tryptase.,Pediatr Dermatol,2022 Sep,2022,post-2017 (2017 international classification),case_report,1,15,,The parents opted for watchful waiting and complete resolution of the rash was observed by age 15 months.,,15,adolescent (12-17),years,male,False,False,True,False,,,urticaria; anaphylaxis,mastocytosis,rule_based_v2,2026-04-16T20:41:10.325791
PMC9784954,10.3390/jcm11247326,Management of Adult Patients with Gastrointestinal Symptoms from Food Hypersensitivity-Narrative Review.,J Clin Med,2022 Dec 9,2022,post-2017 (2017 international classification),review_or_study,1,3,,"In the Canadian Healthy Infant Longitudinal Development cohort, children with higher gut microbial richness at age 3 months were associated with 55% reduced risk for food sensitization by age 1 year.",,3,early childhood (1-4),years,,True,True,True,True,MCAS consensus criteria,,chronic_pain; orthostatic_intolerance; tachycardia; flushing; urticaria; anaphylaxis; fatigue; gi_symptoms; headache_migraine; brain_fog; medication_sensitivity,hEDS; hypermobile EDS; HSD; POTS; postural tachycardia syndrome; MCAS; MCAD; mast cell activation syndrome,rule_based_v2,2026-04-16T20:41:11.452503
PMC9763144,10.1007/s00101-021-01069-5,Sugammadex in systemic mastocytosis : Case report and a systematic review of literature.,Anaesthesiologie,2022 Dec,2022,post-2017 (2017 international classification),review_or_study,1,50,,"We present the case of a 50-year-old woman (184 cm, 66 kg) with American Society of Anesthesiologists (ASA) physical status II, diagnosed with systemic mastocytosis with c-kit D816 mutation and expression of CD2 and CD25 with cutaneous symptoms (urticaria) and episodes of systemic anaphylaxis.",,50,middle aged (45-59),years,female,False,False,True,False,,,urticaria; anaphylaxis,mast cell activation syndrome; mastocytosis,rule_based_v2,2026-04-16T20:41:12.779609
PMC9724157,10.7555/JBR.36.20220071,Mast cell activation syndrome-anesthetic challenges in two different clinical scenarios.,J Biomed Res,2022 May 28,2022,post-2017 (2017 international classification),review_or_study,1,34,,"Case reportsCase 1A 34-year-old woman G1P0 at 41 weeks, with inadequate prenatal care, was urgently transferred to our facility from a local midwife birthing center.",,34,adult (30-44),years,female,False,False,True,False,,,chronic_pain; tachycardia; flushing; anaphylaxis; gi_symptoms; medication_sensitivity,MCAS; MCAD; mast cell activation syndrome; mastocytosis,rule_based_v2,2026-04-16T20:41:14.340314
PMC9649302,10.1155/2022/7251658,Systemic Mastocytosis in a Patient with BCR-ABL1-Positive Chronic Myeloid Leukemia in the Remission Phase.,Case Rep Hematol,2022,2022,post-2017 (2017 international classification),case_report,3,45,,Case ReportA 45-year-old man with a personal history of three episodes of near-fatal anaphylaxis after Hymenoptera stings during the last decade was referred to mastocytosis outpatient clinic due to elevated serum tryptase (27.,,45,middle aged (45-59),years,male,False,False,True,False,,,anaphylaxis,mastocytosis,rule_based_v2,2026-04-16T20:41:15.937762
PMC9483819,10.1002/ccr3.6199,Lenalidomide-induced autoimmune enteropathy complicating treatment of multiple myeloma with concurrent systemic mastocytosis.,Clin Case Rep,2022 Sep,2022,post-2017 (2017 international classification),clinical_study,15,56,,"2CASE REPORTIn July 2018, a 56-year-old man with a history of urticaria pigmentosa (diagnosed in 1992) presented after he was found to have an elevated serum total protein level of 8.",,56,middle aged (45-59),years,male,False,False,True,False,,,urticaria; gi_symptoms,mastocytosis,rule_based_v2,2026-04-16T20:41:16.995276
PMC9410418,10.3390/jcm11164649,Dermoscopic Features of Different Forms of Cutaneous Mastocytosis: A Systematic Review.,J Clin Med,2022 Aug 9,2022,post-2017 (2017 international classification),clinical_study,148,,,"In contrast to adults, CM predominates in children [4].",,,,years,,False,False,True,False,,,urticaria,mastocytosis,rule_based_v2,2026-04-16T20:41:18.123490
PMC9228930,10.3390/medsci10020029,Connecting the Dots in Emerging Mast Cell Research: Do Factors Affecting Mast Cell Activation Provide a Missing Link between Adverse COVID-19 Outcomes and the Social Determinants of Health?,Med Sci (Basel),2022 May 28,2022,post-2017 (2017 international classification),animal_study,19,,,"Recent research suggests gender differences impact COVID-19 outcomes [13,14], as do age differences such as the disproportionate impact on infants and very old/frail adults [15].",,,,years,,False,False,True,False,,,chronic_pain; urticaria; anaphylaxis; fatigue; brain_fog,MCAS; MCAD; mast cell activation syndrome; mastocytosis,rule_based_v2,2026-04-16T20:41:19.240220
PMC9092525,10.3389/fonc.2022.874178,Mastocytosis: Fertility and Pregnancy Management in a Rare Disease.,Front Oncol,2022,2022,post-2017 (2017 international classification),animal_study,7,35,,"CM is more frequent in infancy and childhood, and is characterized by dermal infiltration of MC, without involvement of any other organ or system.",,35,adult (30-44),years,female,False,False,True,False,,,flushing; urticaria; anaphylaxis,mastocytosis,rule_based_v2,2026-04-16T20:41:20.251102
PMC8947295,10.3390/diagnostics12030680,Systemic Mastocytosis Treatment with Midostaurin: [(18)F]FDG PET/CT as a Potential Monitoring Tool for Therapy Outcome.,Diagnostics (Basel),2022 Mar 10,2022,post-2017 (2017 international classification),case_report,1,68,,We report the case of a 68-year-old patient with diagnosed systemic mastocytosis and histopathologically confirmed manifestations in the stomach and intestinal tract who underwent 18F-Fluorodeoxyglucose ([18F]FDG) positron-emission tomography/computed tomography (PET/CT) pre- and post-6-month therap...,,68,older adult (60-74),years,male,False,False,True,False,,,gi_symptoms,mastocytosis,rule_based_v2,2026-04-16T20:41:21.255929
PMC8750954,10.5414/ALX02304E,Cutaneous mastocytosis in childhood.,Allergol Select,2022,2022,post-2017 (2017 international classification),case_report,1,,toddler,"In childhood, cutaneous mastocytosis (CM) occurs almost exclusively.",1-3 years,2,early childhood (1-4),years,male,False,False,True,False,,,flushing; urticaria; anaphylaxis; gi_symptoms,mastocytosis,rule_based_v2,2026-04-16T20:41:23.556699
PMC10426500,10.1016/j.xrrt.2021.03.002,Management of shoulder instability in hypermobility-type Ehlers-Danlos syndrome.,JSES Rev Rep Tech,2021 Aug,2021,post-2017 (2017 international classification),animal_study,78,16,,Pubertal men and women of age 50 yr and younger: Beighton ≥ 5c.,,16,adolescent (12-17),years,female,True,False,False,False,2017 international classification; Beighton,7,joint_hypermobility; subluxations_dislocations; chronic_pain; skin_hyperextensibility; fatigue; neuropathy,hEDS; hypermobile EDS; JHS; HSD,rule_based_v2,2026-04-16T20:41:03.271737
PMC9298068,10.1002/ajmg.c.31941,Oral manifestations of Ehlers-Danlos syndromes.,Am J Med Genet C Semin Med Genet,2021 Dec,2021,post-2017 (2017 international classification),clinical_study,11,35,,"Of note, severe periodontitis is found in 8% of adults aged 35-45 years; the prevalence increasing to 20% in people aged 65-75 years (Jordan et al.",,35,adult (30-44),years,female,True,False,False,False,2017 international classification,,joint_hypermobility; skin_hyperextensibility,EDS type III; hEDS,rule_based_v2,2026-04-16T20:41:03.699994
PMC9265176,10.3171/CASE21196,Sagittal adjusting screws for the correction of grade IV spondylolisthesis in a patient with Ehlers-Danlos syndrome: illustrative case.,J Neurosurg Case Lessons,2021 Jul 12,2021,post-2017 (2017 international classification),case_report,1,17,,OBSERVATIONSA 17-year-old female with EDS presented to the authors’ institute with severe lower back and left L5 radicular pain in 2017.,,17,adolescent (12-17),years,female,True,False,False,False,,,joint_hypermobility; subluxations_dislocations; skin_hyperextensibility,,rule_based_v2,2026-04-16T20:41:03.708535
PMC8861852,10.3389/fpsyt.2021.803334,"The Relationship Between Generalised Joint Hypermobility and Autism Spectrum Disorder in Adults: A Large, Cross-Sectional, Case Control Comparison.",Front Psychiatry,2021,2021,post-2017 (2017 international classification),clinical_study,199,18,,"Age-dependent cut-off scores of ≥ 5 for individuals aged 18-50 years and ≥ 4 for individuals aged > 50 years were used in the current study, according to the 2017 updated criteria (12).",,18,young adult (18-29),years,female,True,False,False,False,2017 international classification; Beighton,4,joint_hypermobility; subluxations_dislocations; chronic_pain; orthostatic_intolerance; skin_hyperextensibility; fatigue; gi_symptoms,hEDS; hypermobile EDS; JHS; HSD; dysautonomia,rule_based_v2,2026-04-16T20:41:03.871969
PMC8787077,10.3389/fpsyt.2021.803898,Ehlers-Danlos Syndrome in the Field of Psychiatry: A Review.,Front Psychiatry,2021,2021,post-2017 (2017 international classification),review_or_study,1,,child,"Furthermore, EDS imposes substantial psychological burden on patients due to exercise restriction, scars, keloids, and subcutaneous fat accumulation on the extremities, which leads to parental overprotection and bullying experiences from other children at school age.",3-12 years,7.5,childhood (5-11),years,female,True,False,False,False,2017 international classification,,joint_hypermobility; subluxations_dislocations; chronic_pain; skin_hyperextensibility; easy_bruising; fatigue; gi_symptoms; headache_migraine; brain_fog,hEDS; hypermobile EDS; JHS; HSD,rule_based_v2,2026-04-16T20:41:03.907529
PMC8575340,10.7759/cureus.19311,Perioperative Management of Ehlers-Danlos Type III Syndrome Associated With Postural Orthostatic Tachycardia in Patients Undergoing General Anesthesia.,Cureus,2021 Nov,2021,post-2017 (2017 international classification),review_or_study,13,26,,"Case presentationCase 1A 26-year-old female with EDS III, POTS, anxiety, asthma, anemia, and chronic fatigue syndrome presented for laparoscopic bilateral ovarian cystectomy and bilateral partial salpingectomy.",,26,young adult (18-29),years,female,True,True,True,True,Villefranche,,joint_hypermobility; subluxations_dislocations; chronic_pain; orthostatic_intolerance; tachycardia; syncope; skin_hyperextensibility; easy_bruising; fatigue; gi_symptoms; headache_migraine; palpitations,EDS type III; EDS hypermobility type; JHS; POTS; postural tachycardia syndrome; mastocytosis,rule_based_v2,2026-04-16T20:41:03.914293
PMC8546774,10.5498/wjp.v11.i10.805,Connecting brain and body: Transdiagnostic relevance of connective tissue variants to neuropsychiatric symptom expression.,World J Psychiatry,2021 Oct 19,2021,post-2017 (2017 international classification),review_or_study,1,14,,"The value of such a strategy is illustrated by a recent longitudinal study, which demonstrated that hypermobile children at age 14 years were more likely to suffer from anxiety and depression by age 18 years[10].",,14,adolescent (12-17),years,female,True,True,False,False,2017 international classification; Brighton; Beighton,,joint_hypermobility; chronic_pain; orthostatic_intolerance; tachycardia; fatigue; gi_symptoms; headache_migraine; brain_fog; palpitations; medication_sensitivity,hEDS; hypermobile EDS; JHS; HSD; POTS; postural tachycardia syndrome; dysautonomia,rule_based_v2,2026-04-16T20:41:03.919180
PMC8547026,10.1186/s13256-021-03108-6,Gastric perforation leading to the diagnosis of classic Ehlers-Danlos syndrome: a case report.,J Med Case Rep,2021 Oct 26,2021,post-2017 (2017 international classification),clinical_study,31,14,,Case presentationWe present the case of a 14-year-old Saudi girl who visited our emergency department with abdominal pain and vomiting.,,14,adolescent (12-17),years,female,True,False,False,False,Villefranche,,joint_hypermobility; tachycardia; skin_hyperextensibility; gi_symptoms,EDS type III,rule_based_v2,2026-04-16T20:41:03.929587
PMC8405372,10.1002/ccr3.4128,A novel COL1A1 variant in a family with clinical features of hypermobile Ehlers-Danlos syndrome that proved to be a COL1-related overlap disorder.,Clin Case Rep,2021 Sep,2021,post-2017 (2017 international classification),case_report,17,38,,"3) was first seen at the French Reference Center for nonvascular EDS, for a suspicion of hEDS, at the age of 38.",,38,adult (30-44),years,female,True,True,False,False,2017 international classification,,joint_hypermobility; subluxations_dislocations; chronic_pain; tachycardia; skin_hyperextensibility; easy_bruising; fatigue; gi_symptoms; headache_migraine,hEDS; hypermobile EDS; JHS; POTS; postural tachycardia syndrome,rule_based_v2,2026-04-16T20:41:03.934206
PMC8393798,10.3390/children8080680,Segmental Absence of Intestinal Musculature in a Child with Type IV Ehlers-Danlos Syndrome.,Children (Basel),2021 Aug 5,2021,post-2017 (2017 international classification),clinical_study,50,16,,Case ReportsA previously healthy 16-year-old female presented with left lower quadrant abdominal pain that had acutely intensified reported episodes of abdominal pain over the last two years prior to presentation.,,16,adolescent (12-17),years,female,True,False,False,False,,,joint_hypermobility; subluxations_dislocations; easy_bruising; gi_symptoms; mitral_valve_prolapse,EDS type III,rule_based_v2,2026-04-16T20:41:03.938928
PMC8312172,10.1177/14799731211025313,A review of respiratory manifestations and their management in Ehlers-Danlos syndromes and hypermobility spectrum disorders.,Chron Respir Dis,2021 Jan-Dec,2021,post-2017 (2017 international classification),clinical_study,6,49,,,,49,middle aged (45-59),years,male,True,False,True,False,Brighton; Beighton,,joint_hypermobility; subluxations_dislocations; chronic_pain; skin_hyperextensibility; easy_bruising,EDS type III; hEDS; hypermobile EDS; JHS; HSD; dysautonomia; MCAS; mast cell activation syndrome,rule_based_v2,2026-04-16T20:41:03.943346
PMC8220633,10.1016/j.asmr.2021.01.023,Indications and Outcomes After Ligamentum Teres Reconstruction: A Systematic Review.,Arthrosc Sports Med Rehabil,2021 Jun,2021,post-2017 (2017 international classification),clinical_study,26,30,,,,30,adult (30-44),years,female,True,False,False,False,,,subluxations_dislocations; chronic_pain,,rule_based_v2,2026-04-16T20:41:03.958218
PMC8212839,10.12659/AJCR.930840,"A Young Woman with Excessive Fat in Lower Extremities Develops Disordered Eating and Is Subsequently Diagnosed with Anorexia Nervosa, Lipedema, and Hypermobile Ehlers-Danlos Syndrome.",Am J Case Rep,2021 Jun 14,2021,post-2017 (2017 international classification),case_report,1,31,,"Patient: Female, 31-year-oldFinal Diagnosis: LipedemaSymptoms: Bruising • leg edema • leg painMedication: -Clinical Procedure: -Specialty: Endocrinology and Metabolic • Family Medicine • Medicine, General and Internal • Metabolic Disorders and Diabetics • Plastic Surgery • PsychiatryObjective:Rare c...",,31,adult (30-44),years,female,True,False,False,False,Beighton,,joint_hypermobility; chronic_pain; tachycardia; syncope; easy_bruising; headache_migraine,hEDS; hypermobile EDS; JHS,rule_based_v2,2026-04-16T20:41:03.966957
PMC8235512,10.3390/children8060512,"Fetal Fractures in an Infant with Maternal Ehlers-Danlos Syndrome, CCDC134 Pathogenic Mutation and a Negative Genetic Test for Osteogenesis Imperfecta.",Children (Basel),2021 Jun 17,2021,post-2017 (2017 international classification),case_report,350,34,,"The mother was a 34-year-old, G2A1 healthy woman who immigrated from Morocco.",,34,adult (30-44),years,male,True,False,False,False,Beighton,5,joint_hypermobility; subluxations_dislocations; chronic_pain; flushing; skin_hyperextensibility; easy_bruising; fatigue; gi_symptoms,EDS hypermobility type; hEDS; JHS; dysautonomia,rule_based_v2,2026-04-16T20:41:03.972247
PMC8190580,10.1002/ccr3.4090,Minimizing the hidden dangers of cholecystectomy in vascular Ehlers-Danlos syndrome through a multidisciplinary approach.,Clin Case Rep,2021 Jun,2021,post-2017 (2017 international classification),case_report,4,47,,2CASE HISTORYA 47-year-old female engineer with known EDS4 was referred to an upper gastrointestinal surgery clinic at a tertiary academic teaching hospital having had severe episodes of biliary colic.,,47,middle aged (45-59),years,female,True,False,False,False,,,joint_hypermobility; subluxations_dislocations; skin_hyperextensibility; easy_bruising,EDS type III,rule_based_v2,2026-04-16T20:41:03.979505
PMC8184110,10.7759/cureus.15444,Splenic Injury After a Colonoscopy: Threading the Scope Carefully in Heritable Connective Tissue Disorders.,Cureus,2021 Jun 4,2021,post-2017 (2017 international classification),review_or_study,1,75,,"Case presentationPresentationA 75-year-old male presented to our emergency department (ED) with left upper quadrant abdominal pain, nausea, weakness, and malaise.",,75,elderly (75+),years,male,True,False,False,False,,,gi_symptoms,,rule_based_v2,2026-04-16T20:41:03.981852
PMC8149255,10.1155/2021/8875003,Association between Postural Orthostatic Tachycardia Syndrome and Joint Hypermobility.,Case Rep Cardiol,2021,2021,post-2017 (2017 international classification),case_report,170,16,,"Clinical CaseThis is the case of a 16-year-old female patient with a 4-year history of snapping sound in the joints of hips, elbows, and knees, especially in extension, with noninflammatory polyarthralgia and persistent headache.",,16,adolescent (12-17),years,female,True,True,True,True,Brighton; Beighton,7,joint_hypermobility; subluxations_dislocations; orthostatic_intolerance; tachycardia; syncope; fatigue; headache_migraine; neuropathy,JHS; POTS; postural tachycardia syndrome,rule_based_v2,2026-04-16T20:41:03.985689
PMC8135155,10.1186/s13256-021-02855-w,Outcomes of vitrectomy for retinal detachment in a patient with Ehlers-Danlos syndrome type IV: a case report.,J Med Case Rep,2021 May 20,2021,post-2017 (2017 international classification),case_report,1,40,,"Case presentationA 40-year-old Slovenian man with high myopia, unilateral bullous retinal detachment, and vitreous hemorrhage was referred for surgery.",,40,adult (30-44),years,male,True,False,False,False,2017 international classification; Villefranche,,joint_hypermobility; subluxations_dislocations; skin_hyperextensibility,EDS type III,rule_based_v2,2026-04-16T20:41:03.988349
PMC8121728,10.1007/s10143-020-01345-9,"Atlanto-axial rotary instability (Fielding type 1): characteristic clinical and radiological findings, and treatment outcomes following alignment, fusion, and stabilization.",Neurosurg Rev,2021 Jun,2021,post-2017 (2017 international classification),case_report,20,18,,"The subjects were composed of 16 females and 4 males from 11 different states, age 18-54 years, average age 34 years at time of surgery.",,18,young adult (18-29),years,,True,False,True,False,,,joint_hypermobility; subluxations_dislocations; chronic_pain; orthostatic_intolerance; syncope; fatigue; gi_symptoms; headache_migraine; neuropathy; chiari; brain_fog; palpitations,EDS hypermobility type; MCAD; mast cell activation syndrome,rule_based_v2,2026-04-16T20:41:03.995533
PMC8110803,10.1038/s41431-020-00797-3,Parental mosaicism in Marfan and Ehlers-Danlos syndromes and related disorders.,Eur J Hum Genet,2021 May,2021,post-2017 (2017 international classification),clinical_study,333,8,,"2), the proband was an 8-year-old boy (M1089) who displayed a classical EDS (cEDS) with skin hyperextensibility, atrophic scarring, molluscoid pseudotumors, and generalized joint hypermobility (Supplementary Material 2).",,8,childhood (5-11),years,male,True,False,False,False,,,joint_hypermobility; skin_hyperextensibility,,rule_based_v2,2026-04-16T20:41:04.016669
PMC8080291,10.1002/rcr2.747,Ehlers-Danlos syndrome presenting as cystic lung disease with recurrent pneumothorax: a case report.,Respirol Case Rep,2021 May,2021,post-2017 (2017 international classification),case_report,1,19,,AbstractA 19-year-old male patient was referred to our hospital for recurrent pneumothorax.,,19,young adult (18-29),years,male,True,False,False,False,2017 international classification,,joint_hypermobility; subluxations_dislocations; syncope; skin_hyperextensibility; easy_bruising,EDS type III; hypermobile EDS,rule_based_v2,2026-04-16T20:41:04.027579
PMC7988026,10.1186/s40792-021-01156-0,A case of vascular Ehlers-Danlos syndrome with a ruptured hepatic artery after surgical treatment of peritonitis caused by the perforation of the colon.,Surg Case Rep,2021 Mar 23,2021,post-2017 (2017 international classification),case_report,1,40,,Case presentationA 40-year-old man who had been genetically diagnosed with vEDS 6 years previously was admitted to our hospital with ischemic colitis.,,40,adult (30-44),years,male,True,False,False,False,,,joint_hypermobility; skin_hyperextensibility; gi_symptoms,EDS type III; hypermobile EDS,rule_based_v2,2026-04-16T20:41:04.030585
PMC7939736,10.1155/2021/6664666,Treatment of Severe Emotionally Unstable Personality Disorder with Comorbid Ehlers-Danlos Syndrome and Functional Neurological Disorder in an Inpatient Setting: A Case for Specialist Units without Restrictive Interventions.,Case Rep Psychiatry,2021,2021,post-2017 (2017 international classification),case_report,1,,,"Our patient, “A,” endured traumatic childhood abuse and became highly dependent on services in her late teens.",,,,years,female,True,False,False,False,,,subluxations_dislocations; orthostatic_intolerance; syncope; gi_symptoms,,rule_based_v2,2026-04-16T20:41:04.034719
PMC7786113,10.1016/j.jtauto.2020.100077,Ehlers-Danlos Syndrome: Immunologic contrasts and connective tissue comparisons.,J Transl Autoimmun,2021,2021,post-2017 (2017 international classification),review_or_study,1,11,,"Without known family history, 50% of children diagnosed with vascular EDS often experience major complications by a mean age of 11 years.",,11,childhood (5-11),years,,True,True,True,True,2017 international classification; Villefranche; Brighton; Beighton,1,joint_hypermobility; subluxations_dislocations; chronic_pain; tachycardia; skin_hyperextensibility; easy_bruising; fatigue; headache_migraine; neuropathy; mitral_valve_prolapse,EDS type III; hEDS; hypermobile EDS; JHS; HSD; POTS; postural tachycardia syndrome; MCAS; mast cell activation syndrome,rule_based_v2,2026-04-16T20:41:04.052311
PMC7607204,10.1016/j.radcr.2020.10.012,Treatment of a middle cerebral artery aneurysm in the setting of Loeys-Dietz syndrome: Case report and review of literature.,Radiol Case Rep,2021 Jan,2021,post-2017 (2017 international classification),case_report,1,46,,A 46-year-old female with LDS (type III) was found to have a right middle cerebral artery (MCA) bifurcation aneurysm following vascular screening.,,46,middle aged (45-59),years,female,True,False,False,False,,,easy_bruising; chiari,,rule_based_v2,2026-04-16T20:41:04.097199
PMC8778312,10.3390/medicina58010028,Orthostatic Symptoms and Reductions in Cerebral Blood Flow in Long-Haul COVID-19 Patients: Similarities with Myalgic Encephalomyelitis/Chronic Fatigue Syndrome.,Medicina (Kaunas),2021 Dec 24,2021,post-2017 (2017 international classification),clinical_study,19,,child,,3-12 years,7.5,childhood (5-11),years,,True,True,False,False,Beighton; 2015 POTS consensus,1,joint_hypermobility; orthostatic_intolerance; tachycardia; syncope; fatigue; headache_migraine; palpitations,hEDS; hypermobile EDS; JHS; POTS; postural tachycardia syndrome; dysautonomia,rule_based_v2,2026-04-16T20:41:05.768149
PMC8716749,10.1093/ehjcr/ytab325,COVID-19 and postural tachycardia syndrome: a case series.,Eur Heart J Case Rep,2021 Dec,2021,post-2017 (2017 international classification),case_report,10,24,,"Case summaryA total of seven active patients (three collegiate athletes, one recreational athlete, two registered nurses, one hospitality employee), age 24 ± 6 years, and six females were followed for a mean of 152 ± 105 days after contracting COVID-19.",,24,young adult (18-29),years,male,False,True,False,False,,,orthostatic_intolerance; tachycardia; syncope; fatigue; neuropathy; palpitations,postural tachycardia syndrome,rule_based_v2,2026-04-16T20:41:05.779200
PMC8679991,10.14797/mdcvj.1039,Arrhythmias in COVID-19.,Methodist Debakey Cardiovasc J,2021,2021,post-2017 (2017 international classification),clinical_study,19,18,,The ACOVID (Arrhythmias in hospitalized patients with COVID-19) study in Denmark recruited individuals over age 18 admitted with COVID-19 to one of six nearby hospitals in Copenhagen and prospectively monitored them for various arrhythmias.,,18,young adult (18-29),years,,False,True,False,False,,,tachycardia,POTS; postural tachycardia syndrome; dysautonomia,rule_based_v2,2026-04-16T20:41:05.784948
PMC8721424,10.1177/2050313X211066647,"Quadruple-negative RT-PCR assay for COVID-19, but clinically and radiologically COVID pneumonia with POTS: Case report and case-based review.",SAGE Open Med Case Rep,2021,2021,post-2017 (2017 international classification),review_or_study,1,25,,A 25-year-old woman with a background history of bronchial asthma and intellectual disability presented to hospital with progressively worsening dyspnoea.,,25,young adult (18-29),years,female,False,True,False,False,,,orthostatic_intolerance; tachycardia; fatigue,POTS; postural tachycardia syndrome; dysautonomia,rule_based_v2,2026-04-16T20:41:05.792804
PMC8621226,10.3390/jcdd8110156,Post-Acute Sequelae of COVID-19 and Cardiovascular Autonomic Dysfunction: What Do We Know?,J Cardiovasc Dev Dis,2021 Nov 15,2021,post-2017 (2017 international classification),clinical_study,19,70,,"One case was of a 70-year-old lady hospitalized due to recurrent syncope and non-epileptic seizures, who tested positive for SARS-CoV-2 on the same day [61].",,70,older adult (60-74),years,female,False,True,True,False,,,chronic_pain; orthostatic_intolerance; tachycardia; syncope; flushing; fatigue; headache_migraine; neuropathy; brain_fog; palpitations,POTS; postural tachycardia syndrome; dysautonomia; MCAD; mast cell activation syndrome,rule_based_v2,2026-04-16T20:41:05.809048
PMC8506054,10.21037/tp-21-153,Midodrine overdose in children: a case report and review of treatment for hypertensive emergencies.,Transl Pediatr,2021 Sep,2021,post-2017 (2017 international classification),case_report,1,12,,We present a case of a 12-year-old who intentionally ingested 100 mg of midodrine and presented with a hypertensive emergency and seizure activity.,,12,adolescent (12-17),years,female,False,True,False,False,,,tachycardia; syncope; gi_symptoms; headache_migraine; medication_sensitivity,POTS; postural tachycardia syndrome,rule_based_v2,2026-04-16T20:41:05.815445
PMC8510689,10.3399/BJGP.2021.0265,"Recommendations for the recognition, diagnosis, and management of long COVID: a Delphi study.",Br J Gen Pract,2021 Nov,2021,post-2017 (2017 international classification),clinical_study,17,18,,,,18,young adult (18-29),years,,False,True,True,False,MCAS consensus criteria,,orthostatic_intolerance; tachycardia; urticaria; anaphylaxis; fatigue; gi_symptoms; neuropathy; brain_fog; palpitations,POTS; postural tachycardia syndrome; dysautonomia; mast cell activation syndrome,rule_based_v2,2026-04-16T20:41:05.819738
PMC8555928,10.7759/cureus.18398,Management of Long-COVID Postural Orthostatic Tachycardia Syndrome With Enhanced External Counterpulsation.,Cureus,2021 Sep,2021,post-2017 (2017 international classification),case_report,1,57,,A 57-year-old female was diagnosed with COVID-19 in December 2020.,,57,middle aged (45-59),years,female,True,True,False,False,,,chronic_pain; orthostatic_intolerance; tachycardia; fatigue; headache_migraine; neuropathy; chiari; brain_fog; palpitations,POTS; postural tachycardia syndrome; dysautonomia,rule_based_v2,2026-04-16T20:41:05.839099
PMC8387908,10.1016/j.jtauto.2021.100112,Maintenance therapy with subcutaneous immunoglobulin in a patient with immune-mediated neuropathic postural tachycardia syndrome.,J Transl Autoimmun,2021,2021,post-2017 (2017 international classification),review_or_study,1,35,,"AimsWe describe the disease course of a 35-year-old female with an autoimmune mediated neuropathic postural tachycardia syndrome (PoTS), who responded to immunoglobulin therapy and stabilized on maintenance therapy with subcutaneous immunoglobulin (SCIg).",,35,adult (30-44),years,female,True,True,True,True,,,orthostatic_intolerance; tachycardia; syncope; fatigue; gi_symptoms; headache_migraine; neuropathy; palpitations,POTS; postural tachycardia syndrome; dysautonomia; MCAD; mast cell activation syndrome,rule_based_v2,2026-04-16T20:41:05.842064
PMC8405341,10.1155/2021/7809231,Clinical and Laboratory Improvement in Hyperadrenergic Postural Orthostatic Tachycardia Syndrome (POTS) after COVID-19 Infection.,Case Rep Cardiol,2021,2021,post-2017 (2017 international classification),case_report,1,32,,"A 32-year-old woman with a history of symptomatic supraventricular tachycardia, inappropriate sinus tachycardia, and hyperadrenergic POTS was treated with ivabradine and metoprolol.",,32,adult (30-44),years,female,False,True,False,False,,,joint_hypermobility; tachycardia; headache_migraine; neuropathy; palpitations,POTS; postural tachycardia syndrome; dysautonomia,rule_based_v2,2026-04-16T20:41:05.846450
PMC8204164,10.1136/bcr-2021-243585,COVID-19-induced postural orthostatic tachycardia syndrome treated with ivabradine.,BMJ Case Rep,2021 Jun 14,2021,post-2017 (2017 international classification),case_report,1,22,,A 22-year-old woman was referred with exertional dyspnoea and chest tightness 3 weeks following a diagnosis of COVID-19.,,22,young adult (18-29),years,female,False,True,False,False,,,joint_hypermobility; orthostatic_intolerance; tachycardia; fatigue; headache_migraine; neuropathy; palpitations,POTS; postural tachycardia syndrome; dysautonomia,rule_based_v2,2026-04-16T20:41:05.848907
PMC8137224,10.1136/bmjgh-2020-003814,Novel vaccine safety issues and areas that would benefit from further research.,BMJ Glob Health,2021 May,2021,post-2017 (2017 international classification),animal_study,6,9,,"These analyses showed that in seropositive trial participants aged 9-16 years, in the 66 months after administration of the first vaccine dose, the vaccine was protective.",,9,childhood (5-11),years,female,False,True,False,False,,,chronic_pain; orthostatic_intolerance; tachycardia; syncope; anaphylaxis; fatigue; gi_symptoms; headache_migraine,POTS; postural tachycardia syndrome; dysautonomia,rule_based_v2,2026-04-16T20:41:05.852133
PMC8112930,10.1155/2021/9942668,POTS and Antiphospholipid Syndrome: An Unlikely Association.,Case Rep Rheumatol,2021,2021,post-2017 (2017 international classification),case_report,1,39,,This case presentation involves a 39-year-old patient identified as female who has been diagnosed with POTS and elevated anticardiolipin antibodies.,,39,adult (30-44),years,female,False,True,False,False,,,tachycardia; syncope; fatigue; headache_migraine; neuropathy,POTS; postural tachycardia syndrome,rule_based_v2,2026-04-16T20:41:05.861962
PMC8121406,10.36660/abc.20200420,Dysautonomia: A Forgotten Condition - Part 1.,Arq Bras Cardiol,2021 Apr,2021,post-2017 (2017 international classification),case_report,1,,,,,,,years,,True,False,False,False,,,,,rule_based_v2,2026-04-16T20:41:05.867715
PMC8117457,10.1007/s11883-021-00935-2,COVID and Cardiovascular Disease: What We Know in 2021.,Curr Atheroscler Rep,2021 May 13,2021,post-2017 (2017 international classification),clinical_study,19,,,,,,,years,,False,True,False,False,,,chronic_pain; tachycardia; fatigue; brain_fog; palpitations,POTS; postural tachycardia syndrome; dysautonomia,rule_based_v2,2026-04-16T20:41:05.905008
PMC8091396,10.1016/S0735-1097(21)04518-6,POSTURAL ORTHOSTATIC TACHYCARDIA SYNDROME IN SIX PATIENTS FOLLOWING COVID-19 INFECTION.,J Am Coll Cardiol,2021 May 11,2021,post-2017 (2017 international classification),case_report,6,1,,,,1,early childhood (1-4),years,female,False,True,False,False,,,tachycardia; palpitations,POTS; postural tachycardia syndrome; dysautonomia,rule_based_v2,2026-04-16T20:41:05.923304
PMC8076737,10.3389/fneur.2021.624968,COVID-19 Dysautonomia.,Front Neurol,2021,2021,post-2017 (2017 international classification),clinical_study,4,26,,"A case of postural tachycardia syndrome (POTS) following COVID-19 infection, reported the development of autonomic symptomatology simultaneous with fever, cough, and shortness of breath in a 26-year-old female (8).",,26,young adult (18-29),years,female,False,True,False,False,,,chronic_pain; orthostatic_intolerance; tachycardia; syncope; fatigue; gi_symptoms; headache_migraine; neuropathy; palpitations,POTS; postural tachycardia syndrome; dysautonomia,rule_based_v2,2026-04-16T20:41:05.924683
PMC8050227,10.1007/s10286-021-00803-8,Autonomic dysfunction following COVID-19 infection: an early experience.,Clin Auton Res,2021 Jun,2021,post-2017 (2017 international classification),clinical_study,27,35,,,,35,adult (30-44),years,female,False,True,False,False,,,chronic_pain; orthostatic_intolerance; tachycardia; syncope; flushing; fatigue; gi_symptoms; headache_migraine; neuropathy; brain_fog; palpitations,POTS; postural tachycardia syndrome,rule_based_v2,2026-04-16T20:41:05.929359
PMC8045944,10.1002/acn3.51317,gAChR antibodies in children and adolescents with acquired autoimmune dysautonomia in Japan.,Ann Clin Transl Neurol,2021 Apr,2021,post-2017 (2017 international classification),clinical_study,200,20,,Eighty-eight patients under the age of 20 years who received human papillomavirus vaccination were excluded from the study.,,20,young adult (18-29),years,,False,True,False,False,2015 POTS consensus,,chronic_pain; orthostatic_intolerance; tachycardia; fatigue; gi_symptoms; headache_migraine; neuropathy,POTS; postural tachycardia syndrome; dysautonomia,rule_based_v2,2026-04-16T20:41:05.942914
PMC8009458,10.1007/s12026-021-09185-5,Postural orthostatic tachycardia syndrome (POTS) and other autonomic disorders after COVID-19 infection: a case series of 20 patients.,Immunol Res,2021 Apr,2021,post-2017 (2017 international classification),case_report,20,25,,"The youngest patient in the series, a previously healthy 25-year-old woman, had no acute viral illness, but developed sudden onset of shortness of breath, exercise intolerance, postural tachycardia, hypersomnolence, and severe fatigue in March of 2020 that, in conjunction with abnormal pulmonary fun...",,25,young adult (18-29),years,female,False,True,True,False,,,chronic_pain; orthostatic_intolerance; tachycardia; syncope; fatigue; gi_symptoms; headache_migraine; neuropathy; palpitations,POTS; postural tachycardia syndrome; dysautonomia,rule_based_v2,2026-04-16T20:41:05.952791
PMC7976723,10.1007/s10286-021-00798-2,Long-COVID postural tachycardia syndrome: an American Autonomic Society statement.,Clin Auton Res,2021 Jun,2021,post-2017 (2017 international classification),case_report,1,12,,"The diagnosis of POTS requires excessive orthostatic tachycardia (heart rate increase of > 30 beats per minutes in adults [> 40 beats per minute in patients age 12-19 years] within 10 minutes of assuming upright posture) in the absence of orthostatic hypotension, with associated symptoms of orthosta...",,12,adolescent (12-17),years,,False,True,False,False,,,orthostatic_intolerance; tachycardia; fatigue; gi_symptoms; headache_migraine; neuropathy; brain_fog; palpitations,POTS; postural tachycardia syndrome; dysautonomia,rule_based_v2,2026-04-16T20:41:05.957830
PMC7946344,10.1016/j.jaccas.2021.01.009,Long-Haul Post-COVID-19 Symptoms Presenting as a Variant of Postural Orthostatic Tachycardia Syndrome: The Swedish Experience.,JACC Case Rep,2021 Apr,2021,post-2017 (2017 international classification),case_report,3,42,,"Patient #1In March 2020, a 42-year-old woman with history of allergic rhinitis and conjunctivitis developed flu-like symptoms including malaise, cough, fever, weakness, loss of appetite, myalgia, and loss of smell and taste.",,42,adult (30-44),years,female,False,True,True,False,2015 POTS consensus,,chronic_pain; orthostatic_intolerance; tachycardia; syncope; flushing; fatigue; gi_symptoms; headache_migraine; neuropathy; brain_fog; palpitations,POTS; postural tachycardia syndrome; dysautonomia; mast cell activation syndrome,rule_based_v2,2026-04-16T20:41:05.961281
PMC7888977,10.1093/jscr/rjab012,Postural orthostatic tachycardia syndrome following open thoracoabdominal aortic aneurysm repair.,J Surg Case Rep,2021 Feb,2021,post-2017 (2017 international classification),case_report,1,38,,We present a rare case of a 38-year-old man who underwent open repair of a thoracoabdominal aortic aneurysm for a chronic Stanford type B aortic dissection whose recovery was complicated by POTS.,,38,adult (30-44),years,male,False,True,False,False,,,chronic_pain; orthostatic_intolerance; tachycardia; fatigue; gi_symptoms; palpitations,POTS; postural tachycardia syndrome,rule_based_v2,2026-04-16T20:41:05.970996
PMC7813764,10.1016/j.hrcr.2020.11.003,Adalimumab as a potential treatment for postural orthostatic tachycardia syndrome.,HeartRhythm Case Rep,2021 Jan,2021,post-2017 (2017 international classification),case_report,1,29,,"Case reportA 29-year-old female patient with a past medical history of Ehlers-Danlos syndrome, mast cell activation syndrome, SAS, and POTS was seen in the outpatient clinic for POTS.",,29,young adult (18-29),years,female,True,True,True,True,,,orthostatic_intolerance; tachycardia; syncope; flushing; fatigue; gi_symptoms; headache_migraine; brain_fog; palpitations,POTS; postural tachycardia syndrome; dysautonomia; mast cell activation syndrome,rule_based_v2,2026-04-16T20:41:05.973459
PMC8740000,10.1159/000520533,Newly Developed Psoriasis in a Patient with Telangiectasia Macularis Eruptiva Perstans and Systemic Mastocytosis Treated with Interferon.,Case Rep Dermatol,2021 Sep-Dec,2021,post-2017 (2017 international classification),case_report,1,58,,"Case ReportThis case reports a 58-year-old woman, BMI 38.",,58,middle aged (45-59),years,female,False,False,True,False,,,,mastocytosis,rule_based_v2,2026-04-16T20:41:22.483774
PMC8690422,10.1186/s12948-021-00165-6,Quality of life in patients with allergic and immunologic skin diseases: in the eye of the beholder.,Clin Mol Allergy,2021 Dec 20,2021,post-2017 (2017 international classification),animal_study,50,6,,", reported indeed that the years occurring between the first symptoms and the final diagnosis ranged from less than 1 year to 50 years, with an average of 6.",,6,childhood (5-11),years,,False,False,True,False,,,chronic_pain; orthostatic_intolerance; flushing; urticaria; anaphylaxis; fatigue; gi_symptoms; headache_migraine; medication_sensitivity,mastocytosis,rule_based_v2,2026-04-16T20:41:24.792862
PMC8684076,10.1186/s13256-021-03190-w,Adult-onset mast cell activation syndrome following scombroid poisoning: a case report and review of the literature.,J Med Case Rep,2021 Dec 18,2021,post-2017 (2017 international classification),animal_study,1,74,,"We describe a 74-year-old Caucasian woman, with a history of drug-induced urticaria, who developed a constellation of hypersensitivity illnesses consistent with the diagnosis of mast cell activation syndrome after ingestion of tainted fish.",,74,older adult (60-74),years,female,False,False,True,False,,,chronic_pain; tachycardia; syncope; flushing; urticaria; anaphylaxis; gi_symptoms; headache_migraine; brain_fog; palpitations; medication_sensitivity,MCAS; MCAD; mast cell activation syndrome; mastocytosis,rule_based_v2,2026-04-16T20:41:25.846099
PMC8587177,10.1002/ccr3.4972,Cardiac complications in a patient affected by systemic mastocytosis and primitive myelofibrosis: A case report.,Clin Case Rep,2021 Nov,2021,post-2017 (2017 international classification),case_report,1,43,,"16
, 
17

 2CASE REPORTA 43-year-old Caucasian male was referred to the Emergency Department of the Polyclinic Hospital “Umberto I” of Rome, with a worsening asthenia and dyspnea in the past days.",,43,adult (30-44),years,male,False,False,True,False,,,syncope; flushing; anaphylaxis; fatigue; gi_symptoms; headache_migraine; palpitations,mastocytosis,rule_based_v2,2026-04-16T20:41:26.836071
PMC8556140,10.7759/cureus.18385,The Role of Avapritinib for the Treatment of Systemic Mastocytosis.,Cureus,2021 Sep,2021,post-2017 (2017 international classification),animal_study,69,,,,,,,years,,False,False,True,False,,,flushing; gi_symptoms; headache_migraine; medication_sensitivity,mastocytosis,rule_based_v2,2026-04-16T20:41:27.849200
PMC8533777,10.3390/cancers13205102,Mastocytosis-A Review of Disease Spectrum with Imaging Correlation.,Cancers (Basel),2021 Oct 12,2021,post-2017 (2017 international classification),animal_study,1,,child,Clinical Presentation and Diagnostic CriteriaMastocytosis affects both children and adults with a variable and often complex symptom profile.,3-12 years,7.5,childhood (5-11),years,,False,False,True,False,,,tachycardia; flushing; urticaria; anaphylaxis; gi_symptoms; headache_migraine; palpitations,MCAS; MCAD; mast cell activation syndrome; mastocytosis,rule_based_v2,2026-04-16T20:41:29.884034
PMC8467046,10.3390/life11090870,State-of-the-Art on Biomarkers for Anaphylaxis in Obstetrics.,Life (Basel),2021 Aug 24,2021,post-2017 (2017 international classification),animal_study,6,,neonate,"Anaphylaxis during pregnancy has the potential to cause devastating human damage, and the majority of adverse outcomes frequently affect both, mother and the unborn baby and neonate.",0-28 days,0,infant (<1),years,female,False,False,True,False,MCAS consensus criteria,,syncope; flushing; urticaria; anaphylaxis; gi_symptoms; brain_fog; medication_sensitivity,mastocytosis,rule_based_v2,2026-04-16T20:41:31.113305
PMC8425380,10.4084/MJHID.2021.056,Systemic Mastocytosis: Radiological Point of View.,Mediterr J Hematol Infect Dis,2021,2021,post-2017 (2017 international classification),clinical_study,82,54,,56 described a case of a 54-year-old man with biopsy-proven mast cell infiltration of the lung.,,54,middle aged (45-59),years,female,False,False,True,False,,,,mastocytosis,rule_based_v2,2026-04-16T20:41:32.124294
PMC8404676,10.1177/2050313X211042527,A case report of primary cutaneous marginal zone B-cell lymphoma with mastocytosis.,SAGE Open Med Case Rep,2021,2021,post-2017 (2017 international classification),case_report,1,53,,"A 53-year-old man presented with asymptomatic, dusky reddish nodules on his trunk, which had persisted for 7 years.",,53,middle aged (45-59),years,male,False,False,True,False,,,syncope; flushing; urticaria; gi_symptoms; palpitations,mastocytosis,rule_based_v2,2026-04-16T20:41:33.089289
PMC8342167,10.1155/2021/2727382,Utilization of Rituximab for Refractory Rowell Syndrome.,Case Rep Rheumatol,2021,2021,post-2017 (2017 international classification),case_report,100,26,,"Case PresentationA 26-year-old African American female with a medical history of SLE, ESRD due to LN, remote history of Steven-Johnson Syndrome due to sulfa allergy, and resistant hypertension presented to the emergency department with painful, peeling, blistering, rash and fever.",,26,young adult (18-29),years,female,False,False,True,False,,,tachycardia; gi_symptoms,MCAD; mast cell activation syndrome,rule_based_v2,2026-04-16T20:41:34.083194
PMC8193587,10.1177/1078155220953879,Safe administration of chemotherapy in mast cell activation syndrome.,J Oncol Pharm Pract,2021 Jun,2021,post-2017 (2017 international classification),case_report,1,59,,Case reportWe present the case of a 59-year-old lady with stage 3 A grade 2 endometroid endometrial cancer who underwent successful surgical management.,,59,middle aged (45-59),years,male,False,False,True,False,,,flushing; anaphylaxis; fatigue; medication_sensitivity,MCAS; MCAD; mast cell activation syndrome; mastocytosis,rule_based_v2,2026-04-16T20:41:35.085737
PMC8135458,10.1210/jendso/bvab048.1237,Reduced Visual Field Activity Due to Covid-19 in a Patient With a Pituitary Macroadenoma.,J Endocr Soc,2021 May 3,2021,post-2017 (2017 international classification),case_report,1,61,,Clinical Case: A 61-year-old woman presented to the emergency room (ER) with complaints of headache in 6/2020.,,61,older adult (60-74),years,female,False,False,True,False,,,headache_migraine,MCAS,rule_based_v2,2026-04-16T20:41:35.925878
PMC8008611,10.1186/s13256-021-02757-x,"Medical, neurobiological, and psychobehavioral perspectives of mastocytosis: a case report.",J Med Case Rep,2021 Mar 30,2021,post-2017 (2017 international classification),case_report,1,65,,Case presentationThe patient was a 65-year-old Caucasian woman.,,65,older adult (60-74),years,female,False,False,True,False,,,chronic_pain; syncope; flushing; anaphylaxis; gi_symptoms; headache_migraine,mastocytosis,rule_based_v2,2026-04-16T20:41:36.915373
PMC8001403,10.3390/ijms22062983,Response Criteria in Advanced Systemic Mastocytosis: Evolution in the Era of KIT Inhibitors.,Int J Mol Sci,2021 Mar 15,2021,post-2017 (2017 international classification),clinical_study,14,,,,,,,years,,False,False,True,False,MCAS consensus criteria,,gi_symptoms,mastocytosis,rule_based_v2,2026-04-16T20:41:38.059101
PMC7962052,10.3390/ijms22052684,Mediator-Related Symptoms and Anaphylaxis in Children with Mastocytosis.,Int J Mol Sci,2021 Mar 7,2021,post-2017 (2017 international classification),animal_study,720,3,,"Mean serum tryptase, measured in 131 children aged 3 months to 18 years and hospitalized due to temporary self-resolving symptoms, was low (2.",,3,early childhood (1-4),years,,False,False,True,False,,,tachycardia; syncope; flushing; urticaria; anaphylaxis; fatigue; gi_symptoms; medication_sensitivity,MCAS; MCAD; mastocytosis,rule_based_v2,2026-04-16T20:41:39.206681
PMC7961806,10.3390/jcm10051109,Real-World Efficacy of Midostaurin in Aggressive Systemic Mastocytosis.,J Clin Med,2021 Mar 7,2021,post-2017 (2017 international classification),case_report,2,52,,"In one case, a 52-year-old man with KIT D816V+ mutation, advanced bone disease and hepatomegaly, in the 10th month of midostaurin therapy, with CI (general symptoms disappearance, bone marrow infiltration decreased by 30%, serum tryptase level decreased <20 ng/mL), it was decided to carry out alloSC...",,52,middle aged (45-59),years,male,False,False,True,False,,,flushing; urticaria; anaphylaxis; fatigue; gi_symptoms; brain_fog; medication_sensitivity,mastocytosis,rule_based_v2,2026-04-16T20:41:40.333523
PMC7962470,10.5414/ALX02196E,Omalizumab ensures compatibility to bee venom immunotherapy (VIT) after VIT-induced anaphylaxis in a patient with systemic mastocytosis.,Allergol Select,2021,2021,post-2017 (2017 international classification),case_report,1,60,,Case report: We present a 60-year-old female patient with mastocytosis who developed a severe anaphylactic reaction during initiation of bee VIT.,,60,older adult (60-74),years,female,False,False,True,False,,,tachycardia; flushing; anaphylaxis; gi_symptoms,mastocytosis,rule_based_v2,2026-04-16T20:41:41.410812
PMC7898829,10.1111/ejh.13528,Graft-versus-mastocytosis effect after donor lymphocyte infusion: Proof of principle.,Eur J Haematol,2021 Feb,2021,post-2017 (2017 international classification),case_report,3,53,,"In a 53-year-old female patient, an allogeneic stem cell transplantation after conventional induction treatment was performed for transformed acute myeloid leukemia (AML) during the course of polycythemia vera.",,53,middle aged (45-59),years,female,False,False,True,False,,,,mastocytosis,rule_based_v2,2026-04-16T20:41:42.367946
PMC7911219,10.3390/medicina57020124,Mast Cell Activation Disorders.,Medicina (Kaunas),2021 Jan 30,2021,post-2017 (2017 international classification),clinical_study,2083,,neonate,8 out of 100 cases of systemic mastocytosis occur in children [29].,0-28 days,0,infant (<1),years,,False,False,True,False,MCAS consensus criteria,,syncope; flushing; urticaria; anaphylaxis; gi_symptoms; headache_migraine,MCAS; MCAD; mast cell activation syndrome; mastocytosis,rule_based_v2,2026-04-16T20:41:43.975664
PMC7873102,10.1007/s11882-021-00988-y,Idiopathic Anaphylaxis: a Perplexing Diagnostic Challenge for Allergists.,Curr Allergy Asthma Rep,2021 Feb 9,2021,post-2017 (2017 international classification),animal_study,11,68,,"Consequently, approximately 30-60% of cases of anaphylaxis in adults and 10% of cases in children are deemed idiopathic after an extensive evaluation [18-20].",,68,older adult (60-74),years,female,True,True,True,True,MCAS consensus criteria,,joint_hypermobility; chronic_pain; tachycardia; syncope; flushing; urticaria; anaphylaxis; gi_symptoms; palpitations,JHS; POTS; postural tachycardia syndrome; MCAS; MCAD; mast cell activation syndrome; mastocytosis,rule_based_v2,2026-04-16T20:41:45.088536
PMC7869399,10.1002/ccr3.3717,A case of aggressive systemic mastocytosis with bulky lymphadenopathy showing response to midostaurin.,Clin Case Rep,2021 Feb,2021,post-2017 (2017 international classification),case_report,1,30,,"2CASE REPORTIn 2009, a 30-year-old Caucasian man was referred to our Center for a ten-year history of maculopapular rash, intractable itching, flushing, and a six-month history of diarrhea (3-4 bowel movements per day with loose stools associated to a < 10% weight loss).",,30,adult (30-44),years,male,False,False,True,False,,,flushing; anaphylaxis; gi_symptoms,mastocytosis,rule_based_v2,2026-04-16T20:41:46.125071
PMC7813119,10.1002/ccr3.3509,Carbamazepine-induced Stevens-Johnson syndrome in a patient with history of methotrexate-induced mast cell activation syndrome.,Clin Case Rep,2021 Jan,2021,post-2017 (2017 international classification),clinical_study,3,42,,1CASE REPORTA 42-year-old woman was presented to the hospital with history of methotrexate-induced pruritus and severe skin reaction.,,42,adult (30-44),years,female,False,False,True,False,,,,MCAS; mast cell activation syndrome,rule_based_v2,2026-04-16T20:41:47.031681
PMC7646220,10.1007/s00277-020-04323-9,Catching the clinical and biological diversity for an appropriate therapeutic approach in systemic mastocytosis.,Ann Hematol,2021 Feb,2021,post-2017 (2017 international classification),clinical_study,89,10,,,,10,childhood (5-11),years,,False,False,True,False,MCAS consensus criteria,,anaphylaxis; fatigue; gi_symptoms,mast cell activation syndrome; mastocytosis,rule_based_v2,2026-04-16T20:41:51.410291
PMC9128968,10.2340/00015555-3428,Dental Manifestations of Ehlers-Danlos Syndromes: A Systematic Review.,Acta Derm Venereol,2020 Mar 25,2020,post-2017 (2017 international classification),clinical_study,17,41,,,,41,adult (30-44),years,female,True,False,False,False,,,joint_hypermobility; subluxations_dislocations; skin_hyperextensibility; easy_bruising,hEDS; hypermobile EDS; JHS,rule_based_v2,2026-04-16T20:41:03.594194
PMC8299862,10.1016/j.jaccas.2020.09.023,A 27-Year-Old Woman With Postpartum Papillary Muscle Rupture.,JACC Case Rep,2020 Nov 18,2020,post-2017 (2017 international classification),case_report,5,27,,Past Medical HistoryThe patient had balloon valvuloplasty at age 7 for pulmonary stenosis (PS).,,27,young adult (18-29),years,female,True,False,False,False,,,subluxations_dislocations; tachycardia; skin_hyperextensibility; easy_bruising; mitral_valve_prolapse,EDS type III,rule_based_v2,2026-04-16T20:41:03.953651
PMC7841968,10.7759/cureus.12353,Endoscopic Microvascular Decompression for Vagoglossopharyngeal Neuralgia.,Cureus,2020 Dec 29,2020,post-2017 (2017 international classification),case_report,1,53,,Case 1 demonstrates a 53-year-old male with right-sided GN symptoms that began to experience syncopal episodes 10-years after the initial presentation.,,53,middle aged (45-59),years,male,True,False,False,False,,,tachycardia; syncope,,rule_based_v2,2026-04-16T20:41:04.046750
PMC7764306,10.3390/jcm9123992,"Pelvic Girdle Pain, Hypermobility Spectrum Disorder and Hypermobility-Type Ehlers-Danlos Syndrome: A Narrative Literature Review.",J Clin Med,2020 Dec 9,2020,post-2017 (2017 international classification),clinical_study,21,50,,"Hypermobility-Type Ehlers-Danlos SyndromeThe precise criteria for a diagnosis of hEDS is well described in the 2017 international classification and developed around three criteria which have been summarised below [16]:
Generalised joint hypermobility
Diagnosed by the Beighton score (Figure 1), with...",,50,middle aged (45-59),years,female,True,False,False,False,2017 international classification; Villefranche; Beighton,,joint_hypermobility; subluxations_dislocations; chronic_pain; skin_hyperextensibility; neuropathy,EDS type III; hEDS; hypermobile EDS; JHS; HSD,rule_based_v2,2026-04-16T20:41:04.065817
PMC7724010,10.1186/s40792-020-01051-0,Ehlers-Danlos syndrome type IV: a case report of a rare cause of spontaneous sigmoid perforation and enteroatmospheric fistulae in a child.,Surg Case Rep,2020 Dec 8,2020,post-2017 (2017 international classification),review_or_study,1,14,,"Case presentationHere, we present a case of a spontaneous sigmoid perforation in a 14-year-old boy.",,14,adolescent (12-17),years,male,True,False,False,False,Villefranche,,joint_hypermobility; easy_bruising; gi_symptoms,EDS type III,rule_based_v2,2026-04-16T20:41:04.081558
PMC7709068,10.1259/bjrcr.20200082,Formation of a traumatic air cyst and ensuing hemopneumothorax during CT angiography in a patient with Ehlers-Danlos syndrome.,BJR Case Rep,2020 Dec 1,2020,post-2017 (2017 international classification),case_report,96,41,,"CaseA 41-year-old female with a past medical history of migraines, hypertension, and EDS IV with multiple prior spontaneous vascular dissections (including superior mesenteric, splenic and bilateral iliac arteries) originally presented to the hospital with acute chest pain.",,41,adult (30-44),years,female,True,False,False,False,,,joint_hypermobility; skin_hyperextensibility; headache_migraine,EDS type III; JHS,rule_based_v2,2026-04-16T20:41:04.085784
PMC7709055,10.1259/bjrcr.20200025,Multivessel endovascular therapy for undiagnosed vascular type Ehlers-Danlos syndrome. Successful percutaneous transcatheter coil embolization of hepatic artery pseudoaneurysm with stenting of right renal and iliac arteries in emergency setting.,BJR Case Rep,2020 Dec 1,2020,post-2017 (2017 international classification),review_or_study,1,46,,"In this study, we report successful single-session treatment by coiling of a ruptured pseudoaneurysm of the hepatic artery with stenting of dissected right renal and iliac arteries in a 46-year-old female.",,46,middle aged (45-59),years,female,True,False,False,False,,,joint_hypermobility; tachycardia; skin_hyperextensibility,EDS type III,rule_based_v2,2026-04-16T20:41:04.089965
PMC7606394,10.1007/s40120-020-00209-0,Maintenance Intravenous Immunoglobulin Treatment for Multiple Sclerosis Coexisting with Ehlers-Danlos Syndrome and Muir-Torre Syndrome: A Case Study.,Neurol Ther,2020 Dec,2020,post-2017 (2017 international classification),review_or_study,1,67,,Case ReportA 67-year old woman had optic neuritis at age 46 and was diagnosed with RRMS 1 year later.,,67,older adult (60-74),years,female,True,False,False,False,,,joint_hypermobility; subluxations_dislocations,hypermobile EDS,rule_based_v2,2026-04-16T20:41:04.093540
PMC7559544,10.3390/medicina56090448,Oral Conditions and Oral Health-Related Quality of Life of People with Ehlers-Danlos Syndromes (EDS): A Questionnaire-Based Cross-Sectional Study.,Medicina (Kaunas),2020 Sep 4,2020,post-2017 (2017 international classification),clinical_study,1,16,,ParticipantsPeople aged 16 years and above and are affected by EDS in the Federal Republic of Germany were eligible to participate.,,16,adolescent (12-17),years,female,True,False,False,False,,,,,rule_based_v2,2026-04-16T20:41:04.100605
PMC7575778,10.1016/j.ajoc.2020.100961,Successful repair of a spontaneous scleral rupture in a patient with type VI Ehlers-Danlos syndrome.,Am J Ophthalmol Case Rep,2020 Dec,2020,post-2017 (2017 international classification),case_report,9,36,,"ObservationsA 36-year-old female visited the Emergency Room due to sudden vision loss, edema, and redness of the right eye consistent with spontaneous scleral rupture secondary to scleral thinning due to Type VI EDS.",,36,adult (30-44),years,female,True,False,False,False,,,joint_hypermobility; subluxations_dislocations; skin_hyperextensibility; headache_migraine,,rule_based_v2,2026-04-16T20:41:04.109608
PMC7560634,10.1016/j.ijscr.2020.09.178,A case of endovascular therapy for treating idiopathic arterial deteriorations of unknown etiology.,Int J Surg Case Rep,2020,2020,post-2017 (2017 international classification),case_report,1,50,,Highlights•A 50-year-old patient presented with multiple idiopathic arterial deteriorations.,,50,middle aged (45-59),years,male,False,False,False,False,,,,,rule_based_v2,2026-04-16T20:41:04.114433
PMC7530213,10.1016/j.ijscr.2020.09.165,Surgical treatment of abdominal wall weakness and lumbar hernias in Ehlers-Danlos syndrome - Case report.,Int J Surg Case Rep,2020,2020,post-2017 (2017 international classification),case_report,1,43,,"2Presentation of caseA 43-year-old female patient with a BMI of 23 and genetically confirmed EDS presented in 2012 with diffuse gastrointestinal symptoms, specifically bloating and uncontrollable belching in upright posture.",,43,adult (30-44),years,female,True,False,False,False,2017 international classification; Villefranche,,joint_hypermobility; chronic_pain; tachycardia; skin_hyperextensibility; easy_bruising; fatigue; gi_symptoms,EDS hypermobility type; dysautonomia,rule_based_v2,2026-04-16T20:41:04.118263
PMC7449847,10.4055/cios20103,Surgical Management of Shoulder and Knee Instability in Patients with Ehlers-Danlos Syndrome: Joint Hypermobility Syndrome.,Clin Orthop Surg,2020 Sep,2020,post-2017 (2017 international classification),clinical_study,110,9,,18) also reported resolution of bilateral shoulder instability (multidirectional) in a 9-year-old patient with hEDS following bilateral arthroscopic thermal capsulorrhaphy of the shoulder.,,9,childhood (5-11),years,female,True,False,False,False,2017 international classification; Beighton,,joint_hypermobility; subluxations_dislocations; chronic_pain; skin_hyperextensibility; fatigue,hEDS; hypermobile EDS; JHS,rule_based_v2,2026-04-16T20:41:04.122920
PMC7443168,10.1016/j.toxrep.2020.08.019,Assessment of naloxone as a therapeutic for inhaled carfentanil in the ferret.,Toxicol Rep,2020,2020,post-2017 (2017 international classification),animal_study,1,,,,,,,years,male,True,False,False,False,,,,hEDS,rule_based_v2,2026-04-16T20:41:04.129482
PMC7425819,10.7759/cureus.9176,Rare Cause of Abdominal Pain in an Adolescent Patient: Splenic Infarction in Absence of Causative Underlying Hematologic Disorder.,Cureus,2020 Jul 14,2020,post-2017 (2017 international classification),case_report,1,16,,Case presentationA 16-year-old female presented to a community emergency department with a chief complaint of cramping abdominal pain for two weeks and severe worsening pain with associated nausea and vomiting for two days.,,16,adolescent (12-17),years,female,True,False,False,False,,,joint_hypermobility; chronic_pain; tachycardia; fatigue; gi_symptoms,JHS,rule_based_v2,2026-04-16T20:41:04.155502
PMC7415034,10.1007/s00223-020-00721-3,Whole-Exome Sequencing Identifies Novel Compound Heterozygous ZNF469 Mutations in Two Siblings with Mild Brittle Cornea Syndrome.,Calcif Tissue Int,2020 Sep,2020,post-2017 (2017 international classification),case_report,1,13,,"1 forearm, age 13; II.",,13,adolescent (12-17),years,,True,False,False,False,Beighton,5,joint_hypermobility,JHS; HSD,rule_based_v2,2026-04-16T20:41:04.158642
PMC7388171,10.1016/j.ijscr.2020.06.084,Appendiceal torsion in Ehlers-Danlos syndrome: A case report of a rare phenomenon in a rare disease.,Int J Surg Case Rep,2020,2020,post-2017 (2017 international classification),case_report,30,36,,"2Presentation of casePatient is a 36-year-old Caucasian male with past medical history of EDS who presented to the emergency department (ED) of an urban, academic center with diffuse abdominal pain and cramping for nearly one week.",,36,adult (30-44),years,male,True,False,False,False,,,joint_hypermobility; skin_hyperextensibility; gi_symptoms; mitral_valve_prolapse,,rule_based_v2,2026-04-16T20:41:04.163199
PMC7371387,10.1210/jendso/bvaa077,Unusual Combination of MEN-1 and the Contiguous Gene Deletion Syndrome of CAH and Ehlers-Danlos Syndrome (CAH-X).,J Endocr Soc,2020 Aug 1,2020,post-2017 (2017 international classification),case_report,1,33,,"A 33-year-old man with salt-wasting congenital adrenal hyperplasia and classic-like Ehlers-Danlos syndrome presented with an adrenal crisis with a history of recurrent hypoglycemia, abdominal pain, and vomiting.",,33,adult (30-44),years,male,True,False,False,False,,,joint_hypermobility; syncope; skin_hyperextensibility; easy_bruising; gi_symptoms,,rule_based_v2,2026-04-16T20:41:04.166396
PMC7320209,10.1016/j.ejvssr.2019.12.002,Rupture of a Median Sacral Artery Aneurysm in a Patient with Vascular Ehlers Danlos Syndrome.,EJVES Vasc Forum,2020,2020,post-2017 (2017 international classification),case_report,1,25,,ReportA 25 year old man with vascular Ehlers Danlos syndrome presented with acute lower back pain as a result of a ruptured aneurysm of the median sacral artery (MSA).,,25,young adult (18-29),years,male,True,False,False,False,,,,EDS type III,rule_based_v2,2026-04-16T20:41:04.171453
PMC7288446,10.3390/genes11050547,Molecular Genetics and Pathogenesis of Ehlers-Danlos Syndrome and Related Connective Tissue Disorders.,Genes (Basel),2020 May 13,2020,post-2017 (2017 international classification),animal_study,34,,,,,,,years,,True,False,False,False,2017 international classification; Villefranche; Beighton,1,joint_hypermobility; skin_hyperextensibility,hEDS; hypermobile EDS; JHS; HSD,rule_based_v2,2026-04-16T20:41:04.174145
PMC7225616,10.1016/j.ajoc.2020.100729,Myopic regression and recurrent Salzmann nodule degeneration after laser in situ keratomileusis in Ehlers Danlos Syndrome.,Am J Ophthalmol Case Rep,2020 Sep,2020,post-2017 (2017 international classification),animal_study,11,21,,"1Case reportA 21-year-old, Caucasian woman with past medical history of hypermobile joints and intermittent arthralgias presented for refractive surgery evaluation for correction of myopia.",,21,young adult (18-29),years,female,True,True,True,True,,,joint_hypermobility; subluxations_dislocations; tachycardia; skin_hyperextensibility; easy_bruising; neuropathy; mitral_valve_prolapse,EDS type III; hypermobile EDS; JHS; POTS; postural tachycardia syndrome; MCAS; MCAD; mast cell activation syndrome,rule_based_v2,2026-04-16T20:41:04.183826
PMC7021465,10.1155/2020/8507929,Structured Rehabilitation Program for Multidirectional Shoulder Instability in a Patient with Ehlers-Danlos Syndrome.,Case Rep Orthop,2020,2020,post-2017 (2017 international classification),review_or_study,1,14,,The patient was a 14-year-old female with EDS hypermobile type who suffered recurrent shoulder dislocation.,,14,adolescent (12-17),years,female,True,False,False,False,,,joint_hypermobility; subluxations_dislocations; chronic_pain,hypermobile EDS,rule_based_v2,2026-04-16T20:41:04.192985
PMC7019116,10.1016/j.ajoc.2019.100554,RD repair using 360-degree scleral graft for extensive scleral ectasia in a patient with Ehlers Danlos syndrome.,Am J Ophthalmol Case Rep,2020 Mar,2020,post-2017 (2017 international classification),case_report,1,33,,ObservationsA 33-year-old Caucasian woman presented with 1-day history of floaters and photopsia.,,33,adult (30-44),years,female,True,False,False,False,,,,,rule_based_v2,2026-04-16T20:41:04.197431
PMC7015111,10.7759/cureus.6960,Isolated Renal Artery Dissection: A Systematic Review of Case Reports.,Cureus,2020 Feb 11,2020,post-2017 (2017 international classification),clinical_study,129,11,,"Per unequal variances t-test, the surgical approach was performed on average 11 years earlier in comparison to the endovascular stenting (p-value < 0.",,11,childhood (5-11),years,male,True,False,False,False,,,gi_symptoms; medication_sensitivity,,rule_based_v2,2026-04-16T20:41:04.200300
PMC7016348,10.1016/j.jvscit.2019.11.013,Ruptured ulnar artery aneurysm in vascular Ehlers-Danlos syndrome.,J Vasc Surg Cases Innov Tech,2020 Mar,2020,post-2017 (2017 international classification),clinical_study,31,40,,We describe the case of a 40-year-old woman with vEDS previously complicated by ruptured splenic and posterior tibial artery aneurysms who presented with a ruptured left ulnar artery aneurysm resulting in compartment syndrome.,,40,adult (30-44),years,female,True,False,False,False,,,joint_hypermobility; easy_bruising,EDS type III,rule_based_v2,2026-04-16T20:41:04.203800
PMC6955026,10.22114/ajem.v0i0.216,The Current Status of Genes and Genetic Testing in Emergency Medicine: A Narrative Review.,Adv J Emerg Med,2020 Winter,2020,post-2017 (2017 international classification),clinical_study,67,,child,"4 °C) is not an emergency in adults, but is a sign of infection in infants, and on occasions, it can be an indicator of other underlying diseases like immune-mediated and neoplastic conditions in adult, as well.",3-12 years,7.5,childhood (5-11),years,,True,False,False,False,,,easy_bruising; medication_sensitivity,EDS type III,rule_based_v2,2026-04-16T20:41:04.207862
PMC7792263,10.1161/JAHA.120.015989,Serum Activity Against G Protein-Coupled Receptors and Severity of Orthostatic Symptoms in Postural Orthostatic Tachycardia Syndrome.,J Am Heart Assoc,2020 Aug 4,2020,post-2017 (2017 international classification),animal_study,33,32,,Methods and ResultsForty-eight patients with POTS (aged 28.,,32,adult (30-44),years,,False,True,False,False,,,chronic_pain; orthostatic_intolerance; tachycardia; syncope; fatigue; gi_symptoms; brain_fog,POTS; postural tachycardia syndrome; dysautonomia,rule_based_v2,2026-04-16T20:41:05.977565
PMC7685310,10.19102/icrm.2020.111102,New-onset Postural Orthostatic Tachycardia Syndrome Following Coronavirus Disease 2019 Infection.,J Innov Card Rhythm Manag,2020 Nov,2020,post-2017 (2017 international classification),case_report,19,36,,"5-7 Case presentationA 36-year-old otherwise healthy female presented with fever, fatigue, and shortness of breath.",,36,adult (30-44),years,female,False,True,False,False,,,orthostatic_intolerance; tachycardia; syncope; fatigue; headache_migraine; palpitations,POTS; postural tachycardia syndrome,rule_based_v2,2026-04-16T20:41:05.987902
PMC7274189,10.1093/aje/kwz284,"Hospital Records of Pain, Fatigue, or Circulatory Symptoms in Girls Exposed to Human Papillomavirus Vaccination: Cohort, Self-Controlled Case Series, and Population Time Trend Studies.",Am J Epidemiol,2020 Apr 2,2020,post-2017 (2017 international classification),review_or_study,1,16,,The Danish childhood vaccination program offers HPV vaccine to girls aged 12-17 years.,,16,adolescent (12-17),years,female,False,True,False,False,,,tachycardia; syncope; fatigue; gi_symptoms; headache_migraine,POTS; postural tachycardia syndrome,rule_based_v2,2026-04-16T20:41:05.991158
PMC7255540,10.7759/cureus.7868,Ivabradine in Postural Orthostatic Tachycardia Syndrome: A Review of the Literature.,Cureus,2020 Apr 28,2020,post-2017 (2017 international classification),clinical_study,1,25,,The duration of treatment with ivabradine was variable with the earliest response observed just after two days of administration in a 25-year-old-female who had presented with symptoms for the past two weeks [43].,,25,young adult (18-29),years,female,False,True,False,False,2015 POTS consensus,,joint_hypermobility; chronic_pain; orthostatic_intolerance; tachycardia; syncope; fatigue; gi_symptoms; headache_migraine; neuropathy; palpitations,POTS; postural tachycardia syndrome,rule_based_v2,2026-04-16T20:41:06.004120
PMC7139175,10.1177/2050313X20915413,Infectious mononucleosis complicated by peritonsillar abscess and postural orthostatic tachycardia syndrome: A case report.,SAGE Open Med Case Rep,2020,2020,post-2017 (2017 international classification),review_or_study,1,17,,"Case reportA 17-year-old female presented to our hospital emergency department with a 4-day
history of worsening bilateral throat pain, more severe on the left side with
radiation to her ipsilateral ear, jaw and neck.",,17,adolescent (12-17),years,female,False,True,False,False,,,tachycardia; syncope; fatigue; gi_symptoms; headache_migraine; neuropathy,POTS; postural tachycardia syndrome,rule_based_v2,2026-04-16T20:41:06.009597
PMC7903504,10.2174/1573403X16666200331123242,Acute Myocardial Infarction in Systemic Mastocytosis: Case Report With Literature Review on the Role of Inflammatory Process in Acute Coronary Syndrome.,Curr Cardiol Rev,2020,2020,post-2017 (2017 international classification),clinical_study,23,78,,"2Case presentationWe present a case of a 78-year-old female with a past medical history of gastroesophageal reflux disease, subclinical hypothyroidism and recently diagnosed SM who was transferred to our institution for ST-elevation myocardial infarction.",,78,elderly (75+),years,female,True,False,True,False,,,syncope; anaphylaxis; gi_symptoms,mastocytosis,rule_based_v2,2026-04-16T20:41:28.883484
PMC7688994,10.1016/j.ijscr.2020.11.028,Pancreatic neuroendocrine tumor presenting in indolent systemic mastocytosis: A case report.,Int J Surg Case Rep,2020,2020,post-2017 (2017 international classification),review_or_study,1,58,,2Presentation of caseA 58-year-old woman with a history of ISM and mitral valve prolapse status post repair was diagnosed with a solid pancreatic lesion on ultrasound during an evaluation to assess degree of organomegaly in the setting of systemic mastocytosis.,,58,middle aged (45-59),years,female,False,False,True,False,,,tachycardia; flushing; urticaria; anaphylaxis; fatigue; gi_symptoms; mitral_valve_prolapse,mast cell activation syndrome; mastocytosis,rule_based_v2,2026-04-16T20:41:47.956051
PMC7687689,10.1186/s12884-020-03336-6,CCT: continuous care trial - a randomized controlled trial of the provision of continuous care during labor by maternity care assistants in the Netherlands.,BMC Pregnancy Childbirth,2020 Nov 25,2020,post-2017 (2017 international classification),clinical_study,1,18,,"Exclusion criteria will include being under the age of 18, being unable to speak, read or write the Dutch language, and women with a planned cesarean delivery.",,18,young adult (18-29),years,female,False,False,True,False,,,orthostatic_intolerance,MCAS,rule_based_v2,2026-04-16T20:41:49.351781
PMC7649174,10.1007/s13555-020-00455-y,Dermoscopy in Monitoring and Predicting Therapeutic Response in General Dermatology (Non-Tumoral Dermatoses): An Up-To-Date Overview.,Dermatol Ther (Heidelb),2020 Dec,2020,post-2017 (2017 international classification),case_report,20,,,,,,,years,,False,False,True,False,,,urticaria,mastocytosis,rule_based_v2,2026-04-16T20:41:50.366596
PMC7327752,10.12659/AJCR.920606,Intracranial High-Grade Stenosis and Hyperhomocysteinemia Presenting as Cortical Subarachnoid Hemorrhage Concomitant with Acute Ischemic Stroke in a Young Man.,Am J Case Rep,2020 Jun 24,2020,post-2017 (2017 international classification),case_report,1,33,,"Patient: Male, 33-year-oldFinal Diagnosis: Cortical subarachnoid hemorrhageSymptoms: Headache • weaknessMedication:-Clinical Procedure: -Specialty: NeurologyObjective:Rare co-existance of disease or pathologyBackground:Cortical subarachnoid hemorrhage (cSAH) is a rare clinical presentation with diff...",,33,adult (30-44),years,male,False,False,True,False,,,gi_symptoms; headache_migraine,MCAS,rule_based_v2,2026-04-16T20:41:52.422509
PMC7252834,10.12659/AJCR.923354,A Rare Case of Systemic Mastocytosis with Associated Hematologic Neoplasm (SM-AHN) Involving Chronic Myeloid Leukemia: A Case Report and Literature Review.,Am J Case Rep,2020 May 13,2020,post-2017 (2017 international classification),clinical_study,88,28,,"Patient: Male, 28-year-oldFinal Diagnosis: Chronic myeloid leukaemiaSymptoms: SplenomegalyMedication:-Clinical Procedure: Bone marrow biopsySpecialty: HematologyObjective:Rare co-existance of disease or pathologyBackground:Single or multiple cell line dysplasia is a characteristic feature of myelody...",,28,young adult (18-29),years,male,False,False,True,False,,,fatigue; neuropathy,mastocytosis,rule_based_v2,2026-04-16T20:41:53.572545
PMC7171446,10.3389/fphar.2020.00443,Systemic Mastocytosis: Following the Tyrosine Kinase Inhibition Roadmap.,Front Pharmacol,2020,2020,post-2017 (2017 international classification),animal_study,10,,,,,,,years,,False,False,True,False,MCAS consensus criteria,,flushing; fatigue; medication_sensitivity,MCAD; mastocytosis,rule_based_v2,2026-04-16T20:41:54.821470
PMC7021538,10.1016/j.ajoc.2020.100614,Presumed mast cell choroidal infiltrate in aggressive systemic mastocytosis.,Am J Ophthalmol Case Rep,2020 Jun,2020,post-2017 (2017 international classification),case_report,1,,,ObservationsThe patient is a man in his fifties with a diagnosis of ASM.,,,,years,male,False,False,True,False,MCAS consensus criteria,,,mastocytosis,rule_based_v2,2026-04-16T20:41:55.805213
PMC7000442,10.1016/j.jdcr.2019.11.012,Primary cicatricial alopecia associated with systemic indolent mastocytosis.,JAAD Case Rep,2020 Feb,2020,post-2017 (2017 international classification),case_report,1,63,,IntroductionWe present a case of a 63-year-old woman diagnosed with indolent cutaneous and systemic mastocytosis (SM) who presented with hair loss due to primary cicatricial alopecia (PCA).,,63,older adult (60-74),years,female,False,False,True,False,,,urticaria; gi_symptoms,mastocytosis,rule_based_v2,2026-04-16T20:41:56.737626
PMC7061590,10.1016/j.jpra.2018.12.001,Using the suture/adhesive strips combination technique for skin closure in an individual with Ehlers-Danlos Syndrome.,JPRAS Open,2019 Mar,2019,post-2017 (2017 international classification),case_report,1,5,,,,5,childhood (5-11),years,,True,False,False,False,,,skin_hyperextensibility,,rule_based_v2,2026-04-16T20:41:04.191604
PMC6933463,10.1016/j.ekir.2019.07.020,Vascular Ehlers-Danlos Syndrome Diagnosed in a Patient Initiating Hemodialysis.,Kidney Int Rep,2019 Nov,2019,post-2017 (2017 international classification),case_report,1,25,,Case PrsentationA 25-year-old man was referred with ESKD of unknown etiology (renal biopsy was not performed) with a serum creatinine level of 5.,,25,young adult (18-29),years,male,True,False,False,False,,,skin_hyperextensibility,EDS type III,rule_based_v2,2026-04-16T20:41:04.216362
PMC6899330,10.1155/2019/7218480,Spontaneous Coronary Artery Dissection in a Patient with a Family History of Fatal Ascending Aortic Dissection: Case Report and Discussion of Diseases Causing Both Presentations.,Case Rep Cardiol,2019,2019,post-2017 (2017 international classification),review_or_study,1,48,,Case Summary This case report describes a 48-year-old woman suffering from SCAD who had a mother who died from ascending aortic dissection in her 50s.,,48,middle aged (45-59),years,female,True,False,False,False,,,gi_symptoms,,rule_based_v2,2026-04-16T20:41:04.219193
PMC6874507,10.1055/s-0039-3399555,Splenic Rupture Secondary to Vascular Ehlers-Danlos Syndrome Managed by Coil Embolization of the Splenic Artery.,European J Pediatr Surg Rep,2019 Jan,2019,post-2017 (2017 international classification),case_report,1,11,,"Case Description
 A 11-year-old girl with thalassemia trait presented with sudden onset of abdominal pain and hypovolemic shock.",,11,childhood (5-11),years,female,True,False,False,False,,,joint_hypermobility; subluxations_dislocations; syncope; skin_hyperextensibility; easy_bruising; gi_symptoms,EDS type III,rule_based_v2,2026-04-16T20:41:04.221721
PMC6848165,10.3389/fimmu.2019.02537,C1R Mutations Trigger Constitutive Complement 1 Activation in Periodontal Ehlers-Danlos Syndrome.,Front Immunol,2019,2019,post-2017 (2017 international classification),animal_study,1,24,,"Clinical features include lack of attached gingiva already present in childhood, easy bruising, pretibial haemosiderotic plaques, doughy skin, hoarse voice, poor wound healing, and hypermobility of joints.",,24,young adult (18-29),years,female,True,False,False,False,,,joint_hypermobility; syncope; easy_bruising,JHS,rule_based_v2,2026-04-16T20:41:04.225304
PMC6770791,10.3390/genes10090631,Further Defining the Phenotypic Spectrum of B3GAT3 Mutations and Literature Review on Linkeropathy Syndromes.,Genes (Basel),2019 Aug 21,2019,post-2017 (2017 international classification),case_report,25,13,,"Herein, we report on a 13-year-old girl with a clinical presentation suggestive of spEDS, according to the 2017 EDS nosology, in whom compound heterozygosity for two B3GAT3 likely pathogenic variants was identified.",,13,adolescent (12-17),years,female,True,False,False,False,2017 international classification; Beighton,6,joint_hypermobility; subluxations_dislocations; chronic_pain; skin_hyperextensibility; easy_bruising; mitral_valve_prolapse,JHS,rule_based_v2,2026-04-16T20:41:04.246027
PMC6796720,10.1016/j.eucr.2019.101011,Penile fracture in a patient with Ehlers-Danlos syndrome: A case report.,Urol Case Rep,2019 Nov,2019,post-2017 (2017 international classification),case_report,3,41,,"Our patient is a 41-year-old male with EDS who presented with a traumatic penile fracture, ten days following sexual intercourse.",,41,adult (30-44),years,male,True,False,False,False,,,joint_hypermobility,hypermobile EDS,rule_based_v2,2026-04-16T20:41:04.255574
PMC6771693,10.1111/age.12825,A homozygous ADAMTS2 nonsense mutation in a Doberman Pinscher dog with Ehlers Danlos syndrome and extreme skin fragility.,Anim Genet,2019 Oct,2019,post-2017 (2017 international classification),case_report,1,,,,,,,years,,True,False,False,False,,,,,rule_based_v2,2026-04-16T20:41:04.257924
PMC6761414,10.1093/rap/rkz028.011,42. Large vessel vasculitis with rapidly expanding aortic aneurysm.,Rheumatol Adv Pract,2019 Sep,2019,post-2017 (2017 international classification),case_report,1,69,,Case descriptionA previously fit and well 69-year-old man presented with constitutional symptoms and intermittent chest pain for six months.,,69,older adult (60-74),years,male,True,False,False,False,,,chronic_pain; gi_symptoms,,rule_based_v2,2026-04-16T20:41:04.258639
PMC6699327,10.1155/2019/7472301,Transvestism Recognized in Ehlers-Danlos Syndrome: Report of Two Cases.,Case Rep Psychiatry,2019,2019,post-2017 (2017 international classification),case_report,1,5,,She was aware of having dissociative identity disorder since childhood based on her recollections of first experiencing a personality change at the age of 5 years.,,5,childhood (5-11),years,female,True,False,False,False,,,joint_hypermobility; subluxations_dislocations; chronic_pain; skin_hyperextensibility; easy_bruising; gi_symptoms; headache_migraine,EDS type III,rule_based_v2,2026-04-16T20:41:04.260784
PMC6664867,10.12659/AJCR.917245,Intestinal Perforation in Children as an Important Differential Diagnosis of Vascular Ehlers-Danlos Syndrome.,Am J Case Rep,2019 Jul 20,2019,post-2017 (2017 international classification),case_report,149,6,,Case Report:We present a case of a 6-year-old boy with the previous diagnosis of vEDS who presented with colonic perforation from a stercoral ulcer.,,6,childhood (5-11),years,male,True,False,False,False,,,joint_hypermobility; tachycardia; easy_bruising; gi_symptoms; mitral_valve_prolapse,EDS type III; hypermobile EDS,rule_based_v2,2026-04-16T20:41:04.269455
PMC6677863,10.1016/j.jdcr.2019.05.028,Leukocytoclastic vasculitis with Koebner phenomenon associated with Ehlers Danlos syndrome.,JAAD Case Rep,2019 Aug,2019,post-2017 (2017 international classification),case_report,1,51,,"Case reportA 51-year-old woman with a history of Ehlers Danlos syndrome, hypermobile type (diagnosed by a medical geneticist using the 2017 international classification criteria of generalized joint hypermobility, systemic manifestations of generalized connective tissue disorder, positive family his...",,51,middle aged (45-59),years,female,True,True,False,False,2017 international classification,,joint_hypermobility; tachycardia; easy_bruising; fatigue; gi_symptoms; medication_sensitivity,hypermobile EDS; JHS; postural tachycardia syndrome,rule_based_v2,2026-04-16T20:41:04.273949
PMC6601149,10.1093/ehjcr/ytz052,Prolapse and regurgitation of the four heart valves in a patient with Ehlers-Danlos Syndrome: a case report.,Eur Heart J Case Rep,2019 Jun 1,2019,post-2017 (2017 international classification),case_report,9,46,,"Case presentationA 46-year-old patient with a past medical history of hypertension, HIV positive on treatment with antiretrovirals was referred for an echocardiographic study of a heart murmur.",,46,middle aged (45-59),years,male,True,False,False,False,2017 international classification; Villefranche,,joint_hypermobility; subluxations_dislocations; skin_hyperextensibility; easy_bruising; gi_symptoms; mitral_valve_prolapse,EDS hypermobility type,rule_based_v2,2026-04-16T20:41:04.275731
PMC6580888,10.1016/j.wnsx.2019.100010,A Dual Approach for the Management of Complex Craniovertebral Junction Abnormalities: Endoscopic Endonasal Odontoidectomy and Posterior Decompression with Fusion.,World Neurosurg X,2019 Apr,2019,post-2017 (2017 international classification),review_or_study,7,12,,Illustrative CaseA 12-year-old male patient initially presented to our clinic with complaints of headaches that were mainly frontal and not exertional.,,12,adolescent (12-17),years,female,True,False,False,False,,,subluxations_dislocations; headache_migraine; chiari,,rule_based_v2,2026-04-16T20:41:04.281020
PMC6551759,10.1210/js.2019-SAT-485,SAT-485 Transient Vision Loss Due to Physiologic Pituitary Enlargement during Normal Pregnancy.,J Endocr Soc,2019 Apr 15,2019,post-2017 (2017 international classification),case_report,1,23,,"Case Report: A 23 year old, gravida 10, para 1-0-8-1, female with a history of , Ehlers-Danlos, PCOS, , status post C-section at 38 and 0/7 weeks presented to the hospital with transient loss of left sided vision for 30 minutes, which then fully resolved.",,23,young adult (18-29),years,female,True,False,False,False,,,headache_migraine,,rule_based_v2,2026-04-16T20:41:04.291827
PMC6501436,10.1093/jhps/hnz004,Comparable patient-reported outcomes in females with or without joint hypermobility after hip arthroscopy and capsular plication for femoroacetabular impingement syndrome.,J Hip Preserv Surg,2019 Jan,2019,post-2017 (2017 international classification),clinical_study,106,16,,"Exclusion criteria were patients under the age of 16 or above 50 at the time of surgery, functional illiteracy, patients with prior history of pediatric deformities (congenital hip dislocation, slipped capital femoral epiphysis or Perthes disease), osteoarthritis or joint space narrowing <2 mm (Tönn...",,16,adolescent (12-17),years,female,True,False,False,False,Beighton,1,joint_hypermobility; subluxations_dislocations,JHS,rule_based_v2,2026-04-16T20:41:04.293867
PMC6452458,10.1002/ccr3.2070,"Hypermobile type Ehlers-Danlos syndrome associated with hypogammaglobulinemia and fibromyalgia: A case-based review on new classification, diagnosis, and multidisciplinary management.",Clin Case Rep,2019 Apr,2019,post-2017 (2017 international classification),case_report,1,54,,2CASE PRESENTATIONA pleasant 54-year-old white female was referred to the resident clinic to establish care by her previous primary care physician (PCP).,,54,middle aged (45-59),years,female,True,False,True,False,2017 international classification; Villefranche; Beighton,5,joint_hypermobility; subluxations_dislocations; chronic_pain; syncope; flushing; anaphylaxis; skin_hyperextensibility; fatigue; gi_symptoms; neuropathy; mitral_valve_prolapse; palpitations,hEDS; hypermobile EDS; JHS; dysautonomia; MCAD; mast cell activation syndrome,rule_based_v2,2026-04-16T20:41:04.301835
PMC6409156,10.1186/s13256-018-1966-7,Congenital absence of lingual frenum in a non-syndromic patient: a case report.,J Med Case Rep,2019 Mar 10,2019,post-2017 (2017 international classification),case_report,25,21,,Case presentationWe report the absence of lingual frenum in an otherwise healthy 21-year-old Middle Eastern woman diagnosed during a routine dental examination.,,21,young adult (18-29),years,female,True,False,False,False,Beighton,,joint_hypermobility; subluxations_dislocations; skin_hyperextensibility; easy_bruising; gi_symptoms,hypermobile EDS; JHS,rule_based_v2,2026-04-16T20:41:04.308417
PMC6394365,10.4322/acr.2018.054,Spontaneous perforation of small intestine followed by rupture of the cystic artery: the natural history of Vascular Ehlers-Danlos Syndrome.,Autops Case Rep,2019 Jan-Mar,2019,post-2017 (2017 international classification),clinical_study,8,30,,CASE REPORTA 30-year-old man complained of left lower abdominal pain associated with nausea and vomiting.,,30,adult (30-44),years,male,True,False,False,False,2017 international classification,,subluxations_dislocations; chronic_pain; gi_symptoms,EDS type III,rule_based_v2,2026-04-16T20:41:04.312392
PMC6394140,10.12659/AJCR.911688,Vascular Type of Ehlers-Danlos Syndrome: A Case Report of an Aortic Dissection During Pregnancy.,Am J Case Rep,2019 Feb 22,2019,post-2017 (2017 international classification),case_report,1,30,,"Case ReportPatient informationA 30-year-old pregnant woman was admitted to the emergency department of our clinic on a Sunday morning, due to an abrupt onset of tearing back pain radiating to the left arm.",,30,adult (30-44),years,female,True,False,False,False,,,gi_symptoms,,rule_based_v2,2026-04-16T20:41:04.316900
PMC6335977,10.12659/AJCR.912799,"Anesthetic Management for Ehlers-Danlos Syndrome, Hypermobility Type Complicated by Local Anesthetic Allergy: A Case Report.",Am J Case Rep,2019 Jan 10,2019,post-2017 (2017 international classification),case_report,1,22,,"Case Report:Our patient was a 22-year-old G4P0030 woman with a history of morbid obesity, seizures, Barrett’s esophagus, hypermobility being evaluated for Ehlers-Danlos syndrome, and anaphylaxis to an unknown local anesthetic who was scheduled for cesarean delivery.",,22,young adult (18-29),years,female,True,True,False,False,,,joint_hypermobility; subluxations_dislocations; chronic_pain; tachycardia; anaphylaxis; skin_hyperextensibility; fatigue; gi_symptoms; palpitations,EDS hypermobility type; JHS; POTS; postural tachycardia syndrome; dysautonomia,rule_based_v2,2026-04-16T20:41:04.320833
PMC6313834,10.1016/j.jvscit.2018.09.010,Late conversion after endovascular abdominal aortic aneurysm repair in a patient with Ehlers-Danlos syndrome.,J Vasc Surg Cases Innov Tech,2019 Mar,2019,post-2017 (2017 international classification),case_report,1,76,,Case reportA 76-year-old man with abdominal and back pain presented to our hospital.,,76,elderly (75+),years,male,True,False,False,False,,,gi_symptoms,,rule_based_v2,2026-04-16T20:41:04.324081
PMC6806054,10.1161/JAHA.119.014084,Hop to It: The First Animal Model of Autoimmune Postural Orthostatic Tachycardia Syndrome.,J Am Heart Assoc,2019 Oct,2019,post-2017 (2017 international classification),animal_study,1,,,,,,,years,,False,True,False,False,,,tachycardia,postural tachycardia syndrome,rule_based_v2,2026-04-16T20:41:06.012975
PMC6886439,10.3324/haematol.2019.222059,"Proposed diagnostic criteria for classical chronic myelomonocytic leukemia (CMML), CMML variants and pre-CMML conditions.",Haematologica,2019 Oct,2019,post-2017 (2017 international classification),case_report,35,,,,,,,years,,False,False,True,False,,,anaphylaxis,mastocytosis,rule_based_v2,2026-04-16T20:41:57.947817
PMC6854920,10.1155/2019/1805270,Highly Aggressive CD4-Positive Mast Cell Leukaemia (Leukaemic Variant) Associated with Isolated Trisomy 19 and Hemophagocytosis by Neoplastic Mast Cells: A Case Report with Challenging Experience and Review.,Case Rep Hematol,2019,2019,post-2017 (2017 international classification),case_report,52,39,,"Case Presentation A 39-year-old male presented with acute onset of fever, abdominal pain, and generalized body aches of two-week duration.",,39,adult (30-44),years,male,False,False,True,False,,,syncope; flushing; anaphylaxis; gi_symptoms; headache_migraine; neuropathy,mastocytosis,rule_based_v2,2026-04-16T20:41:58.996390
PMC6851912,10.5339/qmj.2019.qccc.53,Weird and wonderful ICU cases: Unusual causes of shock.,Qatar Med J,2019,2019,post-2017 (2017 international classification),case_report,1,,,,,,,years,,False,False,True,False,,,urticaria; anaphylaxis,mastocytosis,rule_based_v2,2026-04-16T20:41:59.908446
PMC6766258,10.1155/2019/3787586,Efficacy of Omalizumab in Indolent Systemic Mastocytosis.,Case Rep Hematol,2019,2019,post-2017 (2017 international classification),review_or_study,6,28,,Patient 1A 28-year-old male developed urticaria pigmentosa confirmed by skin biopsy in 2008.,,28,young adult (18-29),years,female,False,False,True,False,,,syncope; flushing; urticaria; anaphylaxis; gi_symptoms; headache_migraine; palpitations; medication_sensitivity,mast cell activation syndrome; mastocytosis,rule_based_v2,2026-04-16T20:42:00.912006
PMC6768441,10.1002/cti2.1075,Successful treatment of idiopathic mast cell activation syndrome with low-dose Omalizumab.,Clin Transl Immunology,2019,2019,post-2017 (2017 international classification),clinical_study,56,48,,"Case reportOur case, a 48-year-old man, presented in January 2011 after suffering a road traffic accident.",,48,middle aged (45-59),years,male,False,False,True,False,,,chronic_pain; syncope; urticaria; anaphylaxis; gi_symptoms; headache_migraine; medication_sensitivity,MCAS; MCAD; mast cell activation syndrome,rule_based_v2,2026-04-16T20:42:01.940067
PMC6756067,10.1038/s41375-018-0346-z,KIT D816 mutated/CBF-negative acute myeloid leukemia: a poor-risk subtype associated with systemic mastocytosis.,Leukemia,2019 May,2019,post-2017 (2017 international classification),clinical_study,40,,,All regions below the minimal coverage of 400 reads were rejected and resequenced for higher depth.,,,,years,male,False,False,True,False,,,,mastocytosis,rule_based_v2,2026-04-16T20:42:03.064849
PMC6743404,10.4103/idoj.IDOJ_501_18,Dermatoscopy of Urticaria Pigmentosa with and without Darier's Sign in Skin of Colour.,Indian Dermatol Online J,2019 Sep-Oct,2019,post-2017 (2017 international classification),case_report,1,2,,"We report two male children- first, a 7-month-old child with a history of asymptomatic multiple dark colored skin lesions macules with wheals on gentle rubbing (Darier's sign) and second, a 2-year-old child with similar clinical presentation without Darier's sign.",,2,early childhood (1-4),years,male,False,False,True,False,,,flushing; urticaria; anaphylaxis; gi_symptoms; medication_sensitivity,mastocytosis,rule_based_v2,2026-04-16T20:42:03.992774
PMC6472224,10.4103/0972-2327.144289,Study of Middle Cerebral Artery in Human Cadaveric Brain.,Ann Indian Acad Neurol,2019 Apr-Jun,2019,post-2017 (2017 international classification),case_report,1,,,,,,,years,,False,False,True,False,,,,MCAS,rule_based_v2,2026-04-16T20:42:05.009796
PMC6387409,10.3390/ijms20030552,Bone Marrow Mast Cell Antibody-Targetable Cell Surface Protein Expression Profiles in Systemic Mastocytosis.,Int J Mol Sci,2019 Jan 28,2019,post-2017 (2017 international classification),case_report,166,,child,,3-12 years,7.5,childhood (5-11),years,,False,False,True,False,,,chronic_pain; tachycardia; anaphylaxis,MCAD; mast cell activation syndrome; mastocytosis,rule_based_v2,2026-04-16T20:42:06.128964
PMC6380077,10.1093/jscr/rjz053,Arterio-venous fistula-expanding role for venous access in mastocytosis patients.,J Surg Case Rep,2019 Feb,2019,post-2017 (2017 international classification),case_report,1,61,,We report a case where 61-year-old male who has a history of systemic mastocytosis.,,61,older adult (60-74),years,male,False,False,True,False,,,flushing; anaphylaxis; gi_symptoms,mastocytosis,rule_based_v2,2026-04-16T20:42:07.058942
PMC6292952,10.3389/fpsyt.2018.00656,"Autism, Joint Hypermobility-Related Disorders and Pain.",Front Psychiatry,2018,2018,post-2017 (2017 international classification),animal_study,102,15,,"First, Fehlow and Tennstedt (48) in a German publication presented the case of a 15-year-old boy with an autistic syndrome and EDS type I (current classical type) having JH, skin extensibility, moderate bleeding tendencies and deformity of the thorax.",,15,adolescent (12-17),years,female,True,False,True,False,2017 international classification,,joint_hypermobility; subluxations_dislocations; chronic_pain; skin_hyperextensibility; easy_bruising; fatigue; headache_migraine,hEDS; hypermobile EDS; JHS; HSD; dysautonomia; mast cell activation syndrome,rule_based_v2,2026-04-16T20:41:04.326762
PMC6282529,10.1111/clr.13373,High risk of peri-implant disease in periodontal Ehlers-Danlos Syndrome. A case series.,Clin Oral Implants Res,2018 Nov,2018,post-2017 (2017 international classification),case_report,1,33,,1Dental historyIndividual 1 is a never-smoking 33-year-old woman.,,33,adult (30-44),years,male,True,False,False,False,2017 international classification,,joint_hypermobility; skin_hyperextensibility; easy_bruising,JHS,rule_based_v2,2026-04-16T20:41:04.332284
PMC6250522,10.1097/MD.0000000000013115,Management of chronic pain in Ehlers-Danlos syndrome: Two case reports and a review of literature.,Medicine (Baltimore),2018 Nov,2018,post-2017 (2017 international classification),case_report,2,41,,,,41,adult (30-44),years,male,True,False,False,False,Villefranche,,joint_hypermobility; subluxations_dislocations; chronic_pain; skin_hyperextensibility; easy_bruising; fatigue; neuropathy; medication_sensitivity,EDS hypermobility type; JHS; dysautonomia,rule_based_v2,2026-04-16T20:41:04.339848
PMC6230631,10.1002/ccr3.1873,Identification of a de novo case of COL5A1-related Ehlers-Danlos syndrome in an infant in the West Indies leading to improved targeted clinical care.,Clin Case Rep,2018 Nov,2018,post-2017 (2017 international classification),animal_study,1,1,,"Key Clinical MessageA 1-year-old girl from an underserved community presented with irritability, pain, and delayed motor skills.",,1,early childhood (1-4),years,female,True,False,False,False,,,joint_hypermobility; chronic_pain; skin_hyperextensibility; mitral_valve_prolapse,,rule_based_v2,2026-04-16T20:41:04.355691
PMC6136482,10.1155/2018/5053825,Ehlers-Danlos Syndrome: Not Just Joint Hypermobility.,Case Rep Med,2018,2018,post-2017 (2017 international classification),case_report,1,60,,We report a 60-year-old woman with arthralgia and back pain lasting for several months and recent metatarsophalangeal luxation of the left toe who was discovered to have Ehlers-Danlos syndrome.,,60,older adult (60-74),years,female,True,False,False,False,Villefranche; Beighton,,joint_hypermobility; subluxations_dislocations; chronic_pain; fatigue; neuropathy; mitral_valve_prolapse,JHS,rule_based_v2,2026-04-16T20:41:04.362836
PMC6087563,10.1155/2018/4854701,Gastrointestinal Symptoms in Marfan Syndrome and Hypermobile Ehlers-Danlos Syndrome.,Gastroenterol Res Pract,2018,2018,post-2017 (2017 international classification),clinical_study,90,19,,"Data was collected from 45 MS patients (12 males and 33 females, age 19-41, mean 28 years) with no organic gastrointestinal diagnosis.",,19,young adult (18-29),years,,True,False,False,False,2017 international classification; Villefranche; Beighton,,joint_hypermobility; subluxations_dislocations; chronic_pain; skin_hyperextensibility; easy_bruising; fatigue; gi_symptoms,hEDS; hypermobile EDS; JHS,rule_based_v2,2026-04-16T20:41:04.365280
PMC6099022,10.1002/ccr3.1639,Renal infarction in vascular Ehlers-Danlos syndrome masquerading as pyelonephritis.,Clin Case Rep,2018 Aug,2018,post-2017 (2017 international classification),review_or_study,1,29,,"1CASE PRESENTATIONA 29-year-old female presented to the emergency department with a 1-day history of acute right flank pain, fever, and vomiting.",,29,young adult (18-29),years,female,True,False,False,False,,,joint_hypermobility; gi_symptoms,EDS type III,rule_based_v2,2026-04-16T20:41:04.369765
PMC6100124,10.1177/1756286418793766,Application of immunotherapy for neurological manifestations in hypermobile Ehlers-Danlos syndrome.,Ther Adv Neurol Disord,2018,2018,post-2017 (2017 international classification),case_report,1892,41,,7 Case reportsCase 1: the patient was a 41-year-old homemaker.,,41,adult (30-44),years,female,True,False,True,False,,,joint_hypermobility; subluxations_dislocations; chronic_pain; tachycardia; anaphylaxis; skin_hyperextensibility; gi_symptoms; neuropathy,EDS type III; hEDS; hypermobile EDS; MCAD,rule_based_v2,2026-04-16T20:41:04.372201
PMC6083619,10.1186/s12881-018-0655-0,FLNA mutations in surviving males presenting with connective tissue findings: two new case reports and review of the literature.,BMC Med Genet,2018 Aug 8,2018,post-2017 (2017 international classification),case_report,1,15,,"At age 5, he presented with genu recurvatum and bilateral hip subluxation for which he underwent bilateral varus derotation osteotomy (Fig.",,15,adolescent (12-17),years,female,True,False,False,False,,,joint_hypermobility; subluxations_dislocations; skin_hyperextensibility; gi_symptoms; headache_migraine; mitral_valve_prolapse,JHS; HSD,rule_based_v2,2026-04-16T20:41:04.377014
PMC6061067,10.1007/s10029-018-1739-7,Complications and recurrence rates of patients with Ehlers-Danlos syndrome undergoing ventral hernioplasty: a case series.,Hernia,2018 Aug,2018,post-2017 (2017 international classification),review_or_study,14,37,,"This patient was a 37-year-old female with EDS type III without relevant comorbidity or medical history (no diabetes, no aortic aneurysm, no smoking).",,37,adult (30-44),years,female,True,False,False,False,Villefranche,,joint_hypermobility; skin_hyperextensibility; brain_fog,EDS type III; EDS hypermobility type,rule_based_v2,2026-04-16T20:41:04.391828
PMC6052501,10.1177/2325967118785170,Anterior Cruciate Ligament Reconstruction With Achilles Tendon Allograft in a Patient With Ehlers-Danlos Syndrome.,Orthop J Sports Med,2018 Jul,2018,post-2017 (2017 international classification),case_report,1,25,,Case ReportOur patient was a 25-year-old man who worked as a physically active security site supervisor.,,25,young adult (18-29),years,male,True,False,False,False,Beighton,5,joint_hypermobility; subluxations_dislocations; skin_hyperextensibility; headache_migraine,JHS,rule_based_v2,2026-04-16T20:41:04.398620
PMC6050812,10.1177/2515841418788303,A rare case of bilateral spontaneous indirect caroticocavernous fistula treated previously as a case of conjunctivitis.,Ther Adv Ophthalmol,2018 Jan-Dec,2018,post-2017 (2017 international classification),case_report,42,66,,"A 66 year old patient presented in the eye casualty at North
Devon District Hospital in January 2016, referred from her General practitioner
complaining of bilateral red eyes.",,66,older adult (60-74),years,female,True,False,False,False,,,headache_migraine,,rule_based_v2,2026-04-16T20:41:04.402345
PMC6050467,10.1016/j.hrcr.2018.03.008,Arrhythmias and myocardial fragility in Ehlers-Danlos syndrome: Complications after routine ICD placement.,HeartRhythm Case Rep,2018 Jul,2018,post-2017 (2017 international classification),case_report,1,59,,"Case reportA 59-year-old man with hypertension, hyperlipidemia, depression, and EDS with unknown subtype presented to our hospital with multiple episodes of syncope and presyncope.",,59,middle aged (45-59),years,male,True,False,False,False,,,joint_hypermobility; tachycardia; syncope; skin_hyperextensibility; mitral_valve_prolapse,dysautonomia,rule_based_v2,2026-04-16T20:41:04.406873
PMC6019721,10.1186/s13023-018-0842-2,Pathophysiology of carotid-cavernous fistulas in vascular Ehlers-Danlos syndrome: a retrospective cohort and comprehensive review.,Orphanet J Rare Dis,2018 Jun 25,2018,post-2017 (2017 international classification),clinical_study,133,33,,"3% female, median age 33.",,33,adult (30-44),years,female,True,False,False,False,,,easy_bruising,EDS type III,rule_based_v2,2026-04-16T20:41:04.411664
PMC6016292,10.1589/jpts.30.847,Hypermobile Ehlers-Danlos syndrome and rehabilitation: taking stock of evidence based medicine: a systematic review of the literature.,J Phys Ther Sci,2018 Jun,2018,post-2017 (2017 international classification),review_or_study,12,,,,,,,years,,True,False,False,False,Villefranche; Beighton,4,joint_hypermobility; subluxations_dislocations; chronic_pain; skin_hyperextensibility; easy_bruising,hEDS; hypermobile EDS; JHS,rule_based_v2,2026-04-16T20:41:04.421739
PMC5993673,10.1038/gim.2017.138,Vascular phenotypes in nonvascular subtypes of the Ehlers-Danlos syndrome: a systematic review.,Genet Med,2018 Jun,2018,post-2017 (2017 international classification),clinical_study,467,9,,"13 Complications are rare in childhood, but 25% will have a first complication by the age of 20 years, and more than 80% will have had at least one complication by the age of 40 years.",,9,childhood (5-11),years,,True,False,False,False,2017 international classification; Villefranche,,joint_hypermobility; subluxations_dislocations; skin_hyperextensibility; easy_bruising; neuropathy,EDS type III; hypermobile EDS; JHS,rule_based_v2,2026-04-16T20:41:04.428692
PMC5829370,10.1155/2018/1924725,Spinal Anaesthesia for Cesarean Section in a Patient with Vascular Type Ehlers-Danlos Syndrome.,Case Rep Anesthesiol,2018,2018,post-2017 (2017 international classification),case_report,1,23,,"Case DescriptionThe patient was a 23-year-old female (Gravida 1, Para 0) presenting for obstetric care at eight weeks gestational age with genetic documentation of a COL3A1 mutation confirming vascular type EDS.",,23,young adult (18-29),years,female,True,False,False,False,Villefranche,,subluxations_dislocations,EDS type III,rule_based_v2,2026-04-16T20:41:04.441763
PMC5828290,10.4322/acr.2018.008,Suspicious scars: physical child abuse vs Ehlers-Danlos syndrome.,Autops Case Rep,2018 Jan-Mar,2018,post-2017 (2017 international classification),review_or_study,1,13,,"Here, the authors present a case of a 13-year-old school non-attendee who was referred due to multiple scars, over areas prone to accidental as well as non-accidental injury, who underwent medicolegal examination due to suspicion of physical child abuse.",,13,adolescent (12-17),years,female,True,False,False,False,2017 international classification,,joint_hypermobility; skin_hyperextensibility; easy_bruising,,rule_based_v2,2026-04-16T20:41:04.445592
PMC5926514,10.1155/2018/8714819,Postural Tachycardia Syndrome and Vasovagal Syncope: A Hidden Case of Obstructive Cardiomyopathy without Severe Septal Hypertrophy.,Case Rep Cardiol,2018,2018,post-2017 (2017 international classification),case_report,1,36,,A 36-year-old female with symptoms of orthostatic intolerance and syncope was diagnosed with vasovagal syncope on a tilt table test and with postural tachycardia syndrome (POTS) after a repeat tilt table test.,,36,adult (30-44),years,female,False,True,False,False,,,orthostatic_intolerance; tachycardia; syncope; gi_symptoms; palpitations,POTS; postural tachycardia syndrome,rule_based_v2,2026-04-16T20:41:06.013552
PMC5845505,10.1155/2018/2956387,From Postural Orthostatic Tachycardia Syndrome to Radiologically Isolated Syndrome.,Case Rep Neurol Med,2018,2018,post-2017 (2017 international classification),review_or_study,1,30,,"Case PresentationOur patient is a 30-year old woman, previously healthy, who presented to the outpatient cardiology clinic for episodes of postural lightheadedness and subjective tremulousness of her whole body.",,30,adult (30-44),years,female,True,True,False,False,,,tachycardia; fatigue; gi_symptoms,POTS; postural tachycardia syndrome,rule_based_v2,2026-04-16T20:41:06.016688
PMC5778345,10.1136/bcr-2017-221405,"Successful treatment of postural orthostatic tachycardia and mast cell activation syndromes using naltrexone, immunoglobulin and antibiotic treatment.",BMJ Case Rep,2018 Jan 11,2018,post-2017 (2017 international classification),case_report,12,43,,"Case presentationCaseA 43-year-old Caucasian femaleF experienced MCAS symptoms at age 18: specific foods and odours caused flushing, rashes, itching, wheezing, dizziness and nausea.",,43,adult (30-44),years,,True,True,True,True,,,chronic_pain; orthostatic_intolerance; tachycardia; syncope; flushing; urticaria; fatigue; gi_symptoms; headache_migraine; neuropathy; palpitations; medication_sensitivity,hypermobile EDS; POTS; postural tachycardia syndrome; MCAS; MCAD; mast cell activation syndrome,rule_based_v2,2026-04-16T20:41:06.019081
PMC6250909,10.1093/jscr/rjy317,Radiotherapy for breast cancer associated with a cutaneous presentation of systemic mastocytosis-a case report and literature review.,J Surg Case Rep,2018 Nov,2018,post-2017 (2017 international classification),case_report,1,59,,"We present a rare cutaneous manifestation of systemic mastocystosis, in a 59-year-old female who underwent adjuvant radiotherapy following local excision of ductal carcinoma in situ.",,59,middle aged (45-59),years,female,False,False,True,False,,,urticaria,mastocytosis,rule_based_v2,2026-04-16T20:42:07.973674
PMC6220989,10.1111/all.13445,"Low frequency of acetyl salicylic acid hypersensitivity in mastocytosis: The results of a double-blind, placebo-controlled challenge study.",Allergy,2018 Oct,2018,post-2017 (2017 international classification),clinical_study,191,,,,,,,years,male,False,False,True,False,,,flushing; urticaria; anaphylaxis; fatigue; headache_migraine; medication_sensitivity,mastocytosis,rule_based_v2,2026-04-16T20:42:09.789132
PMC6159113,10.1259/bjrcr.20170091,Two cases of mimics of bone metastasis in breast cancer.,BJR Case Rep,2018,2018,post-2017 (2017 international classification),case_report,1,57,,"4 Case 1A 57-year-old female was referred to Oncology for consideration of adjuvant treatment following right breast wide local excision with sentinel lymph node biopsy in August 2011 for Grade 2, lymph node-negative, ER-positive and HER2-negative invasive ductal carcinoma.",,57,middle aged (45-59),years,female,False,False,True,False,,,urticaria,mastocytosis,rule_based_v2,2026-04-16T20:42:10.754471
PMC6147426,10.1371/journal.pone.0203671,Anisakis sensitization in different population groups and public health impact: A systematic review.,PLoS One,2018,2018,post-2017 (2017 international classification),clinical_study,16,3,,"Humans can become accidental non-permissive hosts of the Anisakis parasite by eating parasitized raw or undercooked fish containing larvae in stage 3 [6,7].",,3,early childhood (1-4),years,,False,False,True,False,,,urticaria; anaphylaxis; gi_symptoms,mastocytosis,rule_based_v2,2026-04-16T20:42:11.851304
PMC6157556,10.1136/bcr-2018-224689,Mast cell deposition and activation may be a new explanation for epiploic appendagitis.,BMJ Case Rep,2018 Sep 23,2018,post-2017 (2017 international classification),animal_study,660,40,,"Case presentationA 40-year-old Caucasian woman with a history of migraines, gastro-oesophageal reflux, nausea, IBS-diarrhoea and many other idiopathic syndromes suffered with constant abdominal pain with episodic attacks of severe abdominal pain over the past year.",,40,adult (30-44),years,female,True,True,True,True,Beighton,5,joint_hypermobility; subluxations_dislocations; chronic_pain; tachycardia; syncope; flushing; urticaria; skin_hyperextensibility; fatigue; gi_symptoms; headache_migraine,hEDS; hypermobile EDS; JHS; POTS; postural tachycardia syndrome; MCAS; MCAD; mast cell activation syndrome; mastocytosis,rule_based_v2,2026-04-16T20:42:12.908225
PMC6132108,10.1002/ccr3.1607,Diffuse cutaneous mastocytosis with novel somatic KIT mutation K509I and association with tuberous sclerosis.,Clin Case Rep,2018 Sep,2018,post-2017 (2017 international classification),case_report,1,,neonate,"2CASEA four-month-old male infant was referred to an emergency department from his pediatrician's office with fever, irritability, and bullous skin lesions covering a third of the body surface area without mucosal involvement.",0-28 days,0,infant (<1),years,male,False,False,True,False,,,flushing; gi_symptoms,MCAD; mastocytosis,rule_based_v2,2026-04-16T20:42:13.937203
PMC6057401,10.1155/2018/6928571,Aggressive Systemic Mastocytosis in Association with Pure Red Cell Aplasia.,Case Rep Hematol,2018,2018,post-2017 (2017 international classification),case_report,1,64,,"Patient's Symptoms/HistoryA 64-year-old white male, with past medical history of depression, presented with progressive weakness, unintentional weight loss, and exercise intolerance since past 1 month.",,64,older adult (60-74),years,male,False,False,True,False,,,anaphylaxis; gi_symptoms,mastocytosis,rule_based_v2,2026-04-16T20:42:14.931293
PMC6002427,10.1007/s12016-017-8619-2,Mastocytosis: from a Molecular Point of View.,Clin Rev Allergy Immunol,2018 Jun,2018,post-2017 (2017 international classification),animal_study,1,61,,The typical mastocytosis of childhood is usually cutaneous and transient whereas in adulthood the systemic form is more common [7].,,61,older adult (60-74),years,,False,False,True,False,,,tachycardia; syncope; flushing; urticaria; anaphylaxis; gi_symptoms; headache_migraine,MCAS; MCAD; mast cell activation syndrome; mastocytosis,rule_based_v2,2026-04-16T20:42:16.057578
PMC5987329,10.1155/2018/8920921,Management of a Parturient with Mast Cell Activation Syndrome: An Anesthesiologist's Experience.,Case Rep Anesthesiol,2018,2018,post-2017 (2017 international classification),case_report,1,24,,CaseA 24-year-old female G3P2 was admitted for induction of labor at 39 weeks' gestation.,,24,young adult (18-29),years,female,False,False,True,False,,,urticaria; anaphylaxis; gi_symptoms,MCAS; mast cell activation syndrome,rule_based_v2,2026-04-16T20:42:17.096053
PMC5881244,10.3389/fped.2018.00073,Idiopathic Mast Cell Activation Syndrome With Associated Salicylate Intolerance.,Front Pediatr,2018,2018,post-2017 (2017 international classification),case_report,1,13,,We present a 13-year-old boy who suffered from a multitude of unspecific complaints over a long period of time.,,13,adolescent (12-17),years,male,False,False,True,False,,,chronic_pain; tachycardia; syncope; flushing; urticaria; fatigue; gi_symptoms; headache_migraine,MCAD; mast cell activation syndrome; mastocytosis,rule_based_v2,2026-04-16T20:42:19.213719
PMC5739150,10.1016/j.jdcr.2017.09.038,"Clinical and molecular categorization of progressive, adult-onset cutaneous mastocytosis.",JAAD Case Rep,2018 Jan,2018,post-2017 (2017 international classification),case_report,1,64,,"Here we present a case of a 64-year-old woman diagnosed with cutaneous mastocytosis (CM), specifically urticaria pigmentosa (UP), initially localized to an area treated with radiotherapy that subsequently progressed to indolent systemic mastocytosis (SM).",,64,older adult (60-74),years,female,False,False,True,False,,,flushing; urticaria; anaphylaxis,mastocytosis,rule_based_v2,2026-04-16T20:42:21.872790
PMC6652450,10.1093/rap/rkx014.002,13. Pain in joint hypermobility syndrome.,Rheumatol Adv Pract,2017 Oct,2017,2017 (transition year),case_report,1,36,,"Case description: Ms H, a 36 year old lady presented with an eight month history of widespread joint pain.",,36,adult (30-44),years,female,True,False,False,False,Beighton,8,joint_hypermobility; subluxations_dislocations; chronic_pain; orthostatic_intolerance; headache_migraine,JHS,rule_based_v2,2026-04-16T20:41:04.266768
PMC6159307,10.1259/bjrcr.20160037,"Transvaginal ultrasound-guided aspiration of an anterior sacral meningocele masquerading as a hydrosalpinx, resulting in abscess formation.",BJR Case Rep,2017,2017,2017 (transition year),case_report,1,42,,"Clinical presentationA 42-year-old patient with Marfan’s syndrome and a metallic aortic valve replacement presented to the gynaecologists with left-sided pelvic and back pain, and dysmenorrhoea.",,42,adult (30-44),years,female,True,False,False,False,,,headache_migraine,,rule_based_v2,2026-04-16T20:41:04.359807
PMC5773269,10.7759/cureus.1828,Visceroptosis and the Ehlers-Danlos Syndrome.,Cureus,2017 Nov 8,2017,2017 (transition year),case_report,1,,,My childhood was very active.,,,,years,male,True,True,False,False,,,joint_hypermobility; chronic_pain; tachycardia; skin_hyperextensibility; fatigue; gi_symptoms; neuropathy,EDS hypermobility type; JHS; dysautonomia,rule_based_v2,2026-04-16T20:41:04.448629
PMC5747760,10.1136/bcr-2017-220786,Fulminant myocardial bleeding: another clinical course of vascular Ehlers-Danlos Syndrome.,BMJ Case Rep,2017 Sep 23,2017,2017 (transition year),case_report,1,30,,Case presentationA 30-year-old man with chest pain was referred to our institute.,,30,adult (30-44),years,male,True,False,False,False,,,,,rule_based_v2,2026-04-16T20:41:04.452519
PMC5675945,10.2169/internalmedicine.8758-16,Mobile Cecum in a Young Woman with Ehlers-Danlos Syndrome Hypermobility type: A Case Report and Review of the Literature.,Intern Med,2017 Oct 15,2017,2017 (transition year),case_report,1,21,,A 21-year-old woman with repeated right lower abdominal pain was initially diagnosed with EDS-HT.,,21,young adult (18-29),years,female,True,True,False,False,Villefranche; Brighton; Beighton,5,joint_hypermobility; chronic_pain; orthostatic_intolerance; tachycardia; skin_hyperextensibility; fatigue; gi_symptoms; headache_migraine; palpitations,EDS hypermobility type; JHS; POTS; postural tachycardia syndrome,rule_based_v2,2026-04-16T20:41:04.455476
PMC5530413,10.1155/2017/2081725,Spontaneous Diaphragmatic Rupture in Hypermobile Type Ehlers-Danlos Syndrome.,Case Rep Surg,2017,2017,2017 (transition year),case_report,1,27,,"Case Description A 27-year-old woman with EDS type III, depression, gastroesophageal reflux, and hypothyroid disease was transferred to our institution with a four-day history of left chest and left upper quadrant abdominal pain.",,27,young adult (18-29),years,female,True,False,False,False,,,joint_hypermobility; skin_hyperextensibility; easy_bruising; gi_symptoms,EDS type III; hypermobile EDS,rule_based_v2,2026-04-16T20:41:04.460169
PMC5538080,10.1002/ccr3.1046,Ehlers-Danlos hypermobility type in an adult with chronic pain and fatigue: a case study.,Clin Case Rep,2017 Aug,2017,2017 (transition year),case_report,1,40,,"Our patient was a 40-year-old female with chronic joint pain, fatigue, headaches and GI complaints.",,40,adult (30-44),years,female,True,True,True,True,Beighton,5,joint_hypermobility; subluxations_dislocations; chronic_pain; skin_hyperextensibility; easy_bruising; fatigue; gi_symptoms; headache_migraine; neuropathy,EDS hypermobility type; JHS; POTS,rule_based_v2,2026-04-16T20:41:04.462804
PMC5458014,10.1002/ccr3.953,Surgical and medical treatment of ocular disease in a dog with Ehlers-Danlos syndrome.,Clin Case Rep,2017 Jun,2017,2017 (transition year),case_report,1,3,,"Key Clinical MessageCorrectional surgery was performed on a 3-year-old intact male shih tzu presenting with Ehlers-Danlos syndrome, ocular disease, and skin fold dermatitis.",,3,early childhood (1-4),years,male,True,False,False,False,,,subluxations_dislocations; skin_hyperextensibility,,rule_based_v2,2026-04-16T20:41:04.465615
PMC5396425,10.1155/2017/8450538,Atraumatic Acromioclavicular Dislocation: A Case Report and Review of the Literature.,Case Rep Orthop,2017,2017,2017 (transition year),case_report,1,17,,We report on a 17-year-old female that presented with voluntary recurrent dislocation of the right AC joint followed by recurrent pain without instability of the ipsilateral shoulder.,,17,adolescent (12-17),years,female,True,False,False,False,Beighton,,joint_hypermobility; subluxations_dislocations; chronic_pain; palpitations,,rule_based_v2,2026-04-16T20:41:04.475397
PMC5258806,10.1007/s10897-016-0029-8,A Review of the Genetics of Intracranial Berry Aneurysms and Implications for Genetic Counseling.,J Genet Couns,2017 Feb,2017,2017 (transition year),clinical_study,2196,41,,"(2016) found intracranial aneurysms in 12 individuals, seven of whom had vascular EDS, from a chart review of 99 EDS patients (mean age 41.",,41,adult (30-44),years,,True,False,False,False,2015 POTS consensus; MCAS consensus criteria,,,,rule_based_v2,2026-04-16T20:41:04.489796
PMC5414293,10.1186/s12916-017-0850-4,Application of real-time global media monitoring and 'derived questions' for enhancing communication by regulatory bodies: the case of human papillomavirus vaccines.,BMC Med,2017 May 2,2017,2017 (transition year),case_report,1,10,,,,10,childhood (5-11),years,female,False,True,False,False,,,tachycardia; fatigue; medication_sensitivity,POTS; postural tachycardia syndrome,rule_based_v2,2026-04-16T20:41:06.025162
PMC5209415,10.1007/s40264-016-0456-3,Current Safety Concerns with Human Papillomavirus Vaccine: A Cluster Analysis of Reports in VigiBase(®).,Drug Saf,2017 Jan,2017,2017 (transition year),case_report,694,9,,"Using proportional reporting ratios, the combination of headache and dizziness with either fatigue or syncope was found to be more commonly reported in HPV vaccine reports compared with non-HPV vaccine reports for females aged 9-25 years.",,9,childhood (5-11),years,,False,True,False,False,,,chronic_pain; orthostatic_intolerance; tachycardia; syncope; fatigue; gi_symptoms; headache_migraine; neuropathy; palpitations,POTS; postural tachycardia syndrome,rule_based_v2,2026-04-16T20:41:06.048491
PMC5946163,10.12688/f1000research.13343.1,Case Report: Treatment of systemic mastocytosis with sunitinib.,F1000Res,2017,2017,2017 (transition year),animal_study,1,58,,"Case presentationA 58-year-old man presented to our
Interdisciplinary Multicenter Research Group for Systemic Mast Cell Diseases for therapy of his progressive aggressive systemic mastocytosis (ASM,
Table S1 and
Table S2), diagnosed according to the WHO criteria (
Table S3), which remained significa...",,58,middle aged (45-59),years,male,False,False,True,False,,,fatigue; medication_sensitivity,MCAD; mast cell activation syndrome; mastocytosis,rule_based_v2,2026-04-16T20:42:18.102217
PMC5727626,10.1155/2017/9249302,Myelodysplasia and Mast Cell Leukemia with t(9;22).,Case Rep Oncol Med,2017,2017,2017 (transition year),case_report,1,80,,Case Report An 80-year-old female presented with pancytopenia and was diagnosed with MDS.,,80,elderly (75+),years,female,False,False,True,False,,,syncope; fatigue; gi_symptoms,mastocytosis,rule_based_v2,2026-04-16T20:42:20.333349
PMC5715414,10.1002/ccr3.1232,Multiple large osteolytic lesions in a patient with systemic mastocytosis: a challenging diagnosis.,Clin Case Rep,2017 Dec,2017,2017 (transition year),case_report,1,,,,,,,years,,False,False,True,False,,,,mastocytosis,rule_based_v2,2026-04-16T20:42:22.890397
PMC5637574,10.12659/ajcr.905759,Systemic Mastocytosis in Association with Small Lymphocytic Lymphoma.,Am J Case Rep,2017 Oct 3,2017,2017 (transition year),clinical_study,33,59,,Case ReportA 59-year-old Caucasian female presented with constitutional symptoms and a skin rash associated with intractable itching.,,59,middle aged (45-59),years,female,False,False,True,False,,,chronic_pain; flushing; urticaria; anaphylaxis; gi_symptoms,mastocytosis,rule_based_v2,2026-04-16T20:42:23.894951
PMC5640882,10.3389/fped.2017.00215,Mucinous Cystadenoma: A Rare Hepatic Tumor in a Child.,Front Pediatr,2017,2017,2017 (transition year),case_report,22,6,,"Herein, we present a MCA in a 6-year-old male, one of only very few such cases described in the pediatric literature to date.",,6,childhood (5-11),years,male,False,False,True,False,,,gi_symptoms,MCAS,rule_based_v2,2026-04-16T20:42:24.891787
PMC5620310,10.18632/oncotarget.10711,Imatinib in systemic mastocytosis: a phase IV clinical trial in patients lacking exon 17 KIT mutations and review of the literature.,Oncotarget,2017 Sep 15,2017,2017 (transition year),case_report,10,37,,The remainder patient was a 37 year-old male with neither mastocytosis skin lesions nor MC-mediator release symptoms who had a 5-year history of sustained eosinophilia and increased serum tryptase (sT) levels.,,37,adult (30-44),years,female,False,False,True,False,,,flushing; anaphylaxis; gi_symptoms,MCAD; mastocytosis,rule_based_v2,2026-04-16T20:42:26.118049
PMC5589409,10.1016/j.jaip.2017.06.031,Fatal Anaphylaxis: Mortality Rate and Risk Factors.,J Allergy Clin Immunol Pract,2017 Sep-Oct,2017,2017 (transition year),clinical_study,2013147,50,,04% of total anaphylaxis cases) Pharmacovigilance DatabaseNot calculatedMean age 59Male > femaleNot statedMale gender Hypertension and cardiovascular comorbiditiesObesityBeta-blocker useReitter et al 201413United KingdomNational fatal anaphylaxis registry1992-2012479 total263 drugs (55% of total) IC...,,50,middle aged (45-59),years,female,False,False,True,False,MCAS consensus criteria,,anaphylaxis; medication_sensitivity,mastocytosis,rule_based_v2,2026-04-16T20:42:27.333471
PMC5467965,10.1177/2050313X17713912,Angioedema: Perioperative management.,SAGE Open Med Case Rep,2017,2017,2017 (transition year),case_report,1,66,,Methods:A 66-year-old Caucasian male presented from an outside hospital with a history of acquired angioedema and gastrointestinal stromal tumor-related intractable urticaria and mastocytosis.,,66,older adult (60-74),years,male,False,False,True,False,,,chronic_pain; flushing; urticaria; gi_symptoms,mastocytosis,rule_based_v2,2026-04-16T20:42:28.631540
PMC5428180,10.1177/1179545X17700858,Acute Myeloid Leukemia With Inv(16)(p13q22) Associated With Hidden Systemic Mastocytosis: Case Report and Review of Literature.,Clin Med Insights Blood Disord,2017,2017,2017 (transition year),case_report,20,30,,"Herein, we report a case of a 30-year-old man diagnosed with AML with inv(16)(p13;q22) CBFB:MYH11.",,30,adult (30-44),years,male,False,False,True,False,,,fatigue; gi_symptoms,mastocytosis,rule_based_v2,2026-04-16T20:42:29.629882
PMC5451335,10.3324/haematol.2017.163964,The clinical and molecular diversity of mast cell leukemia with or without associated hematologic neoplasm.,Haematologica,2017 Jun,2017,2017 (transition year),case_report,28,2,,,,2,early childhood (1-4),years,male,False,False,True,False,,,,mastocytosis,rule_based_v2,2026-04-16T20:42:30.639198
PMC5419203,10.4084/MJHID.2017.033,Morphologic Confounders and CD19 Negativity in a Case of Hairy Cell Leukemia.,Mediterr J Hematol Infect Dis,2017,2017,2017 (transition year),case_report,1,69,,Case ReportClinical historyA 69-year-old male with no known co-morbidities presented with complaints of breathlessness on exertion for 15 days.,,69,older adult (60-74),years,male,False,False,True,False,,,tachycardia,mastocytosis,rule_based_v2,2026-04-16T20:42:31.566007
PMC5402659,10.1186/s13256-017-1278-3,Continuous diphenhydramine infusion and imatinib for KIT-D816V-negative mast cell activation syndrome: a case report.,J Med Case Rep,2017 Apr 24,2017,2017 (transition year),clinical_study,14,18,,Case presentationAn 18-year-old white girl presented with a flare of mast cell activation syndrome and received epinephrine and steroids.,,18,young adult (18-29),years,female,False,False,True,False,,,syncope; flushing; urticaria; anaphylaxis; gi_symptoms,MCAS; MCAD; mast cell activation syndrome; mastocytosis,rule_based_v2,2026-04-16T20:42:32.579314
PMC5402055,10.1186/s13223-017-0193-x,Systemic mastocytosis with KIT V560G mutation presenting as recurrent episodes of vascular collapse: response to disodium cromoglycate and disease outcome.,Allergy Asthma Clin Immunol,2017,2017,2017 (transition year),animal_study,123,15,,"Case presentationA 15-year old boy was referred to our hospital because of repeated episodes of flushing, hypotension and syncope since the age of 3-years, preceded by skin lesions compatible with mastocytosis on histopathology that had disappeared in the late-early childhood.",,15,adolescent (12-17),years,male,False,False,True,False,MCAS consensus criteria,,tachycardia; syncope; flushing; urticaria; anaphylaxis; fatigue; gi_symptoms; headache_migraine,MCAS; MCAD; mastocytosis,rule_based_v2,2026-04-16T20:42:33.670881
PMC5340655,10.14309/crj.2017.30,Systemic Mastocytosis Complicated by Non-Cirrhotic Portal Hypertension and Variceal Bleeding.,ACG Case Rep J,2017,2017,2017 (transition year),case_report,24,82,,"1,2 Case ReportAn 82-year-old woman presented to the emergency department with maroon-colored stool.",,82,elderly (75+),years,female,False,False,True,False,,,gi_symptoms,mastocytosis,rule_based_v2,2026-04-16T20:42:35.567831
PMC5311425,10.1016/j.jdcr.2016.11.004,Intertriginous maculopapular mastocytosis in a patient with acute myeloid leukemia.,JAAD Case Rep,2017 Jan,2017,2017 (transition year),case_report,6,68,,"CaseA 68-year-old woman presented with a 1-year history of slowly developing asymptomatic persistent exanthema in the intertriginous areas, affecting first the axillae and then months later the groins and submammary region.",,68,older adult (60-74),years,female,False,False,True,False,MCAS consensus criteria,,,mastocytosis,rule_based_v2,2026-04-16T20:42:36.460769
PMC5097948,10.1016/j.ajhg.2016.08.019,"Periodontal Ehlers-Danlos Syndrome Is Caused by Mutations in C1R and C1S, which Encode Subcomponents C1r and C1s of Complement.",Am J Hum Genet,2016 Nov 3,2016,pre-2017 (Villefranche/Brighton era),clinical_study,1,80,,"Sections were examined by transmission electron microscopy (Phillips EM 400, FEI Company Electron Optics; operating voltage 80 kV) as described.",,80,elderly (75+),years,,True,False,False,False,,,joint_hypermobility; flushing; skin_hyperextensibility; easy_bruising,EDS type III; JHS,rule_based_v2,2026-04-16T20:41:04.478684
PMC5226192,10.14309/crj.2016.159,Congenital Chylous Ascites and Ehlers-Danlos Syndrome Type VI.,ACG Case Rep J,2016 Aug,2016,pre-2017 (Villefranche/Brighton era),case_report,1,,neonate,"1,2 In children, neonatal or infant chyloperitoneum occurs most often as an iatrogenic disruption of the thoracic duct from surgery or mass effect.",0-28 days,0,infant (<1),years,male,True,False,False,False,,,joint_hypermobility; skin_hyperextensibility,,rule_based_v2,2026-04-16T20:41:04.501961
PMC5096520,10.1097/GOX.0000000000001036,Collagenopathies-Implications for Abdominal Wall Reconstruction: A Systematic Review.,Plast Reconstr Surg Glob Open,2016 Oct,2016,pre-2017 (Villefranche/Brighton era),animal_study,8,,neonate,,0-28 days,0,infant (<1),years,,True,False,False,False,,,skin_hyperextensibility,,rule_based_v2,2026-04-16T20:41:04.505793
PMC5088665,10.1186/s13256-016-1087-0,Next-generation sequencing and a novel COL3A1 mutation associated with vascular Ehlers-Danlos syndrome with severe intestinal involvement: a case report.,J Med Case Rep,2016 Oct 31,2016,pre-2017 (Villefranche/Brighton era),review_or_study,1,38,,Case presentationWe present a case of a 38-year-old Italian woman who was diagnosed as having the vascular type of Ehlers-Danlos syndrome.,,38,adult (30-44),years,female,True,False,False,False,Villefranche,,joint_hypermobility; skin_hyperextensibility; easy_bruising,EDS type III; JHS,rule_based_v2,2026-04-16T20:41:04.515230
PMC4932739,10.1186/s12888-016-0922-6,Nationwide population-based cohort study of psychiatric disorders in individuals with Ehlers-Danlos syndrome or hypermobility syndrome and their siblings.,BMC Psychiatry,2016 Jul 4,2016,pre-2017 (Villefranche/Brighton era),clinical_study,253,,child,ASD was also identified via the Clinical Registry for Child and Adolescent Psychiatry in Stockholm County [16] (ICD-10: F84 and DSM-IV: 299).,3-12 years,7.5,childhood (5-11),years,,True,False,False,False,Villefranche; Beighton,,joint_hypermobility; chronic_pain,JHS; HSD,rule_based_v2,2026-04-16T20:41:04.520471
PMC4887635,10.1155/2016/9314297,Hemodynamic Instability after Low-Energy Thigh Contusion Caused by Injury to the Femoral Artery: A Case Report and Literature Review.,Case Rep Orthop,2016,2016,pre-2017 (Villefranche/Brighton era),case_report,1,20,,"Approximately 25% of patients experience the first complication by the age of 20, while 80% have at least one complication by the age of 40 [12].",,20,young adult (18-29),years,male,True,False,False,False,,,gi_symptoms,,rule_based_v2,2026-04-16T20:41:04.536765
PMC4782065,10.1093/jscr/rjw026,Blunt aortic trauma in a patient with the Ehlers-Danlos syndrome type VI.,J Surg Case Rep,2016 Mar 7,2016,pre-2017 (Villefranche/Brighton era),case_report,1,24,,A 24-year-old male with the Ehlers-Danlos syndrome (EDS) type VI (ocular scoliotic) who was kicked in the abdomen presented to the emergency room (ER) with abdominal pain.,,24,young adult (18-29),years,male,True,False,False,False,,,joint_hypermobility; tachycardia; skin_hyperextensibility; gi_symptoms,EDS type III,rule_based_v2,2026-04-16T20:41:04.538655
PMC4748196,10.14309/crj.2016.14,Perisigmoid Abscess Leading to a Diagnosis of Ehlers-Danlos Syndrome Type IV.,ACG Case Rep J,2016 Jan,2016,pre-2017 (Villefranche/Brighton era),case_report,1,15,,"2
 Case ReportA 15-year-old adolescent boy with a suspected bleeding disorder presented with a 4-day history of intermittent suprapubic pain, constipation, decreased appetite, and low-grade fevers.",,15,adolescent (12-17),years,male,True,False,False,False,Villefranche,,joint_hypermobility; easy_bruising; gi_symptoms,EDS type III; JHS,rule_based_v2,2026-04-16T20:41:04.540644
PMC4930805,10.1155/2016/8542158,Cooccurrence of Postural Orthostatic Tachycardia Syndrome with Two Different Clinical Entities.,Case Rep Pediatr,2016,2016,pre-2017 (Villefranche/Brighton era),animal_study,1,13,,"In our report, the first case was a 13-year-old female who has been followed up for diagnosis of homocystinuria.",,13,adolescent (12-17),years,female,False,True,False,False,,,orthostatic_intolerance; tachycardia; syncope; neuropathy,POTS; postural tachycardia syndrome,rule_based_v2,2026-04-16T20:41:06.057305
PMC5323235,10.18632/oncotarget.11812,Mast cell sarcoma: new cases and literature review.,Oncotarget,2016 Oct 4,2016,pre-2017 (Villefranche/Brighton era),case_report,23,100,,"This could suggest that careful clinical long-term follow-up of children and young adults with mastocytosis is necessary and may include examinations of the head, ears and skull for the children.",,100,elderly (75+),years,female,False,False,True,False,,,tachycardia; flushing; urticaria; gi_symptoms,MCAS; MCAD; mastocytosis,rule_based_v2,2026-04-16T20:42:34.679185
PMC5209625,10.1155/2016/8163803,IgE-Related Chronic Diseases and Anti-IgE-Based Treatments.,J Immunol Res,2016,2016,pre-2017 (Villefranche/Brighton era),clinical_study,143,20,,Phenotyping studies have identified an early-onset allergic Th2-asthma phenotype (usually during preadolescence) and several late-onset Th2-related phenotypes (often at the age of 20 or later).,,20,young adult (18-29),years,,False,False,True,False,,,urticaria; anaphylaxis; gi_symptoms,mastocytosis,rule_based_v2,2026-04-16T20:42:37.533974
PMC5121168,10.1007/s40521-016-0103-3,"Mast Cell Clonal Disorders: Classification, Diagnosis and Management.",Curr Treat Options Allergy,2016,2016,pre-2017 (Villefranche/Brighton era),review_or_study,1,,child,"Adults more often suffer from SM, whereas children mainly suffer from CM.",3-12 years,7.5,childhood (5-11),years,male,False,False,True,False,,,flushing; urticaria; anaphylaxis; fatigue; gi_symptoms,mast cell activation syndrome; mastocytosis,rule_based_v2,2026-04-16T20:42:38.564377
PMC5123301,10.1186/s13601-016-0117-8,4th Pediatric Allergy and Asthma Meeting (PAAM).,Clin Transl Allergy,2016,2016,pre-2017 (Villefranche/Brighton era),animal_study,8,6,,"Tolga Yavuz, Ozan Koc, Ali Gungor, Faysal GokCS02 Multi-System Allergy (MSA) of cystic fibrosis: our institutional experienceJessica Hawley, Christopher O’Brien, Matthew Thomas, Malcolm Brodlie, Louise MichaelisCS03 Cold urticaria in pediatric age: an invisible cause for severe reactionsInês Mota, Â...",,6,childhood (5-11),years,male,False,False,True,False,,,orthostatic_intolerance; tachycardia; syncope; flushing; urticaria; anaphylaxis; gi_symptoms; headache_migraine; medication_sensitivity,MCAD; mastocytosis,rule_based_v2,2026-04-16T20:42:40.060495
PMC5126489,10.14309/crj.2016.125,Systemic Mastocytosis Causing Refractory Pruritus in a Liver Disease Patient.,ACG Case Rep J,2016 Aug,2016,pre-2017 (Villefranche/Brighton era),case_report,14,23,,"We discuss a 23-year-old woman with refractory pruritus, which was initially attributed to primary sclerosing cholangitis but had a nonresponse to antihistaminics, ursodiol, and cholestyramine.",,23,young adult (18-29),years,female,False,False,True,False,,,flushing; urticaria; anaphylaxis; gi_symptoms,mastocytosis,rule_based_v2,2026-04-16T20:42:41.300900
PMC5112577,10.12688/f1000research.9565.1,Advances in the understanding and clinical management of mastocytosis and clonal mast cell activation syndromes.,F1000Res,2016,2016,pre-2017 (Villefranche/Brighton era),case_report,1,23,,,,23,young adult (18-29),years,,False,False,True,False,MCAS consensus criteria,,flushing; urticaria; anaphylaxis; gi_symptoms; headache_migraine,MCAS; MCAD; mast cell activation syndrome; mastocytosis,rule_based_v2,2026-04-16T20:42:42.386162
PMC5097803,10.1155/2016/9013520,A Dog Is a Doctor's Best Friend: The Use of a Service Dog as a Perioperative Assistant.,Case Rep Pediatr,2016,2016,pre-2017 (Villefranche/Brighton era),case_report,1,6,,We review a case involving a 6-year-old female with a history of mast cell mediator release and immediate hypersensitivity due to the urticaria pigmentosa variant of cutaneous mastocytosis who underwent a cystourethroscopy.,,6,childhood (5-11),years,female,False,False,True,False,,,flushing; urticaria; fatigue; medication_sensitivity,mastocytosis,rule_based_v2,2026-04-16T20:42:43.297880
PMC5062667,10.14309/crj.2016.67,Ileal Pouch Biopsy Triggers Investigation and Diagnosis of Systemic Mastocytosis.,ACG Case Rep J,2016 Aug,2016,pre-2017 (Villefranche/Brighton era),case_report,24,44,,We report a unique case of systemic mastocytosis (SM) diagnosed in an ileal pouch biopsy obtained from a 44-year-old woman with ulcerative colitis.,,44,adult (30-44),years,female,False,False,True,False,,,urticaria; gi_symptoms,mastocytosis,rule_based_v2,2026-04-16T20:42:44.169913
PMC5064901,10.1186/s13256-016-1066-5,"A unique presentation of pulmonary disease in advanced systemic mastocytosis, proven by the presence of mast cells in bronchoalveolar lavage: a case report.",J Med Case Rep,2016 Oct 13,2016,pre-2017 (Villefranche/Brighton era),case_report,1,26,,"Case presentationThe patient, a 26-year-old Caucasian woman, presented to our hematology department after a routine laboratory investigation revealed normocytic anemia with increased myeloid precursor cells, including 5 % blasts.",,26,young adult (18-29),years,female,False,False,True,False,,,flushing; fatigue; gi_symptoms; headache_migraine; neuropathy,MCAD; mastocytosis,rule_based_v2,2026-04-16T20:42:45.081187
PMC5014939,10.1155/2016/5169056,FLAIR Hyperintense Vessel Sign of Both MCAs with Severe Heart Failure.,Case Rep Neurol Med,2016,2016,pre-2017 (Villefranche/Brighton era),case_report,1,75,,A 75-year-old woman presented with suddenly developed gait disturbance.,,75,elderly (75+),years,female,False,False,True,False,,,mitral_valve_prolapse,MCAS,rule_based_v2,2026-04-16T20:42:46.002304
PMC5014931,10.1155/2016/4158567,"A 26-Year-Old Female with Systemic Mastocytosis with Associated Myeloid Neoplasm with Eosinophilia and Abnormalities of PDGFRB, t(4;5)(q21;q33).",Case Rep Hematol,2016,2016,pre-2017 (Villefranche/Brighton era),case_report,3,26,,"We present the case of a 26-year-old woman with microcytic anemia, basophilia, thrombocytosis, and massive splenomegaly, who was found to have systemic mastocytosis and associated clonal hematological non-mast cell lineage disease (SM-AHNMD), with myeloid neoplasm with PRKG2/PDGFRB rearrangement.",,26,young adult (18-29),years,female,False,False,True,False,,,urticaria; fatigue; gi_symptoms,mastocytosis,rule_based_v2,2026-04-16T20:42:47.301920
PMC4998476,10.1097/MD.0000000000003901,Mastocytosis among elderly patients: A multicenter retrospective French study on 53 patients.,Medicine (Baltimore),2016 Jun,2016,pre-2017 (Villefranche/Brighton era),case_report,53,70,,"Only 1 report has focused on a cohort of elderly patients, aged 70 years and older at the time of diagnosis.",,70,older adult (60-74),years,,False,False,True,False,,,flushing; urticaria; gi_symptoms,MCAD; mastocytosis,rule_based_v2,2026-04-16T20:42:48.282728
PMC4945533,10.5217/ir.2016.14.3.280,Chronic intractable diarrhea caused by gastrointestinal mastocytosis.,Intest Res,2016 Jul,2016,pre-2017 (Villefranche/Brighton era),case_report,47,70,,The patient was a 70-year-old male with chronic intractable diarrhea for 3 months; the cause of the diarrhea remained obscure even after exhaustive evaluation.,,70,older adult (60-74),years,male,False,False,True,False,,,chronic_pain; gi_symptoms; medication_sensitivity,mastocytosis,rule_based_v2,2026-04-16T20:42:49.202452
PMC4903110,10.1007/s00210-016-1247-1,Pharmacological treatment options for mast cell activation disease.,Naunyn Schmiedebergs Arch Pharmacol,2016 Jul,2016,pre-2017 (Villefranche/Brighton era),animal_study,1,,child,,3-12 years,7.5,childhood (5-11),years,,False,False,True,False,MCAS consensus criteria,,tachycardia; flushing; anaphylaxis; gi_symptoms; neuropathy; medication_sensitivity,MCAS; MCAD; mast cell activation syndrome; mastocytosis,rule_based_v2,2026-04-16T20:42:50.402285
PMC4884845,10.1155/2016/3161768,Systemic Mastocytosis with Smoldering Multiple Myeloma: Report of a Case.,Case Rep Oncol Med,2016,2016,pre-2017 (Villefranche/Brighton era),clinical_study,66,59,,Case PresentationA 59-year-old male with a known history of ISM incidentally found on pathologic review after surgery for osteoarthritis was referred to the hematology clinic for evaluation of suspected monoclonal gammopathy.,,59,middle aged (45-59),years,male,False,False,True,False,MCAS consensus criteria,,flushing; urticaria; fatigue; gi_symptoms,mastocytosis,rule_based_v2,2026-04-16T20:42:51.456597
PMC4856249,10.1002/ccr3.551,A child with mastocytosis and lymphomatoid papulosis.,Clin Case Rep,2016 May,2016,pre-2017 (Villefranche/Brighton era),case_report,1,,child,"Whereas adult mastocytosis is almost always a systemic disease with a clonal proliferation of neoplastic MCs caused by the somatic KIT D816V mutation, pediatric mastocytosis is mostly limited to the skin and 80-90% of affected children exhibit a spontaneous remission before puberty 2.",3-12 years,7.5,childhood (5-11),years,,False,False,True,False,,,,mastocytosis,rule_based_v2,2026-04-16T20:42:52.368196
PMC4852953,10.1093/jscr/rjw063,Osteoporotic spinal burst fracture in a young adult as first presentation of systemic mastocytosis.,J Surg Case Rep,2016 May 2,2016,pre-2017 (Villefranche/Brighton era),case_report,75,30,,A previously healthy 30-year-old man presented with an L4 burst fracture after lifting a heavy object.,,30,adult (30-44),years,male,False,False,True,False,,,,mastocytosis,rule_based_v2,2026-04-16T20:42:53.266884
PMC4771862,10.1002/ccr3.505,Systemic mastocytosis presenting as cardiac tamponade with CD25(+) pericardial mast cells.,Clin Case Rep,2016 Mar,2016,pre-2017 (Villefranche/Brighton era),case_report,1,,,,,,,years,,False,False,True,False,,,,mastocytosis,rule_based_v2,2026-04-16T20:42:54.207931
PMC4721669,10.1371/journal.pone.0146924,Pregnancy and Delivery in Patients with Mastocytosis Treated at the Polish Center of the European Competence Network on Mastocytosis (ECNM).,PLoS One,2016,2016,pre-2017 (Villefranche/Brighton era),review_or_study,17,,neonate,"Four patients delivered preterm, including one delivery due to preeclampsia at 26 weeks which resulted with neonate death due to extreme prematurity.",0-28 days,0,infant (<1),years,female,False,False,True,False,,,flushing; urticaria; anaphylaxis; fatigue; gi_symptoms; medication_sensitivity,mastocytosis,rule_based_v2,2026-04-16T20:42:56.248799
PMC4699009,10.1155/2015/583570,Allergy to Prolene Sutures in a Dural Graft for Chiari Decompression.,Case Rep Med,2015,2015,pre-2017 (Villefranche/Brighton era),case_report,5,27,,"A 27-year-old girl with suspected Ehlers-Danlos, connective tissue disorder, underwent posterior fossa decompression for Chiari Type 1 malformation.",,27,young adult (18-29),years,female,True,False,False,False,,,chronic_pain; urticaria; gi_symptoms; headache_migraine; chiari,,rule_based_v2,2026-04-16T20:41:04.542837
PMC4549537,10.1155/2015/680252,Complex Scapular Winging following Total Shoulder Arthroplasty in a Patient with Ehlers-Danlos Syndrome.,Case Rep Orthop,2015,2015,pre-2017 (Villefranche/Brighton era),case_report,1,45,,"Case ReportThe patient is a 45-year-old right-hand-dominant female (height: 180 cm; weight: 68 kg; BMI: 21) who presented to our clinic on April 25, 2013, with a chief complaint of moderate-to-severe right shoulder pain.",,45,middle aged (45-59),years,female,True,False,False,False,,,joint_hypermobility; chronic_pain; neuropathy,EDS type III; hypermobile EDS,rule_based_v2,2026-04-16T20:41:04.552553
PMC4499396,10.1155/2015/160381,Anterior Cruciate Ligament Reconstruction in Ehlers-Danlos Syndrome.,Case Rep Orthop,2015,2015,pre-2017 (Villefranche/Brighton era),case_report,60,18,,This report details the reconstruction of the anterior cruciate ligament in an 18-year-old man with Ehlers-Danlos syndrome (EDS).,,18,young adult (18-29),years,male,True,False,False,False,,,joint_hypermobility; subluxations_dislocations,,rule_based_v2,2026-04-16T20:41:04.556657
PMC4484843,10.1155/2015/804252,Spontaneous Dissection of the Renal Artery in Vascular Ehlers-Danlos Syndrome.,Case Rep Crit Care,2015,2015,pre-2017 (Villefranche/Brighton era),clinical_study,31,38,,We report a case of a 38-year-old woman with a recent diagnosis of vEDS admitted in the Emergency Department with a suspicion of a pyelonephritis that evolved to a cardiopulmonary arrest.,,38,adult (30-44),years,female,True,False,False,False,,,joint_hypermobility; gi_symptoms,EDS type III,rule_based_v2,2026-04-16T20:41:04.558960
PMC4477102,10.1016/j.ebcr.2015.05.004,Unilateral periventricular heterotopia and epilepsy in a girl with Ehlers-Danlos syndrome.,Epilepsy Behav Case Rep,2015,2015,pre-2017 (Villefranche/Brighton era),case_report,1,30,,"She was the second child born to nonconsanguineous parents, a 30-year-old mother and a 32-year-old father.",,30,adult (30-44),years,female,True,False,False,False,Villefranche,,joint_hypermobility; chronic_pain; skin_hyperextensibility; easy_bruising; neuropathy,JHS,rule_based_v2,2026-04-16T20:41:04.562346
PMC4422098,10.1186/s13013-015-0035-x,Complications associated with surgical repair of syndromic scoliosis.,Scoliosis,2015,2015,pre-2017 (Villefranche/Brighton era),clinical_study,4,15,,Figure 1Pre-operative radiograph of 15 year-old male with Marfan syndrome.,,15,adolescent (12-17),years,female,True,False,False,False,,,,,rule_based_v2,2026-04-16T20:41:04.566525
PMC4356030,10.1016/j.rmcr.2014.12.002,Bullous emphysema as first presentation of Ehlers-Danlos syndrome in monozygotic twins.,Respir Med Case Rep,2015,2015,pre-2017 (Villefranche/Brighton era),case_report,1,40,,"IntroductionEhlers-Danlos syndrome (EDS) type IV, also known as the vascular type of EDS, is an inherited disorder of connective tissue characterized by arterial and digestive complications which are rarely observed in other forms of EDS and affect 80% of patients by the age of 40 [1].",,40,adult (30-44),years,male,True,False,False,False,,,joint_hypermobility; skin_hyperextensibility,hypermobile EDS,rule_based_v2,2026-04-16T20:41:04.580822
PMC4327794,10.1186/s12917-015-0318-8,Skin malformations in a neonatal foal tested homozygous positive for Warmblood Fragile Foal Syndrome.,BMC Vet Res,2015 Jan 31,2015,pre-2017 (Villefranche/Brighton era),animal_study,1,5,,Case presentationA 5-year-old Westfalian Warmblood mare was referred to the Clinic of Reproductive Medicine for dystocia in March 2012.,,5,childhood (5-11),years,,True,False,False,False,,,skin_hyperextensibility; gi_symptoms,,rule_based_v2,2026-04-16T20:41:04.587250
PMC4502630,10.1055/s-0034-1544106,A Case Report and Review of Postural Orthostatic Tachycardia Syndrome in Pregnancy.,AJP Rep,2015 Apr,2015,pre-2017 (Villefranche/Brighton era),review_or_study,2,34,,"Case DescriptionCase 1A 34-year-old Caucasian woman, gravida 2, para 1,001, was referred at 9 weeks to our Maternal-Fetal Medicine clinic for a pregnancy complicated by POTS (physical deconditioning type).",,34,adult (30-44),years,female,False,True,False,False,,,orthostatic_intolerance; tachycardia; syncope; fatigue; neuropathy; brain_fog; palpitations,POTS; postural tachycardia syndrome,rule_based_v2,2026-04-16T20:41:06.068236
PMC4452321,10.1155/2015/545029,Treatment of Refractory Postural Tachycardia Syndrome with Subcutaneous Octreotide Delivered Using an Insulin Pump.,Case Rep Med,2015,2015,pre-2017 (Villefranche/Brighton era),case_report,1,24,,Case  1A 24-year-old woman presented with sudden onset of recurrent light-headedness and severe orthostatic intolerance relieved with recumbence following a pyrexial illness.,,24,young adult (18-29),years,female,False,True,False,False,,,orthostatic_intolerance; tachycardia; fatigue; gi_symptoms; headache_migraine; palpitations,POTS; postural tachycardia syndrome,rule_based_v2,2026-04-16T20:41:06.072657
PMC4616764,10.1097/MD.0000000000001414,A French National Survey on Clotting Disorders in Mastocytosis.,Medicine (Baltimore),2015 Oct,2015,pre-2017 (Villefranche/Brighton era),clinical_study,2,46,,"From our cohort of 14 adult patients with clotting abnormalities (median age 46 years [range 26-75]), 4 had a presentation suggestive of a primary hemostasis disorder alone (by their symptoms and/or abnormal clotting tests [PFA, von Willebrand's disease [vWD] screening]) and 10 had a laboratory impa...",,46,middle aged (45-59),years,,False,False,True,False,,,orthostatic_intolerance; anaphylaxis,MCAS; MCAD; mast cell activation syndrome; mastocytosis,rule_based_v2,2026-04-16T20:42:57.313166
PMC4478337,10.1159/000430946,A Case of Intestinal Mastocytosis Misdiagnosed as Crohn's Disease.,Case Rep Gastroenterol,2015 May-Aug,2015,pre-2017 (Villefranche/Brighton era),case_report,1,47,,"Case ReportA 47-year-old woman, with a past medical history including Turner's syndrome with primary amenorrhea, polycystic kidney disease and previous appendectomy for acute appendicitis, was admitted to our hospital in 1995 for worsening fatigue, iron deficiency anemia and weight loss (BMI of 16 a...",,47,middle aged (45-59),years,female,False,False,True,False,,,chronic_pain; flushing; urticaria; fatigue; gi_symptoms,mastocytosis,rule_based_v2,2026-04-16T20:42:58.216067
PMC4453286,10.1186/s13054-015-0956-z,Critical care management of systemic mastocytosis: when every wasp is a killer bee.,Crit Care,2015 Jun 3,2015,pre-2017 (Villefranche/Brighton era),case_report,13,,,,,,,years,,False,False,True,False,,,tachycardia; flushing; urticaria; anaphylaxis; gi_symptoms; headache_migraine; medication_sensitivity,MCAD; mast cell activation syndrome; mastocytosis,rule_based_v2,2026-04-16T20:42:59.122685
PMC4370013,10.1093/omcr/omv004,Hyperpigmented cutaneous lesions that flare-up with scratching: Darier's sign.,Oxf Med Case Reports,2015 Feb,2015,pre-2017 (Villefranche/Brighton era),case_report,1,40,,We present the case of a 40-year-old male with a past medical history of urticaria pigmentosa (UP) who presented for consultation to the Allergy clinic for an opinion of systemic mastocytosis.,,40,adult (30-44),years,male,False,False,True,False,,,urticaria; anaphylaxis,mastocytosis,rule_based_v2,2026-04-16T20:43:00.056876
PMC4338389,10.1155/2015/737302,Serum total tryptase level confirms itself as a more reliable marker of mast cells burden in mast cell leukaemia (aleukaemic variant).,Case Rep Hematol,2015,2015,pre-2017 (Villefranche/Brighton era),case_report,1,65,,"We describe a case of a 65-year-old woman with aleukaemic variant of MCL with a very high serum total tryptase level of 2255 μg/L at diagnosis, which occurred following an episode of hypotensive shock.",,65,older adult (60-74),years,female,False,False,True,False,,,flushing; gi_symptoms,mastocytosis,rule_based_v2,2026-04-16T20:43:01.879480
PMC4324745,10.1155/2015/903541,Cutaneous and gastrointestinal symptoms in two patients with systemic mastocytosis successfully treated with omalizumab.,Case Rep Med,2015,2015,pre-2017 (Villefranche/Brighton era),animal_study,1,48,,We present two cases (a 48-year-old woman and a 57-year-old man) with indolent systemic mastocytosis in whom omalizumab (anti-IgE) reduced gastrointestinal and cutaneous symptoms significantly.,,48,middle aged (45-59),years,female,False,False,True,False,,,chronic_pain; flushing; urticaria; anaphylaxis; fatigue; gi_symptoms; palpitations,mastocytosis,rule_based_v2,2026-04-16T20:43:02.822134
PMC4508704,10.2176/nmc.cr.2013-0007,Transvenous embolization for carotid-cavernous fistula in a patient with vascular type of Ehlers-Danlos syndrome--direct superior ophthalmic vein approach: case report.,Neurol Med Chir (Tokyo),2014,2014,pre-2017 (Villefranche/Brighton era),case_report,25,37,,"The patient was a 37-year-old woman who developed tinnitus in her left ear and a headache during examination in the outpatient clinic of another hospital in order to make a definitive diagnosis of vEDS, and she was referred to our hospital and examined.",,37,adult (30-44),years,female,True,False,False,False,,,joint_hypermobility; headache_migraine,EDS type III; hypermobile EDS,rule_based_v2,2026-04-16T20:41:04.546803
PMC4300794,,Neurological manifestations of Ehlers-Danlos syndrome(s): A review.,Iran J Neurol,2014 Oct 6,2014,pre-2017 (Villefranche/Brighton era),clinical_study,40,37,,"first report headache, drop attacks and white matter abnormalities in a 37-year-old woman with EDS with parodontitis.",,37,adult (30-44),years,female,True,True,False,False,Villefranche; Brighton; Beighton,,joint_hypermobility; subluxations_dislocations; chronic_pain; orthostatic_intolerance; tachycardia; skin_hyperextensibility; easy_bruising; fatigue; headache_migraine; neuropathy; chiari,EDS type III; EDS hypermobility type; JHS; HSD; dysautonomia,rule_based_v2,2026-04-16T20:41:04.597144
PMC4223622,10.1186/s13023-014-0109-5,Recommendations for anesthesia and perioperative management in patients with Ehlers-Danlos syndrome(s).,Orphanet J Rare Dis,2014 Jul 23,2014,pre-2017 (Villefranche/Brighton era),clinical_study,26,,,"In children with EDS, Mast et al.",,,,years,,True,True,False,False,Villefranche,,joint_hypermobility; subluxations_dislocations; chronic_pain; tachycardia; skin_hyperextensibility; easy_bruising; gi_symptoms; headache_migraine; neuropathy,EDS type III; hypermobile EDS; JHS; POTS; postural tachycardia syndrome,rule_based_v2,2026-04-16T20:41:04.602756
PMC4199079,10.1155/2014/506067,Peroneal arteriovenous fistula and pseudoaneurysm: an unusual presentation.,Case Rep Vasc Med,2014,2014,pre-2017 (Villefranche/Brighton era),case_report,1,14,,We report an interesting case of a 14-year-old male who presented with acute musculoskeletal pain of his lower extremity.,,14,adolescent (12-17),years,male,True,False,False,False,,,,,rule_based_v2,2026-04-16T20:41:04.616346
PMC4069127,10.2147/IMCRJ.S59879,Presymptomatic genetic analysis during pregnancy for vascular type Ehlers-Danlos syndrome.,Int Med Case Rep J,2014,2014,pre-2017 (Villefranche/Brighton era),case_report,1,35,,We report the first case of an asymptomatic 35-year-old woman at a risk of complications of vascular EDS who underwent presymptomatic evaluation during pregnancy.,,35,adult (30-44),years,female,True,False,False,False,,,easy_bruising,EDS type III,rule_based_v2,2026-04-16T20:41:04.618517
PMC4049028,10.1159/000363373,Spontaneous colon perforations associated with a vascular type of ehlers-danlos syndrome.,Case Rep Gastroenterol,2014 May,2014,pre-2017 (Villefranche/Brighton era),clinical_study,50,20,,A 20-year-old female patient was referred to our hospital with abdominal pain.,,20,young adult (18-29),years,female,True,False,False,False,,,joint_hypermobility; subluxations_dislocations; skin_hyperextensibility; easy_bruising; gi_symptoms,EDS type III; JHS,rule_based_v2,2026-04-16T20:41:04.621792
PMC4009270,10.1155/2014/171803,Ehlers-danlos syndrome-hypermobility type and hemorrhoids.,Case Rep Surg,2014,2014,pre-2017 (Villefranche/Brighton era),case_report,1,34,,Case PresentationA 34-year-old obese female was referred to general surgery for chronic bleeding hemorrhoids.,,34,adult (30-44),years,female,True,False,False,False,Villefranche,,joint_hypermobility; subluxations_dislocations; chronic_pain; skin_hyperextensibility; gi_symptoms; chiari,EDS hypermobility type; JHS,rule_based_v2,2026-04-16T20:41:04.623861
PMC4528866,10.1177/2324709614527812,"Postural Orthostatic Tachycardia With Chronic Fatigue After HPV Vaccination as Part of the ""Autoimmune/Auto-inflammatory Syndrome Induced by Adjuvants"": Case Report and Literature Review.",J Investig Med High Impact Case Rep,2014 Jan-Mar,2014,pre-2017 (Villefranche/Brighton era),animal_study,1,14,,We report the case of a 14-year-old girl who developed postural orthostatic tachycardia syndrome (POTS) with chronic fatigue 2 months following Gardasil vaccination.,,14,adolescent (12-17),years,female,False,True,False,False,,,chronic_pain; orthostatic_intolerance; tachycardia; syncope; fatigue; gi_symptoms; headache_migraine; neuropathy; brain_fog; palpitations; medication_sensitivity,POTS; postural tachycardia syndrome,rule_based_v2,2026-04-16T20:41:06.060470
PMC4177336,10.1186/s12967-014-0249-3,Orthostatic plasma norepinephrine level as a predictor for therapeutic response to metoprolol in children with postural tachycardia syndrome.,J Transl Med,2014 Sep 10,2014,pre-2017 (Villefranche/Brighton era),clinical_study,25,,child,The purpose of this study is to explore whether orthostatic plasma norepinephrine level could be an indicator of therapeutic effectiveness of metoprolol for POTS in children.,3-12 years,7.5,childhood (5-11),years,female,False,True,False,False,,,orthostatic_intolerance; tachycardia; syncope; fatigue; gi_symptoms; headache_migraine; neuropathy; palpitations; medication_sensitivity,POTS; postural tachycardia syndrome,rule_based_v2,2026-04-16T20:41:06.079925
PMC4727661,,Compressive myelopathy caused by isolated epidural myeloid sarcoma with systemic mastocytosis: Rare presentation of a hematological malignancy.,Neurosciences (Riyadh),2014 Jul,2014,pre-2017 (Villefranche/Brighton era),case_report,15,39,,A 39-year-old gentleman with a body weight of 58 kg presented with paresthesia and heaviness of both lower limbs of 4 days duration.,,39,adult (30-44),years,male,False,False,True,False,,,anaphylaxis,mastocytosis,rule_based_v2,2026-04-16T20:42:55.144388
PMC4369969,10.1093/omcr/omu006,Moyamoya disease in a patient with neuromyelitis optica.,Oxf Med Case Reports,2014 Apr,2014,pre-2017 (Villefranche/Brighton era),case_report,1,62,,CASE REPORTA 62-year-old woman with good past health with no previous neurological symptom was admitted to the Prince of Wales Hospital in Hong Kong after a sudden onset of left upper limb and lower limb weakness along with unsteady gait and numbness.,,62,older adult (60-74),years,female,False,False,True,False,,,,MCAS,rule_based_v2,2026-04-16T20:43:00.966791
PMC4304775,10.1186/1752-1947-8-389,Anaphylactic reaction to platelet transfusion as the initial symptom of an undiagnosed systemic mastocytosis: a case report and review of the literature.,J Med Case Rep,2014 Nov 26,2014,pre-2017 (Villefranche/Brighton era),animal_study,1,59,,"Case presentationWe describe the clinicopathological findings of a 59-year-old Latin American man who presented to the emergency room with fatigue, leukocytosis, thrombocytopenia and mild hepatosplenomegaly.",,59,middle aged (45-59),years,male,False,False,True,False,,,tachycardia; urticaria; anaphylaxis; fatigue; gi_symptoms,mast cell activation syndrome; mastocytosis,rule_based_v2,2026-04-16T20:43:04.261348
PMC4238232,10.1155/2014/526129,An adult patient with systemic mastocytosis and B-acute lymphoblastic leukemia.,Case Rep Med,2014,2014,pre-2017 (Villefranche/Brighton era),case_report,3,40,,"Case ReportA 40-year-old Caucasian female was admitted displaying symptoms of weakness and fatigue, being febrile (37.",,40,adult (30-44),years,female,False,False,True,False,MCAS consensus criteria,,anaphylaxis; fatigue,mastocytosis,rule_based_v2,2026-04-16T20:43:05.180647
PMC4198120,10.1371/journal.pone.0109629,The clinical impact of chromosomal microarray on paediatric care in Hong Kong.,PLoS One,2014,2014,pre-2017 (Villefranche/Brighton era),case_report,37,3,,"MethodsWe performed NimbleGen 135k oligonucleotide array on 327 children with intellectual disability (ID)/developmental delay (DD), autism spectrum disorders (ASD), and/or multiple congenital anomalies (MCAs) in a university-affiliated paediatric unit from January 2011 to May 2013.",,3,early childhood (1-4),years,female,False,False,True,False,,,,MCAS,rule_based_v2,2026-04-16T20:43:09.370144
PMC4035675,10.1159/000362755,Bullous mastocytosis mimicking congenital epidermolysis bullosa.,Case Rep Dermatol,2014 May,2014,pre-2017 (Villefranche/Brighton era),case_report,1,0.2,,"A 2-month-old female infant was referred to DebRA Mexico from the Regional Children's Hospital because of a generalized dermatosis from birth characterized by multiple blisters and erosions on the trunk, face and limbs, associated with minor trauma.",,0.2,infant (<1),months,female,False,False,True,False,,,urticaria,mastocytosis,rule_based_v2,2026-04-16T20:43:10.297739
PMC4033021,10.3389/fimmu.2014.00231,Mast cell-mediated and associated disorders in pregnancy: a risky game with an uncertain outcome?,Front Immunol,2014,2014,pre-2017 (Villefranche/Brighton era),animal_study,1,25,,,,25,young adult (18-29),years,female,False,False,True,False,,,urticaria; anaphylaxis; medication_sensitivity,MCAD; mastocytosis,rule_based_v2,2026-04-16T20:43:11.637709
PMC3923619,10.2147/DDDT.S49409,"Omalizumab, an anti-immunoglobulin E antibody: state of the art.",Drug Des Devel Ther,2014,2014,pre-2017 (Villefranche/Brighton era),animal_study,500,26,,"83 Hyper-IgE syndrome is reported as a possible further application; in one case report, treatment with 450 mg of omalizumab every 2 weeks produced complete resolution of skin manifestations in a 26-year-old woman.",,26,young adult (18-29),years,female,False,False,True,False,,,urticaria; anaphylaxis; medication_sensitivity,mastocytosis,rule_based_v2,2026-04-16T20:43:12.729405
PMC3809367,10.1155/2013/469505,Ehlers-Danlos Syndrome Type VIII: A Rare Cause of Leg Ulcers in Young Patients.,Case Rep Dermatol Med,2013,2013,pre-2017 (Villefranche/Brighton era),case_report,1,32,,We report a 32-year-old man whose chronic leg ulcer led to the diagnosis of EDS-VIII.,,32,adult (30-44),years,male,True,False,False,False,,,joint_hypermobility; skin_hyperextensibility,,rule_based_v2,2026-04-16T20:41:04.625528
PMC3789896,10.5811/westjem.2013.1.13409,Cephalohematoma in a patient with ehlers-danlos syndrome.,West J Emerg Med,2013 Sep,2013,pre-2017 (Villefranche/Brighton era),case_report,1,41,,We report a 41-year-old female presenting with scalp swelling following minor head trauma.,,41,adult (30-44),years,female,True,False,False,False,,,,,rule_based_v2,2026-04-16T20:41:04.628058
PMC3736514,10.1155/2013/121054,"Children with generalised joint hypermobility and musculoskeletal complaints: state of the art on diagnostics, clinical characteristics, and treatment.",Biomed Res Int,2013,2013,pre-2017 (Villefranche/Brighton era),review_or_study,15,8,,"Three population-based studies found that pain or dislocation/subluxation was not related to GJH5 or GJH6 in 8-year-old and 10-year-old children [7, 8], and in 7-15-year-old children with GJH [35].",,8,childhood (5-11),years,,True,False,False,False,Villefranche; Beighton,2,joint_hypermobility; subluxations_dislocations; chronic_pain; fatigue; gi_symptoms,EDS hypermobility type; hypermobile EDS; JHS,rule_based_v2,2026-04-16T20:41:04.640818
PMC3670523,10.1155/2013/764659,Ehlers Danlos Syndrome: An Unusual Presentation You Need to Know about.,Case Rep Pediatr,2013,2013,pre-2017 (Villefranche/Brighton era),case_report,2,37,,"These included a right iliac artery dissection in a 37-year-old female, a left femoral and aortic aneurysm dissection in a 42-year-old man and a dissection of the infrarenal aorta and left iliac artery in a 39-year-old individual.",,37,adult (30-44),years,female,True,False,False,False,,,joint_hypermobility; subluxations_dislocations; chronic_pain; syncope; skin_hyperextensibility; easy_bruising; gi_symptoms,,rule_based_v2,2026-04-16T20:41:04.652458
PMC3571520,,Non-syndrome patient with bilateral supernumerary teeth: Case report and 9-year follow-up.,Eur J Dent,2013 Jan,2013,pre-2017 (Villefranche/Brighton era),case_report,1,9,,CASE REPORTA 9-year-old female patient presented to our clinic complaining of pain in her primary teeth.,,9,childhood (5-11),years,female,True,False,False,False,,,,,rule_based_v2,2026-04-16T20:41:04.656157
PMC3567970,10.1186/1752-1947-7-35,Vascular-type Ehlers-Danlos syndrome caused by a hitherto unknown genetic mutation: a case report.,J Med Case Rep,2013 Feb 1,2013,pre-2017 (Villefranche/Brighton era),case_report,250,64,,We report the case of a 64-year-old Japanese woman and her 38-year-old daughter who were diagnosed with this disease.,,64,older adult (60-74),years,female,True,False,False,False,,,joint_hypermobility; easy_bruising; gi_symptoms,EDS type III,rule_based_v2,2026-04-16T20:41:04.659027
PMC10871832,10.1590/1516-3180.2013.1314590,Diagnosis and treatment of mast cell disorders: practical recommendations.,Sao Paulo Med J,2013,2013,pre-2017 (Villefranche/Brighton era),case_report,36,,,"4,5 The skin is the organ most affected in this class of disorders; in fact, the skin is infiltrated in virtually all children and around 85% of adults with mastocytosis.",,,,years,female,False,False,True,False,,,chronic_pain; syncope; urticaria; anaphylaxis; gi_symptoms; headache_migraine; palpitations; medication_sensitivity,MCAD; mastocytosis,rule_based_v2,2026-04-16T20:41:06.760522
PMC10852104,10.1590/1516-3180.2013.1313460,Indolent systemic mastocytosis limited to the bone: a case report and review of the literature.,Sao Paulo Med J,2013,2013,pre-2017 (Villefranche/Brighton era),animal_study,6,79,,CASE REPORT: A 79-year-old Caucasian woman with osteoporosis was evaluated at the Emergency Department because of complaints of low back pain.,,79,elderly (75+),years,female,False,False,True,False,,,anaphylaxis; fatigue,mastocytosis,rule_based_v2,2026-04-16T20:41:06.804959
PMC3830880,10.1155/2013/590608,Bilateral synchronous granulomatous orchitis in a patient with erectile disfunction: clinical and pathologic study of the case.,Case Rep Urol,2013,2013,pre-2017 (Villefranche/Brighton era),animal_study,1,50,,A 50-year-old male patient presented with erectile failure and loss of libido.,,50,middle aged (45-59),years,male,False,False,True,False,,,,mastocytosis,rule_based_v2,2026-04-16T20:43:13.625110
PMC3787002,10.1371/journal.pone.0076241,Familial occurrence of systemic mast cell activation disease.,PLoS One,2013,2013,pre-2017 (Villefranche/Brighton era),case_report,266,48,,"4%)
21-39
23 (27%)51 (20%)71 (27%)
40-49
23 (27%)35 (14%)48 (18%)
50-59
21 (25%)38 (15%)48 (18%)
60-69
10 (12%)52 (20%)46 (17%)
70-79
5 (6%)36 (14%)29 (11%)
> 80
2 (2%)24 (9%)23 (9%)
Parents: 98
mother 60 (61%)father 38 (39%)
Siblings: 94
sister 52 (55%)brother 42 (45%)
Children: 63
daughter 30 (48%...",,48,middle aged (45-59),years,female,False,False,True,False,,,,MCAS; MCAD; mast cell activation syndrome; mastocytosis,rule_based_v2,2026-04-16T20:43:14.913433
PMC3761194,10.1111/ejh.12043,"Advanced systemic mastocytosis: the impact of KIT mutations in diagnosis, treatment, and progression.",Eur J Haematol,2013 Feb,2013,pre-2017 (Villefranche/Brighton era),animal_study,145,,,,,,,years,,False,False,True,False,,,fatigue; gi_symptoms; headache_migraine,MCAD; mastocytosis,rule_based_v2,2026-04-16T20:43:16.556042
PMC3636968,10.1159/000350678,Systemic mastocytosis presenting as acute appendicitis: a case report and review of the literature.,Case Rep Oncol,2013 Jan,2013,pre-2017 (Villefranche/Brighton era),case_report,1,38,,"Case PresentationA 38-year-old Caucasian female with systemic mastocytosis c-KIT D816V (+) diagnosed in 2006, who had been on symptomatic therapy with anti-histamines (H1 and H2 blockers) for pruritus, was admitted to the hospital for acute right-sided abdominal pain which become progressively worse...",,38,adult (30-44),years,female,False,False,True,False,,,chronic_pain; syncope; flushing; gi_symptoms; headache_migraine,mastocytosis,rule_based_v2,2026-04-16T20:43:18.364619
PMC6265373,10.1016/j.jccase.2012.03.010,Ehlers-Danlos syndrome type IV as the etiology of spontaneous coronary artery rupture.,J Cardiol Cases,2012 Jun,2012,pre-2017 (Villefranche/Brighton era),case_report,1,43,,"reported a case of SCAR in a 43-year-old male who presented with sudden onset chest pain and hemodynamic collapse, but no significant abnormal electrocardiogram changes and no elevation of serum troponin [3].",,43,adult (30-44),years,male,True,False,False,False,,,joint_hypermobility; subluxations_dislocations; easy_bruising,JHS,rule_based_v2,2026-04-16T20:41:04.352720
PMC4300890,10.1016/j.ijsp.2012.02.006,Lumbar artificial disc replacement in Ehlers-Danlos syndrome: A case report and discussion of clinical management.,Int J Spine Surg,2012,2012,pre-2017 (Villefranche/Brighton era),case_report,1,52,,MethodsA 52-year-old woman with a clinical diagnosis of EDS presented with degenerative disc disease at L4-5 that had not been alleviated by previous microdiscectomies.,,52,middle aged (45-59),years,female,True,False,False,False,,,joint_hypermobility; subluxations_dislocations; skin_hyperextensibility,EDS type III; EDS hypermobility type,rule_based_v2,2026-04-16T20:41:04.583077
PMC3435946,10.1177/1941738112452385,"Ehlers-danlos syndrome in orthopaedics: etiology, diagnosis, and treatment implications.",Sports Health,2012 Sep,2012,pre-2017 (Villefranche/Brighton era),case_report,30,41,,,,41,adult (30-44),years,female,True,True,False,False,Villefranche; Brighton; Beighton,,joint_hypermobility; subluxations_dislocations; chronic_pain; tachycardia; skin_hyperextensibility; easy_bruising; fatigue; gi_symptoms; headache_migraine; neuropathy; chiari; mitral_valve_prolapse; palpitations,EDS type III; EDS hypermobility type; hypermobile EDS; JHS,rule_based_v2,2026-04-16T20:41:04.630496
PMC3512326,10.5402/2012/751768,"Ehlers-danlos syndrome, hypermobility type: an underdiagnosed hereditary connective tissue disorder with mucocutaneous, articular, and systemic manifestations.",ISRN Dermatol,2012,2012,pre-2017 (Villefranche/Brighton era),animal_study,3,16,,"In fact, loose joints are more common among females and children than males and older people [10].",,16,adolescent (12-17),years,female,True,True,False,False,Villefranche; Brighton; Beighton,1,joint_hypermobility; subluxations_dislocations; chronic_pain; orthostatic_intolerance; tachycardia; skin_hyperextensibility; fatigue; gi_symptoms; headache_migraine; neuropathy; chiari; mitral_valve_prolapse,EDS type III; EDS hypermobility type; JHS; HSD; postural tachycardia syndrome; dysautonomia,rule_based_v2,2026-04-16T20:41:04.666496
PMC3412739,10.1186/1471-2369-13-27,A complex microdeletion 17q12 phenotype in a patient with recurrent de novo membranous nephropathy.,BMC Nephrol,2012 May 14,2012,pre-2017 (Villefranche/Brighton era),animal_study,1,38,,"Case presentationA 38-year-old female patient had been diagnosed with right kidney aplasia, left kidney dysplasia and significantly impaired renal function during infancy.",,38,adult (30-44),years,female,True,False,False,False,Beighton,8,joint_hypermobility,EDS type III; hypermobile EDS; JHS; HSD,rule_based_v2,2026-04-16T20:41:04.686541
PMC3362267,10.1159/000338277,Ehlers-Danlos Syndrome Type VIIC: A Mexican Case Report.,Case Rep Dermatol,2012 Jan,2012,pre-2017 (Villefranche/Brighton era),case_report,7,36,,Case ReportThe propositus was born at 28 weeks’ gestation to a G4 P3 36-year-old mother and a 39-year-old father (consanguineous parents) (fig.,,36,adult (30-44),years,male,True,False,False,False,Villefranche,,joint_hypermobility; easy_bruising,EDS type III,rule_based_v2,2026-04-16T20:41:04.690461
PMC3258236,10.1371/journal.pone.0029627,Uterine dysfunction in biglycan and decorin deficient mice leads to dystocia during parturition.,PLoS One,2012,2012,pre-2017 (Villefranche/Brighton era),animal_study,1,,,"Women with EDS type IV are at increased risk of uterine rupture [33], [34] and atonic uterus at Cesarean section [35], while infants born with type III Ehlers-Danlos syndrome may be at increased risk of malpresentation during labor [36].",,,,years,female,True,False,False,False,,,,EDS type III,rule_based_v2,2026-04-16T20:41:04.694724
PMC3443665,10.1186/1752-1947-6-241,Postural orthostatic tachycardia syndrome after surgical correction of an aortic coarctation: a case report.,J Med Case Rep,2012 Aug 13,2012,pre-2017 (Villefranche/Brighton era),case_report,45,29,,"Case presentationA 29-year-old Caucasian man complained of extreme fatigue, daytime sleepiness, shortness of breath on exertion, light-headedness and general weakness on standing.",,29,young adult (18-29),years,male,True,True,False,False,,,joint_hypermobility; chronic_pain; orthostatic_intolerance; tachycardia; syncope; fatigue; gi_symptoms; headache_migraine; neuropathy; palpitations,JHS; POTS; postural tachycardia syndrome,rule_based_v2,2026-04-16T20:41:06.086355
PMC4208443,10.1155/2012/728172,Systemic mastocytosis: a rare case of increased liver stiffness.,Case Reports Hepatol,2012,2012,pre-2017 (Villefranche/Brighton era),case_report,20,55,,We here report on a 55-year-old patient with drastically increased LS due to previously unknown systemic mastocytosis.,,55,middle aged (45-59),years,male,False,False,True,False,,,flushing; fatigue; gi_symptoms,mastocytosis,rule_based_v2,2026-04-16T20:43:08.015818
PMC3663351,10.5826/dpc.0203a03,Systemic mastocytosis associated with chronic myelomonocytic leukemia and xanthogranuloma.,Dermatol Pract Concept,2012 Jul,2012,pre-2017 (Villefranche/Brighton era),case_report,1,61,,Case reportThe patient presented is a 61-year-old man with several past bone marrow biopsies that never confirmed a suspected hematologic neoplasm.,,61,older adult (60-74),years,male,False,False,True,False,,,gi_symptoms,mastocytosis,rule_based_v2,2026-04-16T20:43:17.452702
PMC3513068,10.1097/01.WOX.0000411704.27806.b8,589 Urticaria Pigmentosa. Case Report.,World Allergy Organ J,2012 Feb,2012,pre-2017 (Villefranche/Brighton era),case_report,1,1.7,,"MethodsCase 1: A 20 month old male with history of penicillin and erythromycin allergy, as well atopic family history.",,1.7,early childhood (1-4),months,male,False,False,True,False,,,urticaria,mastocytosis,rule_based_v2,2026-04-16T20:43:19.173161
PMC3400919,10.5114/aoms.2012.29409,Mastocytosis in children and adults: clinical disease heterogeneity.,Arch Med Sci,2012 Jul 4,2012,pre-2017 (Villefranche/Brighton era),case_report,1,2,,In about 15% of all patients with mastocytosis the disease is congenital and approximately 50% of all patients develop the first symptoms before the age of 2 years [5-7].,,2,early childhood (1-4),years,,False,False,True,False,,,flushing; urticaria; anaphylaxis; gi_symptoms; headache_migraine,mastocytosis,rule_based_v2,2026-04-16T20:43:20.165381
PMC3141693,10.1186/1752-1947-5-229,Colonoscopic perforation leading to a diagnosis of Ehlers Danlos syndrome type IV: a case report and review of the literature.,J Med Case Rep,2011 Jun 23,2011,pre-2017 (Villefranche/Brighton era),case_report,1,33,,Case presentationA 33-year-old Caucasian man presented to our hospital with an acute abdomen following a colonoscopy five days earlier as part of hereditary non-polyposis colorectal cancer screening.,,33,adult (30-44),years,male,True,False,False,False,Villefranche,,tachycardia; easy_bruising,EDS type III; hypermobile EDS,rule_based_v2,2026-04-16T20:41:04.717489
PMC3134995,10.1155/2011/306413,Pregnancy and delivery in ehlers-danlos syndrome (hypermobility type): review of the literature.,Obstet Gynecol Int,2011,2011,pre-2017 (Villefranche/Brighton era),case_report,1,29,,Case ReportA 29-year-old woman was diagnosed with EDS hypermobility type at age 23.,,29,young adult (18-29),years,female,True,True,False,False,,,joint_hypermobility; subluxations_dislocations; chronic_pain; tachycardia; skin_hyperextensibility; easy_bruising; palpitations,EDS type III; EDS hypermobility type; JHS; HSD; POTS; postural tachycardia syndrome,rule_based_v2,2026-04-16T20:41:04.722477
PMC3200026,10.4103/0972-124X.85674,Peripheral odontogenic fibroma: A case report and review.,J Indian Soc Periodontol,2011 Jul,2011,pre-2017 (Villefranche/Brighton era),case_report,1,30,,"[8] CASE REPORTA 30-year-old female presented in the Department of Periodontics, SRCDSR, with a localized gingival swelling in relation to interdental gingiva of mandibular left canine-first premolar region [Figure 1].",,30,adult (30-44),years,female,False,True,False,False,,,,POTS,rule_based_v2,2026-04-16T20:41:06.090109
PMC4211494,10.4081/dr.2011.e12,Telangiectasia macularis eruptiva perstans: more than skin deep.,Dermatol Reports,2011 Jan 31,2011,pre-2017 (Villefranche/Brighton era),case_report,3,43,,Case ReportA 43-year-old female was referred to the Allergy and Immunology Clinic by her primary care physician for evaluation of a persistent skin eruption.,,43,adult (30-44),years,female,False,False,True,False,,,tachycardia; syncope; flushing; urticaria; anaphylaxis; gi_symptoms,mastocytosis,rule_based_v2,2026-04-16T20:43:06.924815
PMC3172922,10.1038/ejhg.2011.37,Cancer risk in patients with Noonan syndrome carrying a PTPN11 mutation.,Eur J Hum Genet,2011 Aug,2011,pre-2017 (Villefranche/Brighton era),review_or_study,12,5,,We have performed a cohort study among 297 Dutch NS patients with a PTPN11 mutation (mean age 18 years).,,5,childhood (5-11),years,,False,False,True,False,,,,mastocytosis,rule_based_v2,2026-04-16T20:43:21.144392
PMC3069946,10.1186/1756-8722-4-10,Mast cell activation disease: a concise practical guide for diagnostic workup and therapeutic options.,J Hematol Oncol,2011 Mar 22,2011,pre-2017 (Villefranche/Brighton era),animal_study,1,,,Symptoms often initially manifest during adolescence or even childhood or infancy but are recognized only in retrospect as MCAD-related.,,,,years,,False,False,True,False,,,urticaria; anaphylaxis,MCAS; MCAD; mast cell activation syndrome; mastocytosis,rule_based_v2,2026-04-16T20:43:22.261775
PMC3026338,10.2174/1874205X01004010050,Cervical artery dissection: emerging risk factors.,Open Neurol J,2010 Jun 15,2010,pre-2017 (Villefranche/Brighton era),clinical_study,23,45,,EPIDEMIOLOGYCervical artery dissection (CAD) represents 20% of ischemic stroke in young adult under 45 years of age [1-3] and account for about 2% of all ischemic strokes [4-6].,,45,middle aged (45-59),years,,True,False,False,False,,,gi_symptoms; headache_migraine,,rule_based_v2,2026-04-16T20:41:04.725866
PMC2829519,10.1186/1757-1626-3-57,Occult small bowel perforation in a patient with Ehlers Danlos syndrome: a case report and review of the literature.,Cases J,2010 Feb 12,2010,pre-2017 (Villefranche/Brighton era),case_report,125,53,,We present an unusual case of a 53-year-old Caucasian female patient with Ehlers Danlos syndrome who presented with an occult perforation of the distal ileum.,,53,middle aged (45-59),years,female,True,False,False,False,,,easy_bruising; gi_symptoms,,rule_based_v2,2026-04-16T20:41:04.731772
PMC2995161,10.2174/1874192401004010166,Potentially new indication of ivabradine: treatment of a patient with postural orthostatic tachycardia syndrome.,Open Cardiovasc Med J,2010 Aug 9,2010,pre-2017 (Villefranche/Brighton era),review_or_study,1,25,,INTRODUCTION	The present report describes a female aged 25 years with postural orthostatic tachycardia syndrome (POTS).,,25,young adult (18-29),years,female,False,True,False,False,,,tachycardia; fatigue; palpitations,POTS; postural tachycardia syndrome,rule_based_v2,2026-04-16T20:41:06.093586
PMC3014834,10.1155/2010/782595,"Hypotension, Syncope, and Fever in Systemic Mastocytosis without Skin Infiltration and Rapid Response to Corticosteroid and Cyclosporin: A Case Report.",Case Rep Med,2010,2010,pre-2017 (Villefranche/Brighton era),case_report,1,52,,"Case ReportA 52-year-old woman presented with fatigue, flushing, dyspepsia, hypotension, and syncope attacks for about 18 months.",,52,middle aged (45-59),years,female,False,False,True,False,,,chronic_pain; tachycardia; syncope; flushing; urticaria; fatigue; gi_symptoms; headache_migraine,MCAD; mastocytosis,rule_based_v2,2026-04-16T20:43:23.275604
PMC2904792,10.1186/1752-1947-4-193,Oral and inhaled sodium cromoglicate in the management of systemic mastocytosis: a case report.,J Med Case Rep,2010 Jun 26,2010,pre-2017 (Villefranche/Brighton era),case_report,1,40,,Case presentationThe subject is a Caucasian woman aged 40 years.,,40,adult (30-44),years,female,False,False,True,False,,,flushing; urticaria; fatigue; gi_symptoms; headache_migraine; medication_sensitivity,mastocytosis,rule_based_v2,2026-04-16T20:43:24.373845
PMC2841250,10.1155/2010/458156,A V530I Mutation in c-KIT Exon 10 Is Associated to Imatinib Response in Extraabdominal Aggressive Fibromatosis.,Sarcoma,2010,2010,pre-2017 (Villefranche/Brighton era),review_or_study,19,22,,Case ReportA 22-year-old Caucasian female without any particular medical history suffered from a traumatic fracture of the left humerus great tuberosity in 2002.,,22,young adult (18-29),years,female,False,False,True,False,,,chronic_pain; gi_symptoms,mastocytosis,rule_based_v2,2026-04-16T20:43:25.555070
PMC2697526,,"Angioid streaks, clinical course, complications, and current therapeutic management.",Ther Clin Risk Manag,2009 Feb,2009,pre-2017 (Villefranche/Brighton era),clinical_study,18,55,,,,55,middle aged (45-59),years,male,True,False,False,False,,,urticaria,,rule_based_v2,2026-04-16T20:41:04.735826
PMC2713498,10.1007/s12308-009-0023-2,Systemic mastocytosis associated with t(8;21)(q22;q22) acute myeloid leukemia.,J Hematop,2009 Mar,2009,pre-2017 (Villefranche/Brighton era),case_report,1,1,,,,1,early childhood (1-4),years,,False,False,True,False,,,,mastocytosis,rule_based_v2,2026-04-16T20:43:26.570658
PMC4896234,10.2484/rcr.v3i2.172,Ehlers-Danlos Syndrome Presenting as Severe Headache in a Young Adult.,Radiol Case Rep,2008,2008,pre-2017 (Villefranche/Brighton era),case_report,1,27,,A 27-year-old male with a positive family history of abdominal aortic aneurysm presented to his primary care physician and ultimately to the emergency department with the worst headache of his life and hypertension.,,27,young adult (18-29),years,male,True,False,False,False,,,chronic_pain; gi_symptoms; headache_migraine,,rule_based_v2,2026-04-16T20:41:04.533567
PMC2575416,10.1371/journal.pone.0003642,The zinc transporter SLC39A13/ZIP13 is required for connective tissue development; its involvement in BMP/TGF-beta signaling pathways.,PLoS One,2008,2008,pre-2017 (Villefranche/Brighton era),animal_study,1,22,,"The elder affected sib is shown at age 22 with short stature and with mildly shortened trunk (A), antimongoloid eye slant with lack of periorbital tissue (B), missing upper lateral incisor tooth (C), thin and finely wrinkled skin on the palm of his hands (D), severe varicosity of his lower legs and ...",,22,young adult (18-29),years,female,True,False,False,False,,,easy_bruising,,rule_based_v2,2026-04-16T20:41:04.751344
PMC2262905,10.1186/1752-1947-2-38,Posterior dislocation of the elbow as an unusual presentation after a total hip replacement: a case report.,J Med Case Rep,2008 Feb 6,2008,pre-2017 (Villefranche/Brighton era),case_report,1,9,,"On further questioning the patient and her parents, they recollected that the patient had dislocated the same elbow at an age of 9 years and was reduced in the Accident and Emergency.",,9,childhood (5-11),years,female,True,False,False,False,,,joint_hypermobility; subluxations_dislocations; chronic_pain,JHS,rule_based_v2,2026-04-16T20:41:04.776885
PMC2602994,10.1186/1757-1626-1-325,Takotsubo cardiomyopathy in two female patients: two case reports.,Cases J,2008 Nov 18,2008,pre-2017 (Villefranche/Brighton era),case_report,1,40,,Case presentationA 40-year-old caucasian female presented with a 12-hour history of dyspnoea and intermittent chest discomfort at rest.,,40,adult (30-44),years,female,False,True,False,False,,,,POTS,rule_based_v2,2026-04-16T20:41:06.094629
PMC2693823,10.3346/jkms.2007.22.4.698,Genetic analysis of three Korean patients with clinical features of Ehlers-Danlos syndrome type IV.,J Korean Med Sci,2007 Aug,2007,pre-2017 (Villefranche/Brighton era),case_report,419,1,,,,1,early childhood (1-4),years,female,True,False,False,False,,,joint_hypermobility; subluxations_dislocations; chronic_pain; easy_bruising; gi_symptoms; headache_migraine,EDS type III,rule_based_v2,2026-04-16T20:41:04.744534
PMC1971255,10.1186/1750-1172-2-32,Ehlers-Danlos syndrome type IV.,Orphanet J Rare Dis,2007 Jul 19,2007,pre-2017 (Villefranche/Brighton era),case_report,1,47,,"These complications, rare in childhood, affect 25% of patients before the age of 20, and 80% by the age of 40 [1].",,47,middle aged (45-59),years,female,True,False,False,False,Villefranche,,skin_hyperextensibility; easy_bruising; headache_migraine; mitral_valve_prolapse,EDS type III; hypermobile EDS,rule_based_v2,2026-04-16T20:41:04.779806
PMC529450,10.1186/1471-2474-5-37,"Age-related changes in serum growth hormone, insulin-like growth factor-1 and somatostatin in system lupus erythematosus.",BMC Musculoskelet Disord,2004 Oct 20,2004,pre-2017 (Villefranche/Brighton era),case_report,1,20,,"In fact, the results of the present study showed a strong correlation between age and serum growth hormone only in the circumscribed young normal female (age 20 - 46 yrs) group (Figure 1A).",,20,young adult (18-29),years,female,True,False,False,False,,,,,rule_based_v2,2026-04-16T20:41:04.792343
