uid,pmcid,title,journal,pubdate,doi,source_query
13045603,PMC13045603,Nonanemic Iron Deficiency: Exercise Performance Recovery After Iron Repletion in Collegiate Athlete.,JACC Case Rep,2026 Mar 25,10.1016/j.jaccas.2026.107376,dysautonomia
12990615,PMC12990615,CASPR2 antibody-related neurological syndromes in children: three cases report and literature review.,BMC Pediatr,2026 Feb 5,10.1186/s12887-026-06549-4,dysautonomia
12946650,PMC12946650,The Differential Diagnosis of Coma in the ICU: Hyperacute Postoperative Guillain-Barré Syndrome-A Case Report.,Clin Case Rep,2026 Mar,10.1002/ccr3.72064,dysautonomia
12865606,PMC12865606,Case Report: A case of post-viral inflammatory insomnia: observed sleep restoration associated with histamine-targeted interventions and implications for mast cell pathways.,Front Sleep,2025,10.3389/frsle.2025.1736866,dysautonomia
12773392,PMC12773392,Abstract 092: Vasospasm as a Consequence of IVIg Usage for GBS.,Stroke Vasc Interv Neurol,2023 Nov,10.1161/SVIN.03.suppl_2.092,dysautonomia
12789937,PMC12789937,Novel Genetic Findings in Stuve-Wiedemann Syndrome: A Case Report and Review of Literature.,Clin Case Rep,2026 Jan,10.1002/ccr3.71709,dysautonomia; autonomic_dysfunction
12771084,PMC12771084,Osmotic Nephropathy Induced by L-Proline Stabilized Sucrose-free Intravenous Immunoglobulins: A Case Report.,Kidney Med,2026 Jan,10.1016/j.xkme.2025.101172,dysautonomia
12758271,PMC12758271,Review of published research on primary dysautonomia of domestic animals.,Vet Rec,2026 Jan 3,10.1002/vetr.5499,dysautonomia
12681373,PMC12681373,Exploring the Effects of Pemivibart Monoclonal Antibody Infusion in Long COVID: A Case Series Offering Initial Clinical Insights.,Cureus,2025 Nov,10.7759/cureus.96246,dysautonomia
12664970,PMC12664970,Cerebral fat embolism presenting as paroxysmal sympathetic hyperactivity.,Trauma Case Rep,2025 Dec,10.1016/j.tcr.2025.101272,dysautonomia
12587094,PMC12587094,Autoimmune Epilepsy Secondary to CASPR2 Antibody Encephalitis: A Case Report Highlighting Diagnostic Challenges and Management.,Cureus,2025 Oct,10.7759/cureus.93844,dysautonomia; vasovagal_syncope
7617864,PMC7617864,Tetanus: recognition and management.,Lancet Infect Dis,2025 Nov,10.1016/S1473-3099(25)00292-0,dysautonomia
12564055,PMC12564055,Cervical Oculopathy: The Cervical Spine Etiology of Visual Symptoms and Eye Diseases-A Hypothesis Exploring Mechanisms Linking the Neck and the Eye.,Diagnostics (Basel),2025 Oct 21,10.3390/diagnostics15202650,dysautonomia
12547654,PMC12547654,Gastrointestinal Dysautonomia: A Rare Immune-Related Adverse Event That Requires Early Recognition and High-Dose Immunosuppression.,Cureus,2025 Sep,10.7759/cureus.92896,dysautonomia
12497629,PMC12497629,Objective test findings in patients with chronic eye symptoms seeking care at an outpatient neck center: ligamentous cervical instability etiology?,Front Neurol,2025,10.3389/fneur.2025.1576315,dysautonomia
12446600,PMC12446600,Three Episodes of Neuroleptic Malignant Syndrome With Risperidone: A Case Report and Literature Review.,Case Rep Psychiatry,2025,10.1155/crps/6669246,dysautonomia
12196606,PMC12196606,Altered Pain Perception in a Young Adult with Childhood Trauma and Suspected Riley-Day Syndrome: A Case Report.,Reports (MDPI),2025 May 26,10.3390/reports8020080,dysautonomia
12247276,PMC12247276,Neuroimmune pathophysiology of long COVID.,Psychiatry Clin Neurosci,2025 Sep,10.1111/pcn.13855,dysautonomia
12230505,PMC12230505,Immune Checkpoint Inhibitor-Related Dysautonomia in Merkel Cell Carcinoma: A Case Report.,Cancer Rep (Hoboken),2025 Jul,10.1002/cnr2.70274,dysautonomia
12060790,PMC12060790,Atypical Presentation of an LMNB1 Duplication Involving the Silencer Region: Beyond Classical Autosomal-Dominant Leukodystrophy.,Neurol Genet,2025 Jun,10.1212/NXG.0000000000200261,dysautonomia
12042689,PMC12042689,An interesting case of subacute sclerosing panencephalitis presenting with Balint's syndrome and dysautonomia.,Encephalitis,2025 Apr,10.47936/encephalitis.2024.00115,dysautonomia; autonomic_dysfunction
12009460,PMC12009460,Outcome of Early Cranioplasty in Trephine Syndrome or Paradoxical Brain Herniation: A Case Report and Literature Review.,Cureus,2025 Mar,10.7759/cureus.80922,dysautonomia
11878880,PMC11878880,Progressive Encephalomyelitis with Rigidity and Myoclonus Treated with Rituximab: Case Report and Review of the Literature.,Brown J Hosp Med,2022,10.56305/001c.36139,dysautonomia
11843942,PMC11843942,Acute Hepatic Porphyria Should Be Included in the Diagnostic Work-Up of Patients with Resistant Hypertension or Suspected Secondary Hypertension.,Med Sci (Basel),2025 Feb 6,10.3390/medsci13010014,dysautonomia
11805607,PMC11805607,Novel Approaches to Treatment of Immune-Mediated Chronic Intestinal Pseudo-Obstruction.,Neurol Neuroimmunol Neuroinflamm,2025 Mar,10.1212/NXI.0000000000200369,dysautonomia
11789910,PMC11789910,Stüve-Wiedemann syndrome with a novel variant in the LIFR gene: A case report.,Medicine (Baltimore),2025 Jan 31,10.1097/MD.0000000000041342,dysautonomia
11706303,PMC11706303,An Unexpected Case of Generalized Tetanus.,Cureus,2024 Dec,10.7759/cureus.75326,dysautonomia
11654115,PMC11654115,Zika virus infection and acute transverse myelitis: a comprehensive systematic review.,Rev Inst Med Trop Sao Paulo,2024,10.1590/S1678-9946202466066,dysautonomia
11638589,PMC11638589,The ligamentous cervical instability etiology of human disease from the forward head-facedown lifestyle: emphasis on obstruction of fluid flow into and out of the brain.,Front Neurol,2024,10.3389/fneur.2024.1430390,dysautonomia
11575251,PMC11575251,Catatonia in anti-NMDA receptor encephalitis: a case series and approach to improve outcomes with electroconvulsive therapy.,BMJ Neurol Open,2024,10.1136/bmjno-2024-000812,dysautonomia
11543367,PMC11543367,Unveiling the Devastating Impact of Atypical and Rapidly Evolving Guillain-Barre Syndrome: A Report of Two Cases.,Cureus,2024 Oct,10.7759/cureus.71057,dysautonomia
11542473,PMC11542473,Paralytic Ileus as the Initial Presentation of Guillain-Barre Syndrome: A Rare Case Report.,Int Med Case Rep J,2024,10.2147/IMCRJ.S483673,dysautonomia; autonomic_dysfunction
11452076,PMC11452076,Systemic amyloidosis: an aggressive evolution in a patient with relapsing polychondritis and monoclonal gammopathy of undetermined significance (MGUS) undergoing peritoneal dialysis.,Autops Case Rep,2024,10.4322/acr.2024.518,dysautonomia
11443310,PMC11443310,Cardiovascular dysautonomia and cognitive impairment in Parkinson's disease (Review).,Med Int (Lond),2024 Nov-Dec,10.3892/mi.2024.194,dysautonomia
11281408,PMC11281408,Clinical and Diagnostic Features of Post-Acute COVID-19 Vaccination Syndrome (PACVS).,Vaccines (Basel),2024 Jul 18,10.3390/vaccines12070790,dysautonomia
11156247,PMC11156247,Anti-CASPR2 Antibody-Associated Syndrome Presenting With Episodic Ataxia.,Cureus,2024 May,10.7759/cureus.59821,dysautonomia
11146140,PMC11146140,Gut Microbiome Alterations Accompany Metabolic Normalization Following Bariatric Surgery in ROHHAD Syndrome.,JCEM Case Rep,2024 Jun,10.1210/jcemcr/luae091,dysautonomia
11102770,PMC11102770,Neurological and Cardiovascular Complications Revealing Biermer's Disease: A Case Report.,Cureus,2024 Apr,10.7759/cureus.58601,dysautonomia
11099645,PMC11099645,A Closer Look at Familial Dysautonomia from a Social Communication Perspective: A Case Report and Review of Literature.,Psychiatry Clin Psychopharmacol,2022 Jun,10.5152/pcp.2022.21210,dysautonomia
11088969,PMC11088969,The Clinical Course of a Severe Case of Malignant Catatonia.,Cureus,2024 Apr,10.7759/cureus.58142,dysautonomia
11082696,PMC11082696,Thrombosis With Thrombocytopenia and Post-COVID-Vaccination Syndrome With Anti-G-Protein-Coupled Receptor (GPCR) Antibodies Treated With Therapeutic Plasma Exchange.,Cureus,2024 May,10.7759/cureus.60019,dysautonomia
11018973,PMC11018973,A novel termination site in a case of Stüve-Wiedemann syndrome: case report and review of literature.,Front Pediatr,2024,10.3389/fped.2024.1341841,dysautonomia
10994395,PMC10994395,Long-term outcomes of hospitalized patients with SARS-CoV-2/COVID-19 with and without neurological involvement: 3-year follow-up assessment.,PLoS Med,2024 Apr,10.1371/journal.pmed.1004263,dysautonomia
10950913,PMC10950913,Case report: Rapid recovery after intrathecal rituximab administration in refractory anti-NMDA receptor encephalitis: report of two cases.,Front Immunol,2024,10.3389/fimmu.2024.1369587,dysautonomia
10938911,PMC10938911,Isolated insular stroke: topography is the answer with respect to outcome and cardiac involvement.,Front Neurol,2024,10.3389/fneur.2024.1332382,dysautonomia
10901262,PMC10901262,Primary autonomic failure: a complex case of orthostatic hypotension in a hypertensive elderly patient.,Eur Heart J Case Rep,2024 Feb,10.1093/ehjcr/ytae073,dysautonomia
10883079,PMC10883079,Dysautonomia following Lyme disease: a key component of post-treatment Lyme disease syndrome?,Front Neurol,2024,10.3389/fneur.2024.1344862,dysautonomia; autonomic_dysfunction
10875021,PMC10875021,Abnormal quantitative sudomotor axon reflex test results in patients with tinnitus as a possible indicator of small fiber neuropathy.,Front Neurol,2024,10.3389/fneur.2024.1297371,dysautonomia
10832396,PMC10832396,Oral manifestation in a pediatric patient with pentasomy x. A case report.,Rev Cient Odontol (Lima),2023 Jan-Mar,10.21142/2523-2754-1101-2023-147,dysautonomia
10710877,PMC10710877,Guillain-Barré Syndrome Presenting as Symmetrical Proximal Muscle Weakness: An Atypical Presentation.,Cureus,2023 Dec,10.7759/cureus.50259,dysautonomia
10689019,PMC10689019,Evaluation of peripheral nerve involvements in patients with familial Mediterranean fever.,Arch Rheumatol,2023 Sep,10.46497/ArchRheumatol.2023.9695,dysautonomia
10658769,PMC10658769,A case of erythromelalgia with gastrointestinal dysautonomia treated with immunoglobulin: A case report.,SAGE Open Med Case Rep,2023,10.1177/2050313X231213137,dysautonomia
10632209,PMC10632209,Sensory neuropathy in amyotrophic lateral sclerosis: a systematic review.,J Neurol,2023 Dec,10.1007/s00415-023-11954-1,dysautonomia
10674626,PMC10674626,Chronic Fatigue and Dysautonomia following COVID-19 Vaccination Is Distinguished from Normal Vaccination Response by Altered Blood Markers.,Vaccines (Basel),2023 Oct 26,10.3390/vaccines11111642,dysautonomia
10545146,PMC10545146,Guillain-Barré Syndrome Complicated by Posterior Reversible Encephalopathy Syndrome and Reversible Cerebral Vasoconstriction Syndrome.,Eur J Case Rep Intern Med,2023,10.12890/2023_003949,dysautonomia
10662276,PMC10662276,Steroids in Headache: A Comprehensive Review of Recent Research.,Ann Neurosci,2023 Oct,10.1177/09727531231173286,dysautonomia
10505932,PMC10505932,"Transcriptome profiling of intact bowel wall reveals that PDE1A and SEMA3D are possible markers with roles in enteric smooth muscle apoptosis, proliferative disorders, and dysautonomia in Crohn's disease.",Front Genet,2023,10.3389/fgene.2023.1194882,dysautonomia
10405875,PMC10405875,"Anti-N-Methyl-D-Aspartate Receptor Encephalitis, A Diagnosis Not To Miss.",Eur J Case Rep Intern Med,2023,10.12890/2023_003974,dysautonomia
10377413,PMC10377413,The Relationship between Paresthesia and the Presence of Cardiac Dysautonomia in Patients with Post-COVID-19 Syndrome: A Preliminary Observational Study.,Brain Sci,2023 Jul 20,10.3390/brainsci13071095,dysautonomia
10359064,PMC10359064,A case of eosinophilic granulomatous polyangiitis with concurrent central and peripheral nervous system involvement.,Oxf Med Case Reports,2023 Jul,10.1093/omcr/omad067,dysautonomia; autonomic_dysfunction
10328630,PMC10328630,Amyotrophic lateral sclerosis with respiratory failure and dysautonomia: a case report.,Ann Med Surg (Lond),2023 Jul,10.1097/MS9.0000000000000889,dysautonomia
10297082,PMC10297082,Treatments of COVID-19-Associated Taste and Saliva Secretory Disorders.,Dent J (Basel),2023 May 25,10.3390/dj11060140,dysautonomia
10289121,PMC10289121,[The role of the cardiopulmonary exercise test and pulmonary rehabilitation in long COVID-19].,Rev Mal Respir,2023 Sep,10.1016/j.rmr.2023.05.003,dysautonomia
10289141,PMC10289141,Ivabradine for inappropriate sinus tachycardia-induced symptomatic Mobitz type I atrio-ventricular block: a case summary.,Eur Heart J Case Rep,2023 Jun,10.1093/ehjcr/ytad192,dysautonomia; autonomic_dysfunction
10193105,PMC10193105,Guillain-Barré syndrome associated with SARS-CoV-2 vaccination: how is it different? a systematic review and individual participant data meta-analysis.,Clin Exp Vaccine Res,2023 Apr,10.7774/cevr.2023.12.2.143,dysautonomia
10129990,PMC10129990,Pathogenesis of acute encephalopathy in acute hepatic porphyria.,J Neurol,2023 May,10.1007/s00415-023-11586-5,dysautonomia
10092280,PMC10092280,Severe distinct dysautonomia in RFC1-related disease associated with Parkinsonism.,J Peripher Nerv Syst,2022 Dec,10.1111/jns.12515,dysautonomia
10073441,PMC10073441,HIDEA syndrome: A new case report highlighting similarities with ROHHAD syndrome.,Front Genet,2023,10.3389/fgene.2023.1137767,dysautonomia; autonomic_dysfunction
10063196,PMC10063196,Thinking beyond otorhinolaryngology in patients presenting with bilateral vocal cord paresis.,J Surg Case Rep,2023 Mar,10.1093/jscr/rjad140,dysautonomia
10001044,PMC10001044,Pathogenesis Underlying Neurological Manifestations of Long COVID Syndrome and Potential Therapeutics.,Cells,2023 Mar 6,10.3390/cells12050816,dysautonomia
9996477,PMC9996477,Consider Alternative Causes of Death to SARS-CoV-2 Vaccination-Related Guillain-Barre Syndrome without Dysautonomia.,Ann Indian Acad Neurol,2022 Nov-Dec,10.4103/aian.aian_585_22,dysautonomia
9925924,PMC9925924,An interval of clinically silent gastrointestinal bleed in dysautonomic spinal cord injury: a case report.,BMC Neurol,2023 Feb 14,10.1186/s12883-023-03114-9,dysautonomia
9912584,PMC9912584,The genetic basis of multiple system atrophy.,J Transl Med,2023 Feb 10,10.1186/s12967-023-03905-1,dysautonomia
9901229,PMC9901229,Beyond Acute COVID-19: A Review of Long-term Cardiovascular Outcomes.,Can J Cardiol,2023 Jun,10.1016/j.cjca.2023.01.031,dysautonomia
9894319,PMC9894319,Morvan's syndrome: An unusual presentation of a solid pseudopapillary pancreatic tumor.,J Neurosci Rural Pract,2022 Oct-Dec,10.25259/JNRP-2022-3-49,dysautonomia
9789535,PMC9789535,Investigating the possible mechanisms of autonomic dysfunction post-COVID-19.,Auton Neurosci,2023 Mar,10.1016/j.autneu.2022.103071,dysautonomia; orthostatic_intolerance; autonomic_dysfunction
9757526,PMC9757526,Herpes Simplex Virus-2 Encephalitis Complicated with Multiple Cranial Neuritis and Dysautonomia.,J Pediatr Neurosci,2021 Oct-Dec,10.4103/jpn.JPN_239_20,dysautonomia; autonomic_dysfunction
9636886,PMC9636886,Experience With Dexmedetomidine Use in the Treatment of Dysautonomic Crisis in Familial Dysautonomia: An Off-Label Use.,Cureus,2022 Oct,10.7759/cureus.29988,dysautonomia
9587697,PMC9587697,A Rarely Occurring Spinal Fracture Precipitated by Generalized Spasms of Tetanus Patient with Spondylitis Tuberculosis.,Int Med Case Rep J,2022,10.2147/IMCRJ.S367615,dysautonomia
9566583,PMC9566583,Neuroleptic Malignant Syndrome: A case report and a literature review.,Eur Psychiatry,2022 Jun,10.1192/j.eurpsy.2022.1506,dysautonomia
9471950,PMC9471950,ROHHAD syndrome without rapid-onset obesity: A diagnosis challenge.,Front Pediatr,2022,10.3389/fped.2022.910099,dysautonomia; autonomic_dysfunction
9267913,PMC9267913,Autonomic Dysfunction during Acute SARS-CoV-2 Infection: A Systematic Review.,J Clin Med,2022 Jul 4,10.3390/jcm11133883,dysautonomia; autonomic_dysfunction
9249797,PMC9249797,Dysautonomia following breast surgery: Disproportionate response to postoperative hematoma.,Surg Open Sci,2022 Oct,10.1016/j.sopen.2022.05.011,dysautonomia
9239654,PMC9239654,Clinical Improvement With Pyridostigmine in a Patient With Acetylcholine Receptor Antibody-Associated Autoimmune Gastrointestinal Dysmotility.,ACG Case Rep J,2022 Jun,10.14309/crj.0000000000000796,dysautonomia
9142938,PMC9142938,Prevention and Treatment of Life-Threatening COVID-19 May Be Possible with Oxygen Treatment.,Life (Basel),2022 May 19,10.3390/life12050754,dysautonomia
9035955,PMC9035955,Isaac Syndrome with Intractable Neuropathic Pain Features: A Case Report.,Case Rep Neurol,2022 Jan-Apr,10.1159/000523821,dysautonomia
9004329,PMC9004329,Hypoglycemia as a Manifestation of Shapiro Syndrome.,Cureus,2022 Mar,10.7759/cureus.23120,dysautonomia
8892817,PMC8892817,Severe Post-COVID-19 dysautonomia: a case report.,BMC Infect Dis,2022 Mar 3,10.1186/s12879-022-07181-0,dysautonomia; orthostatic_intolerance; autonomic_dysfunction
8859684,PMC8859684,Neurological manifestations of long-COVID syndrome: a narrative review.,Ther Adv Chronic Dis,2022,10.1177/20406223221076890,dysautonomia
8787981,PMC8787981,Thromboembolism and bleeding in systemic amyloidosis: a review.,ESC Heart Fail,2022 Feb,10.1002/ehf2.13701,dysautonomia
8791656,PMC8791656,Extrapleural pneumonectomy for recurrent thymoma diagnosed after return of paraneoplastic Morvan syndrome.,J Surg Case Rep,2022 Jan,10.1093/jscr/rjab636,dysautonomia
8719840,PMC8719840,Acute and chronic neurological disorders in COVID-19: potential mechanisms of disease.,Brain,2021 Dec 31,10.1093/brain/awab302,dysautonomia
8636096,PMC8636096,Is Fecal Calprotectin an Applicable Biomarker of Gut Immune System Activation in Chronic Inflammatory Demyelinating Polyneuropathy? - A Pilot Study.,Front Hum Neurosci,2021,10.3389/fnhum.2021.733070,dysautonomia
8586167,PMC8586167,Covid-19-Induced Dysautonomia: A Menace of Sympathetic Storm.,ASN Neuro,2021 Jan-Dec,10.1177/17590914211057635,dysautonomia
8574172,PMC8574172,"Paroxysmal hyperthermia, dysautonomia and rhabdomyolysis in a patient with Lesch-Nyhan syndrome.",JIMD Rep,2021 Nov,10.1002/jmd2.12249,dysautonomia
8528759,PMC8528759,A historical review of multiple system atrophy with a critical appraisal of cellular and animal models.,J Neural Transm (Vienna),2021 Oct,10.1007/s00702-021-02419-8,dysautonomia; autonomic_dysfunction
8495661,PMC8495661,Bilateral Facial Palsy and Hyperreflexia as the Main Clinical Presentation in Guillain-Barré Syndrome.,Am J Case Rep,2021 Oct 1,10.12659/AJCR.932757,dysautonomia
8435208,PMC8435208,COVID-19-Associated Dysautonomia.,Cureus,2021 Aug,10.7759/cureus.17156,dysautonomia; autonomic_dysfunction
8314124,PMC8314124,"Dysautonomia Causing Severe Orthostatic Hypotension: An Important, Early Finding in Neurodegenerative Disorders.",JACC Case Rep,2021 Jul 21,10.1016/j.jaccas.2021.03.006,dysautonomia
8377226,PMC8377226,Autoimmune dysautonomia secondary to chronic organophosphate exposure.,HeartRhythm Case Rep,2021 Aug,10.1016/j.hrcr.2021.04.012,dysautonomia
8355408,PMC8355408,Progressive Encephalomyelitis with Rigidity and Myoclonus (PERM)-like Symptoms Associated with Anti-ganglionic Acetylcholine Receptor Antibodies.,Intern Med,2021 Jul 15,10.2169/internalmedicine.6419-20,dysautonomia
8360673,PMC8360673,Downregulation of M Current Is Coupled to Membrane Excitability in Sympathetic Neurons Before the Onset of Hypertension.,Hypertension,2020 Dec,10.1161/HYPERTENSIONAHA.120.15922,dysautonomia
8366070,PMC8366070,I drank too much and now I can't walk: a case of alcohol-induced dysautonomia.,Oxf Med Case Reports,2021 Aug,10.1093/omcr/omab072,dysautonomia; autonomic_dysfunction
8324066,PMC8324066,Takotsubo Cardiomyopathy as a Manifestation of Dysautonomia in Guillain-Barré Syndrome: A Case Series and Review of the Literature.,Cureus,2021 Jun,10.7759/cureus.16069,dysautonomia
8327798,PMC8327798,Intensive Care Management of Severe Tetanus.,Indian J Crit Care Med,2021 May,10.5005/jp-journals-10071-23829,dysautonomia; autonomic_dysfunction
8294874,PMC8294874,Autoimmune Gastrointestinal Dysmotility in a Patient With HIV Treated With Methylprednisolone and Pyridostigmine.,ACG Case Rep J,2021 Jul,10.14309/crj.0000000000000636,dysautonomia
8229039,PMC8229039,A Systematic Review and Meta-Analysis of Immunoglobulin G Abnormalities and the Therapeutic Use of Intravenous Immunoglobulins (IVIG) in Autism Spectrum Disorder.,J Pers Med,2021 May 30,10.3390/jpm11060488,dysautonomia
8072212,PMC8072212,Case Report: Autoimmune Encephalitis Associated With Anti-glutamic Acid Decarboxylase Antibodies: A Pediatric Case Series.,Front Neurol,2021,10.3389/fneur.2021.641024,dysautonomia
8043872,PMC8043872,Clinical presentation of strokes confined to the insula: a systematic review of literature.,Neurol Sci,2021 May,10.1007/s10072-021-05109-1,dysautonomia
7987407,PMC7987407,Tetanus Complicated by Dysautonomia: A Case Report and Review of Management.,Case Rep Crit Care,2021,10.1155/2021/8842522,dysautonomia
7895682,PMC7895682,Acute transverse myelitis with Dysautonomia following SARS-CoV-2 infection: A case report and review of literature.,J Neuroimmunol,2021 Apr 15,10.1016/j.jneuroim.2021.577523,dysautonomia
7882462,PMC7882462,Peripheral Nervous System Manifestations Associated with COVID-19.,Curr Neurol Neurosci Rep,2021 Feb 14,10.1007/s11910-021-01102-5,dysautonomia
7750571,PMC7750571,A comprehensive review of the treatment and management of Charcot spine.,Ther Adv Musculoskelet Dis,2020,10.1177/1759720X20979497,dysautonomia; autonomic_dysfunction
7592686,PMC7592686,Management of Visual Dysfunction in Patients with Parkinson's Disease.,J Parkinsons Dis,2020,10.3233/JPD-202103,dysautonomia
7470792,PMC7470792,Neurology of COVID-19 in Singapore.,J Neurol Sci,2020 Nov 15,10.1016/j.jns.2020.117118,dysautonomia
7443652,PMC7443652,Bilateral XEN Gel Stent Implantation in Juvenile-Onset Open-Angle Glaucoma.,Case Rep Ophthalmol,2020 May-Aug,10.1159/000508391,dysautonomia
7411456,PMC7411456,"A Patient with Double-Negative VGKC, Peripheral Nerve Hyperexcitability, and Central Nervous System Symptoms: A Postinfectious Autoimmune Disease.",Case Rep Neurol Med,2020,10.1155/2020/3579419,dysautonomia
7402655,PMC7402655,Neuromuscular disorders in pregnancy.,Handb Clin Neurol,2020,10.1016/B978-0-444-64240-0.00012-X,dysautonomia; autonomic_dysfunction
7220732,PMC7220732,Hydrocephalus in Guillain barre syndrome: A case report and review of the literature.,Medicine (Baltimore),2020 Apr,10.1097/MD.0000000000018638,dysautonomia
7249364,PMC7249364,Rhombencephalitis associated with isolated Zic4-antibodies in Paraneoplastic cerebellar degeneration: a case report.,BMC Neurol,2020 May 25,10.1186/s12883-020-01788-z,dysautonomia; autonomic_dysfunction
7203783,PMC7203783,Tumor Necrosis Factor-Alpha Signaling May Contribute to Chronic West Nile Virus Post-infectious Proinflammatory State.,Front Med (Lausanne),2020,10.3389/fmed.2020.00164,dysautonomia
7204150,PMC7204150,NMDAR Encephalitis Associated With Acute Chikungunya Virus Infection: A New Trigger?,Front Pediatr,2020,10.3389/fped.2020.00176,dysautonomia
7073227,PMC7073227,Ganglionic Acetylcholine Receptor Antibodies and Autonomic Dysfunction in Autoimmune Rheumatic Diseases.,Int J Mol Sci,2020 Feb 16,10.3390/ijms21041332,dysautonomia; autonomic_dysfunction
6955191,PMC6955191,A Novel Approach in Spinal Cord Stimulation for Enhancing Gastric Motility: A Preliminary Study on Canines.,J Neurogastroenterol Motil,2020 Jan 30,10.5056/jnm19101,dysautonomia
6839309,PMC6839309,Comorbidities and Long-Term Outcomes in a Cohort with Myasthenic Crisis: Experiences from a Tertiary Care Center.,Ann Indian Acad Neurol,2019 Oct-Dec,10.4103/aian.AIAN_197_19,dysautonomia; autonomic_dysfunction
6783555,PMC6783555,Anti-IgLON5 Disease: A Case With 11-Year Clinical Course and Review of the Literature.,Front Neurol,2019,10.3389/fneur.2019.01056,dysautonomia
6763501,PMC6763501,Harlequin Syndrome after Thoracoscopic Repair of a Child with Tracheoesophageal Fistula (TEF).,European J Pediatr Surg Rep,2019 Jan,10.1055/s-0039-1697667,dysautonomia
6739709,PMC6739709,"Insomnia and Dysautonomia with Contactin-Associated Protein 2 and Leucine-Rich Glioma Inactivated Protein 1 Antibodies: A ""Forme Fruste"" of Morvan Syndrome?",Case Rep Neurol,2019 Jan-Apr,10.1159/000497817,dysautonomia
6591518,PMC6591518,Two Cases of Guillain-Barré Syndrome Variants Presenting With Dysautonomia.,Child Neurol Open,2019,10.1177/2329048X19856778,dysautonomia; autonomic_dysfunction
6529729,PMC6529729,Cardiac dysautonomia in depression - heart rate variability biofeedback as a potential add-on therapy.,Neuropsychiatr Dis Treat,2019,10.2147/NDT.S200360,dysautonomia
6440259,PMC6440259,"A rare iatrogenic association of syndrome of inappropriate secretion of antidiuretic hormone, neuroleptic malignant syndrome and rhabdomyolysis.",Oxf Med Case Reports,2019 Mar,10.1093/omcr/omz010,dysautonomia
6429638,PMC6429638,Guillain-Barré syndrome with unilateral peripheral facial and bulbar palsy in a child: A case report.,SAGE Open Med Case Rep,2019,10.1177/2050313X19838750,dysautonomia
6346961,PMC6346961,Dysautonomia: an Explanation for the Medically Unexplained?,Eur J Case Rep Intern Med,2016,10.12890/2016_000430,dysautonomia
6348877,PMC6348877,A Novel Mutation in the Adult-Onset Alexander's Disease GFAP Gene.,Case Rep Med,2019,10.1155/2019/2986538,dysautonomia
6298246,PMC6298246,"Individualized Homeopathic Therapy in a Case of Obesity, Dysfunctional Uterine Bleeding, and Autonomic Dystonia.",Am J Case Rep,2018 Dec 12,10.12659/AJCR.913328,dysautonomia
5852325,PMC5852325,Improvement of chronic corneal opacity in ocular surface disease with prosthetic replacement of the ocular surface ecosystem (PROSE) treatment.,Am J Ophthalmol Case Rep,2018 Jun,10.1016/j.ajoc.2018.02.010,dysautonomia
5843381,PMC5843381,Managing Postural Hypotension in Diabetic Autonomic Dysfunction When Adrenergic Drugs are Contraindicated: Case Report and Review of Literature.,Cureus,2018 Jan 8,10.7759/cureus.2039,dysautonomia; autonomic_dysfunction
5683266,PMC5683266,Gastrointestinal symptoms and autism spectrum disorder: links and risks - a possible new overlap syndrome.,Pediatric Health Med Ther,2015,10.2147/PHMT.S85717,dysautonomia
5641386,PMC5641386,Autonomic Dysfunction in Wilson's Disease: A Comprehensive Evaluation during a 3-Year Follow Up.,Front Physiol,2017,10.3389/fphys.2017.00778,dysautonomia; autonomic_dysfunction
5516616,PMC5516616,The effect of deep brain stimulation on the non-motor symptoms of Parkinson's disease: a critical review of the current evidence.,NPJ Parkinsons Dis,2017,10.1038/npjparkd.2016.24,dysautonomia
5420039,PMC5420039,Use of Biotronik closed loop pacemaker to treat recurrent syncope in pediatric patient with dysautonomia.,HeartRhythm Case Rep,2017 Jan,10.1016/j.hrcr.2016.07.009,dysautonomia
5322840,PMC5322840,A case report of complex auricular neuralgia treated with the great auricular nerve and facet blocks.,J Pain Res,2017,10.2147/JPR.S126923,dysautonomia
5295145,PMC5295145,Iatrogenic amyloid polyneuropathy after domino liver transplantation.,World J Hepatol,2017 Jan 28,10.4254/wjh.v9.i3.126,dysautonomia
5248946,PMC5248946,Neuroleptic malignant syndrome: an easily overlooked neurologic emergency.,Neuropsychiatr Dis Treat,2017,10.2147/NDT.S118438,dysautonomia
5129599,PMC5129599,Paradoxical physiological responses to propranolol in a Rett syndrome patient: a case report.,BMC Pediatr,2016 Nov 29,10.1186/s12887-016-0734-3,dysautonomia
5127153,PMC5127153,Familial Dysautonomia: Mechanisms and Models.,Genet Mol Biol,2016 Oct-Dec,10.1590/1678-4685-GMB-2015-0335,dysautonomia
4644823,PMC4644823,"GABAB Encephalitis: A Fifty-Two-Year-Old Man with Seizures, Dysautonomia, and Acute Heart Failure.",Case Rep Neurol Med,2015,10.1155/2015/812035,dysautonomia
4581459,PMC4581459,Acute symptomatic sinus bradycardia in a woman treated with pulse dose steroids for multiple sclerosis: a case report.,J Med Case Rep,2015 Sep 24,10.1186/s13256-015-0701-x,dysautonomia
4568193,PMC4568193,Effects of citalopram on heart rate variability in women with generalized anxiety disorder.,ARYA Atheroscler,2015 May,,dysautonomia
4563835,PMC4563835,"Case report of severe Cushing's syndrome in medullary thyroid cancer complicated by functional diabetes insipidus, aortic dissection, jejunal intussusception, and paraneoplastic dysautonomia: remission with sorafenib without reduction in cortisol concentration.",BMC Cancer,2015 Sep 9,10.1186/s12885-015-1620-3,dysautonomia
4480239,PMC4480239,Neuroleptic Malignant Syndrome: A Case Aimed at Raising Clinical Awareness.,Case Rep Med,2015,10.1155/2015/769576,dysautonomia
4488571,PMC4488571,Propranolol for Paroxysmal Sympathetic Hyperactivity with Lateralizing Hyperhidrosis after Stroke.,Case Rep Neurol Med,2015,10.1155/2015/421563,dysautonomia
4399511,PMC4399511,Cognitive dysfunction during anti-NMDA-receptor encephalitis is present in early phase of the disease.,Oxf Med Case Reports,2014 Jul,10.1093/omcr/omu028,dysautonomia
4376931,PMC4376931,Squamous carcinoma of the lung presenting as migraine-type headache: a case report.,Case Rep Oncol,2015 Jan-Apr,10.1159/000379741,dysautonomia
4250000,PMC4250000,Midbrain hypometabolism in fatal familial insomnia: a case report and a statistical parametric mapping analysis of a korean family.,Case Rep Neurol,2014 Sep,10.1159/000365412,dysautonomia
4079025,PMC4079025,Clinical and echocardiographic predictors of mortality in chagasic cardiomyopathy--systematic review.,Arq Bras Cardiol,2014 Jun,10.5935/abc.20140068,dysautonomia
3985363,PMC3985363,Guillain-Barre syndrome with posterior reversible encephalopathy syndrome.,J Neurosci Rural Pract,2014 Jan,10.4103/0976-3147.127877,dysautonomia
3785341,PMC3785341,"Acute autonomic, sensory and motor neuropathy associated with meningoencephalitis.",Clin Med Case Rep,2009,10.4137/ccrep.s2194,dysautonomia
3488764,PMC3488764,Autonomic symptoms are common and are associated with overall symptom burden and disease activity in primary Sjogren's syndrome.,Ann Rheum Dis,2012 Dec,10.1136/annrheumdis-2011-201009,dysautonomia; autonomic_dysfunction
3420600,PMC3420600,Dysautonomia in autism spectrum disorder: case reports of a family with review of the literature.,Autism Res Treat,2011,10.1155/2011/129795,dysautonomia
2901264,PMC2901264,Post-adenoviral parasympathetic dysautonomia in a child: a case report.,J Med Case Rep,2010 Jun 18,10.1186/1752-1947-4-138,dysautonomia
2877907,PMC2877907,N-methyl-D-aspartate antibody encephalitis: temporal progression of clinical and paraclinical observations in a predominantly non-paraneoplastic disorder of both sexes.,Brain,2010 Jun,10.1093/brain/awq113,dysautonomia
2644268,PMC2644268,"Dysautonomia, a heuristic approach to a revised model for etiology of disease.",Evid Based Complement Alternat Med,2009 Mar,10.1093/ecam/nem064,dysautonomia; autonomic_dysfunction
12733568,PMC12733568,The Vagal Link: Autonomic Nervous System Dysfunction in Cardiac Amyloidosis.,J Clin Med,2025 Dec 18,10.3390/jcm14248963,orthostatic_intolerance; autonomic_dysfunction
12382099,PMC12382099,Mapping cerebral blood flow in myalgic encephalomyelitis/chronic fatigue syndrome (ME/CFS) and orthostatic intolerance: insights from a systematic review.,J Transl Med,2025 Aug 26,10.1186/s12967-025-06954-w,orthostatic_intolerance
11521494,PMC11521494,Head-Up Tilt Sleeping to Treat Orthostatic Intolerance in a Patient with Advanced Parkinson's Disease: A Case Report.,Case Rep Neurol,2024 Jan-Dec,10.1159/000541424,orthostatic_intolerance; autonomic_dysfunction
10760969,PMC10760969,Cardiac noradrenergic deficiency revealed by 18F-dopamine positron emission tomography identifies preclinical central Lewy body diseases.,J Clin Invest,2024 Jan 2,10.1172/JCI172460,orthostatic_intolerance
10121145,PMC10121145,"Exaggerated blood pressure elevation in response to orthostatic challenge, a post-acute sequelae of SARS-CoV-2 infection (PASC) after hospitalization.",Auton Neurosci,2023 Jul,10.1016/j.autneu.2023.103094,orthostatic_intolerance; autonomic_dysfunction
9450930,PMC9450930,Orthostatic and Exercise Intolerance in Recreational and Competitive Athletes With Long COVID.,JACC Case Rep,2022 Sep 7,10.1016/j.jaccas.2022.07.007,orthostatic_intolerance
9413925,PMC9413925,An unusual presentation of anaphylaxis with severe hypertension: a case report.,J Med Case Rep,2022 Aug 26,10.1186/s13256-022-03528-y,orthostatic_intolerance
9364197,PMC9364197,Effectiveness of treatment for 31 patients with seropositive autoimmune autonomic ganglionopathy in Japan.,Ther Adv Neurol Disord,2022,10.1177/17562864221110048,orthostatic_intolerance
8780476,PMC8780476,A case report of severe cardioinhibitory reflex syncope associated with coronavirus disease 2019.,Eur Heart J Case Rep,2022 Jan,10.1093/ehjcr/ytab524,orthostatic_intolerance
8781100,PMC8781100,Compression Stockings Improve Cardiac Output and Cerebral Blood Flow during Tilt Testing in Myalgic Encephalomyelitis/Chronic Fatigue Syndrome (ME/CFS) Patients: A Randomized Crossover Trial.,Medicina (Kaunas),2021 Dec 29,10.3390/medicina58010051,orthostatic_intolerance
8402449,PMC8402449,A Long-Term Observation on the Possible Adverse Effects in Japanese Adolescent Girls after Human Papillomavirus Vaccination.,Vaccines (Basel),2021 Aug 4,10.3390/vaccines9080856,orthostatic_intolerance
8347138,PMC8347138,Patients with Persistent Polyclonal B-Cell Lymphocytosis Share the Symptomatic Criteria of Systemic Exertion Intolerance Disease.,J Clin Med,2021 Jul 29,10.3390/jcm10153374,orthostatic_intolerance
7803043,PMC7803043,Initial orthostatic hypotension and orthostatic intolerance symptom prevalence in older adults: A systematic review.,Int J Cardiol Hypertens,2021 Mar,10.1016/j.ijchy.2020.100071,orthostatic_intolerance
7391812,PMC7391812,Review of case definitions for myalgic encephalomyelitis/chronic fatigue syndrome (ME/CFS).,J Transl Med,2020 Jul 29,10.1186/s12967-020-02455-0,orthostatic_intolerance
7073977,PMC7073977,Cardiac Autonomic Dysfunction in Multiple Sclerosis: A Systematic Review of Current Knowledge and Impact of Immunotherapies.,J Clin Med,2020 Jan 24,10.3390/jcm9020335,orthostatic_intolerance; autonomic_dysfunction
5796598,PMC5796598,Improvement of severe myalgic encephalomyelitis/chronic fatigue syndrome symptoms following surgical treatment of cervical spinal stenosis.,J Transl Med,2018 Feb 2,10.1186/s12967-018-1397-7,orthostatic_intolerance
5688202,PMC5688202,Suspected Adverse Effects After Human Papillomavirus Vaccination: A Temporal Relationship Between Vaccine Administration and the Appearance of Symptoms in Japan.,Drug Saf,2017 Dec,10.1007/s40264-017-0574-6,orthostatic_intolerance
5474682,PMC5474682,Myalgic Encephalomyelitis/Chronic Fatigue Syndrome Diagnosis and Management in Young People: A Primer.,Front Pediatr,2017,10.3389/fped.2017.00121,orthostatic_intolerance
5058431,PMC5058431,A Pair of Identical Twins Discordant for Myalgic Encephalomyelitis/Chronic Fatigue Syndrome Differ in Physiological Parameters and Gut Microbiome Composition.,Am J Case Rep,2016 Oct 10,10.12659/ajcr.900314,orthostatic_intolerance
4390387,PMC4390387,Clinical prodromes of neurodegeneration in Anderson-Fabry disease.,Neurology,2015 Apr 7,10.1212/WNL.0000000000001450,orthostatic_intolerance
4015480,PMC4015480,"A man with small vessel vasculitis presenting with brachial diplegia, multiple cranial mononeuropathies and severe orthostatic hypotension in diabetes mellitus: a case report.",J Med Case Rep,2013 Oct 1,10.1186/1752-1947-7-229,orthostatic_intolerance
13075920,PMC13075920,"Peripheral Nerve Surgery and Chemotherapy: A Review, Index, and Decision Tree for Nerve Surgeons Considering Neurotization After Oncological Nerve Injuries.",Neurosurg Pract,2026 Jun,10.1227/neuprac.0000000000000206,autonomic_dysfunction
13070483,PMC13070483,"PURA-Related Neurodevelopmental Disorder: A Comprehensive Clinical Review of Genetics, Phenotype, and Emerging Therapeutic Strategies.",Cureus,2026 Mar,10.7759/cureus.105181,autonomic_dysfunction
13066704,PMC13066704,Osteopathic Manipulative Treatment for Complex Regional Pain Syndrome: A Scoping Review of Current Evidence.,Cureus,2026 Apr,10.7759/cureus.106748,autonomic_dysfunction
13061278,PMC13061278,Posterior Reversible Encephalopathy Syndrome (PRES) in an Elderly Patient With Advanced Parkinson's Disease and Autonomic Dysfunction: A Case Report and Literature Review.,Cureus,2026 Mar,10.7759/cureus.104879,autonomic_dysfunction
13045129,PMC13045129,Targeting risk factors and strategies for prevention of peripheral neuropathy: focus on B-vitamin deficiencies and metabolic diseases.,Neurol Res Pract,2026 Apr 1,10.1186/s42466-026-00466-8,autonomic_dysfunction
13040132,PMC13040132,Postprandial Hypotension-Methods for the Evaluation and Management.,Geriatr Gerontol Int,2026 Apr,10.1111/ggi.70456,autonomic_dysfunction
13034025,PMC13034025,Morvan syndrome in a patient with progressing metastatic thymoma and myasthenia gravis.,BMJ Case Rep,2026 Mar 19,10.1136/bcr-2025-271140,autonomic_dysfunction
13025851,PMC13025851,PHOX2B Tyr14Ter Mutation Might Be Associated with Sustained Diurnal Hypertension: Case Report and Review of the Literature.,Children (Basel),2026 Mar 19,10.3390/children13030425,autonomic_dysfunction
13029649,PMC13029649,"Treating the Patient, Not Only the Amyloid: Symptomatic Management in Transthyretin Amyloidosis.",Neurol Int,2026 Mar 13,10.3390/neurolint18030053,autonomic_dysfunction
13003461,PMC13003461,"Erectile dysfunction, type 2 diabetes, and cardiovascular disease: a narrative review and insights from a global real-world cohort analysis.",Front Clin Diabetes Healthc,2026,10.3389/fcdhc.2026.1781581,autonomic_dysfunction
13000107,PMC13000107,Innovative Diabetes Therapies and Impact on Peripheral and Autonomic Diabetic Neuropathies: A State-of-the-Art Review.,Diabetes Ther,2026 Mar,10.1007/s13300-025-01828-2,autonomic_dysfunction
12998714,PMC12998714,Regenerative medicine approaches for the treatment of peripheral nerve injuries: progress and challenges.,Regen Biomater,2026,10.1093/rb/rbag015,autonomic_dysfunction
12994531,PMC12994531,Multiple Red Flags of Transthyretin Amyloid Cardiomyopathy in a Single Patient: A Case Report on Diagnostic Challenge.,Int Med Case Rep J,2026,10.2147/IMCRJ.S589746,autonomic_dysfunction
12988465,PMC12988465,Rewiring the Lung-CNS Axis After Spinal Cord Injury.,J Inflamm Res,2026,10.2147/JIR.S542308,autonomic_dysfunction
12967037,PMC12967037,Morvan Syndrome Masquerading as Anxiety Disorder: A Case Report Highlighting the Importance of Recognizing Organic Signs in Psychiatric Settings.,Int Med Case Rep J,2026,10.2147/IMCRJ.S589585,autonomic_dysfunction
12961582,PMC12961582,Sickle cell related cardiomyopathy and cardiovascular autonomic dysfunction.,Front Cardiovasc Med,2026,10.3389/fcvm.2026.1756623,autonomic_dysfunction
12947505,PMC12947505,Inferior olive lesions in autoimmune glial fibrillary acidic protein astrocytopathy: a report of two cases.,BMC Neurol,2026 Jan 31,10.1186/s12883-026-04683-1,autonomic_dysfunction
12932114,PMC12932114,"Negative [99mTc]Tc -DPD Scintigraphy, Presence of Monoclonal Protein and Biopsy Suggestive of AL Amyloidosis in a Patient With Homozygous p.Ala101Val Transthyretin Gene Variant.",Clin Case Rep,2026 Mar,10.1002/ccr3.71928,autonomic_dysfunction
12929980,PMC12929980,Mapping of Dietary Interventions Beneficial in the Prevention of Secondary Health Conditions in Spinal Cord Injured Population: A Systematic Review.,J Nutr Health Aging,2023,10.1007/s12603-023-1937-6,autonomic_dysfunction
12926101,PMC12926101,BRAT1 gene compound heterozygous mutations causing lethal neonatal rigidity and multifocal seizure syndrome: a case report.,Front Pediatr,2026,10.3389/fped.2026.1694328,autonomic_dysfunction
12909685,PMC12909685,The causative role of amyloidosis in the cardiac complications of Alzheimer's disease: a comprehensive systematic review.,J Physiol,2026 Feb,10.1113/JP286599,autonomic_dysfunction
12891107,PMC12891107,Promethazine-induced neuroleptic malignant syndrome under general anesthesia: a case report.,Front Psychiatry,2026,10.3389/fpsyt.2026.1700644,autonomic_dysfunction
12889289,PMC12889289,Ultrasonographic measurement of cross-sectional area of the vagus nerve in patients with diabetic neuropathy: a systematic review and meta-analysis.,Ann Med Surg (Lond),2026 Feb,10.1097/MS9.0000000000004705,autonomic_dysfunction
12883741,PMC12883741,"Heart rate variability in cardiovascular disease diagnosis, prognosis and management.",Front Cardiovasc Med,2025,10.3389/fcvm.2025.1680783,autonomic_dysfunction
12863776,PMC12863776,Effect of antifungal triazoles on vinca alkaloid neurotoxicity in pediatric patients: A retrospective case series analysis and literature review.,Medicine (Baltimore),2026 Jan 30,10.1097/MD.0000000000047447,autonomic_dysfunction
12858730,PMC12858730,Challenges in managing prolonged intensive care unit stay for Guillain-Barré syndrome-acute motor axonal neuropathy variant.,SAGE Open Med Case Rep,2026,10.1177/2050313X261418766,autonomic_dysfunction
12851403,PMC12851403,Mechanisms and Clinical Implications of the Post-traumatic Stress Disorder (PTSD)-Cardiovascular Disease Link.,Cureus,2025 Dec,10.7759/cureus.100349,autonomic_dysfunction
12844876,PMC12844876,Adult Botulism of Unknown Source with Post-Toxin Anti-GQ1b Antibodies: Implications for Molecular Mimicry-A Case Report.,Neurol Int,2025 Dec 29,10.3390/neurolint18010008,autonomic_dysfunction
12834015,PMC12834015,Relationship between COVID-19 and hypopituitarism: A two-sample Mendelian randomization study.,IBRO Neurosci Rep,2025 Dec,10.1016/j.ibneur.2025.08.019,autonomic_dysfunction
12831383,PMC12831383,"Dengue virus infection and Guillain-Barré syndrome: a systematic review of clinical characteristics, outcomes, and predictors of severity.",BMC Infect Dis,2025 Dec 20,10.1186/s12879-025-12428-7,autonomic_dysfunction
12773426,PMC12773426,Abstract 126: Bilateral Limb Shaking TIA secondary to Severe Bilateral Carotid Stenosis.,Stroke Vasc Interv Neurol,2023 Nov,10.1161/SVIN.03.suppl_2.126,autonomic_dysfunction
12815724,PMC12815724,"Autonomic dysfunction and hemodynamic management after acute spinal cord injury: blood pressure targets, perfusion strategies, and emerging therapies.",Front Neurol,2025,10.3389/fneur.2025.1716013,autonomic_dysfunction
12812994,PMC12812994,Pharmacovigilance study on neurological adverse reactions of proteasome inhibitors in the FDA adverse event reporting system.,Front Pharmacol,2025,10.3389/fphar.2025.1712361,autonomic_dysfunction
12811643,PMC12811643,Arrhythmogenic Implications of Inflammatory Bowel Disease: Its Mechanisms and Treatment Effects.,Cureus,2025 Dec,10.7759/cureus.99503,autonomic_dysfunction
12798721,PMC12798721,Botulism Sequelae: A Systematic Review.,Open Forum Infect Dis,2026 Jan,10.1093/ofid/ofaf773,autonomic_dysfunction
12789760,PMC12789760,Fragile X and Fatal Rhythms: Electroconvulsive Therapy-Induced Ventricular Tachycardia.,JACC Case Rep,2025 Sep 10,10.1016/j.jaccas.2025.105077,autonomic_dysfunction
12766416,PMC12766416,Efficacy and safety of perospirone as adjunctive therapy in major depressive disorder patients with inadequate response to antidepressants: a randomized clinical trial.,EClinicalMedicine,2025 Dec,10.1016/j.eclinm.2025.103626,autonomic_dysfunction
12745264,PMC12745264,"Anti-LGI1 encephalitis: clinical presentation, imaging features, and prognostic analysis.",Front Neurol,2025,10.3389/fneur.2025.1703647,autonomic_dysfunction
12741864,PMC12741864,Harnessing Artificial Intelligence for Precision Cardiovascular Medicine.,Cureus,2025 Nov,10.7759/cureus.97837,autonomic_dysfunction
12729304,PMC12729304,Cardiac Autonomic Dysfunction and Increased Oxidative Stress in Conventional Cigarettes and E-Cigarettes: Heart Rate Variability as a Cardiovascular Predictor.,Antioxidants (Basel),2025 Dec 18,10.3390/antiox14121516,autonomic_dysfunction
12723223,PMC12723223,Acute Autonomic Sensory Neuropathy Causing Severe Hyponatremia: A Rare Cause of Syndrome of Inappropriate Antidiuresis.,JCEM Case Rep,2026 Jan,10.1210/jcemcr/luaf299,autonomic_dysfunction
12722888,PMC12722888,Robotic hormonal and autonomic modulation for type 2 diabetes: ileal interposition and hepatic sympathectomy.,Front Surg,2025,10.3389/fsurg.2025.1657656,autonomic_dysfunction
12683964,PMC12683964,Long-Term Continuous Heart Rate Variability Monitoring Over 20 Days for Severe Tetanus: A Case Report.,Am J Case Rep,2025 Nov 16,10.12659/AJCR.949230,autonomic_dysfunction
12678056,PMC12678056,Peripheral Neuropathy Associated With Proteasome Inhibitors and Immunomodulatory Drugs: A Pharmacovigilance Disproportionality Analysis Using VigiBase.,Pharmacol Res Perspect,2025 Dec,10.1002/prp2.70191,autonomic_dysfunction
12673360,PMC12673360,Novel autonomic dysregulation score in children with hypothalamic syndrome.,Endocr Connect,2025 Dec 1,10.1530/EC-25-0336,autonomic_dysfunction
12662800,PMC12662800,Spinal cord metabolism in multiple sclerosis: a decade of missed opportunities and future directions.,Spinal Cord,2025 Dec,10.1038/s41393-025-01143-4,autonomic_dysfunction
12648521,PMC12648521,The spiked helmet sign in severe sepsis: an unusual electrocardiographic finding in a critically ill patient.,Oxf Med Case Reports,2025 Nov,10.1093/omcr/omaf232,autonomic_dysfunction
12628008,PMC12628008,Guillain-Barré Syndrome Following Malaria: A Rare Case Report From Rural Ethiopia and Literature Review.,Clin Case Rep,2025 Nov,10.1002/ccr3.71503,autonomic_dysfunction
12618121,PMC12618121,Oral Rehabilitation in Patient With Hereditary Sensory and Autonomic Neuropathy (HSAN) Type V: Clinical Report.,Case Rep Dent,2025,10.1155/crid/6868923,autonomic_dysfunction
12590904,PMC12590904,Autonomic Dysfunction Following Surgical Resection of Cervicomedullary Hemangioblastoma: A Case Report and Literature Review.,Cureus,2025 Oct,10.7759/cureus.94021,autonomic_dysfunction
12564675,PMC12564675,"The Gut-Brain-Immune Axis in Environmental Sensitivity Illnesses: Microbiome-Centered Narrative Review of Fibromyalgia Syndrome, Myalgic Encephalomyelitis/Chronic Fatigue Syndrome, and Multiple Chemical Sensitivity.",Int J Mol Sci,2025 Oct 14,10.3390/ijms26209997,autonomic_dysfunction
12563326,PMC12563326,Type B Fibers: A Novel Ultrastructural Biomarker for Cognitive Impairment in Neuronal Intranuclear Inclusion Disease.,Brain Sci,2025 Sep 23,10.3390/brainsci15101026,autonomic_dysfunction
12553641,PMC12553641,Pathology of the conus medullaris and cauda equina. Beyond the usual suspects.,Insights Imaging,2025 Oct 25,10.1186/s13244-025-02117-z,autonomic_dysfunction
12542510,PMC12542510,Tetanus following Guboow complications of Somali traditional burn therapy: a case report.,J Med Case Rep,2025 Oct 21,10.1186/s13256-025-05607-2,autonomic_dysfunction
12532868,PMC12532868,Multisystemic manifestations of a rare Glu89Lys (p. Glu109Lys) transthyretin amyloidosis: a case report of an East Asian female.,BMC Neurol,2025 Oct 17,10.1186/s12883-025-04392-1,autonomic_dysfunction
12508163,PMC12508163,Systematic review: digital biomarkers of fatigue in chronic diseases.,NPJ Digit Med,2025 Oct 8,10.1038/s41746-025-01939-x,autonomic_dysfunction
12490026,PMC12490026,Acetyl-DL-leucine (Tanganil™) in three patients with advanced multiple system atrophy.,BMC Neurol,2025 Oct 2,10.1186/s12883-025-04451-7,autonomic_dysfunction
12479046,PMC12479046,Charcot-Marie-Tooth Disease With Persistent Perioperative Hypotension due to Autonomic Dysfunction: A Case Report.,Case Rep Anesthesiol,2025,10.1155/cria/9639101,autonomic_dysfunction
12468104,PMC12468104,[(123)I]-Meta-Iodobenzylguanidine Scintigraphy in Sarcoidosis: Exploring Cardiac Autonomic Dysfunction in Patients with Unexplained Cardiac Symptoms.,Diagnostics (Basel),2025 Sep 11,10.3390/diagnostics15182306,autonomic_dysfunction
12468067,PMC12468067,Guillain-Barré Syndrome in Older People-A Case Report and Literature Review.,Diseases,2025 Sep 18,10.3390/diseases13090306,autonomic_dysfunction
12468459,PMC12468459,The Rehabilitation of a Patient with Acute Transverse Myelitis After HPV Vaccination-A Case Report.,Diseases,2025 Sep 1,10.3390/diseases13090281,autonomic_dysfunction
12453965,PMC12453965,Guillain-Barré Syndrome Following Falciparum Malaria in an 18-Year Male Adolescent: A Rare Case Report and Literature Review.,Clin Case Rep,2025 Sep,10.1002/ccr3.70932,autonomic_dysfunction
11559843,PMC11559843,"Autoimmune GFAP Astrocytopathy-Beyond the Known Horizon, India's First Multifaceted Institutional Experience.",Ann Neurosci,2025 Oct,10.1177/09727531241230213,autonomic_dysfunction
12448205,PMC12448205,Restrictive cardiomyopathy due to new mutation in the ACTN2 gene: a case report.,Eur Heart J Case Rep,2025 Sep,10.1093/ehjcr/ytaf421,autonomic_dysfunction
12442504,PMC12442504,Guillain-Barré Syndrome Secondary to Snake Bite: A Report of a Rare and Fatal Case.,Am J Case Rep,2025 Sep 13,10.12659/AJCR.948917,autonomic_dysfunction
12426198,PMC12426198,IgG4-related disease presenting with retroperitoneal fibrosis and hypertrophic spinal pachymeningitis: a rare case report and literature review.,Front Immunol,2025,10.3389/fimmu.2025.1619756,autonomic_dysfunction
12418807,PMC12418807,"Clinical Practice Guidelines for the Diagnosis, Management, and Surveillance of LMNB1-Related Autosomal Dominant Leukodystrophy.",Neurol Genet,2025 Oct,10.1212/NXG.0000000000200287,autonomic_dysfunction
12409181,PMC12409181,Diabetic Striatopathy: A Rare Case of Non-ketotic Hyperglycaemia-Induced Hemichorea.,Cureus,2025 Aug,10.7759/cureus.89384,autonomic_dysfunction
12409239,PMC12409239,Statin therapy and neuropathy in type 1 diabetes: A cross-sectional study.,Diabetes Obes Metab,2025 Oct,10.1111/dom.16617,autonomic_dysfunction
12396831,PMC12396831,Neuroleptic Malignant Syndrome in an Institutionalized Geriatric Patient Following Antipsychotic Switch to Quetiapine: A Fatal Outcome.,Cureus,2025 Jul,10.7759/cureus.89077,autonomic_dysfunction
12391061,PMC12391061,Lenticulostriate vasculopathy in newborns: whole genome sequencing data analysis.,Front Pediatr,2025,10.3389/fped.2025.1531086,autonomic_dysfunction
12381344,PMC12381344,Association Between Vaccination for Human Papillomavirus (HPV) and Autonomic Dysfunction and Menstrual Irregularities: A Self-Controlled Case Series Analysis.,Drugs Real World Outcomes,2025 Sep,10.1007/s40801-025-00504-y,autonomic_dysfunction
12369815,PMC12369815,Tetanus - a lethal and neglected infectious disease.,Ann Med Surg (Lond),2025 Jul,10.1097/MS9.0000000000003407,autonomic_dysfunction
12370160,PMC12370160,Comorbidity of Anxiety and Depression With Hypertension Among Young Adults in the United States: A Systematic Review of Bidirectional Associations and Implications for Blood Pressure Control.,Cureus,2025 Jul,10.7759/cureus.88532,autonomic_dysfunction
12357568,PMC12357568,Individuals Recovered from Severe COVID-19 are Predispose to Develop Atrial Fibrillation.,Int J Gen Med,2025,10.2147/IJGM.S527058,autonomic_dysfunction
12353725,PMC12353725,Intervention of Astragalus Membranaceus Extract in rats of spinal cord injury: a systematic review and meta-analysis.,Front Neurol,2025,10.3389/fneur.2025.1637608,autonomic_dysfunction
12347519,PMC12347519,A Comprehensive Review of a Mechanism-Based Ventricular Electrical Storm Management.,J Clin Med,2025 Jul 29,10.3390/jcm14155351,autonomic_dysfunction
12340729,PMC12340729,A Strategy for When Two Rare Entities Strike at Once: Carotid Artery Dissection With Carotid Sinus Hypersensitivity and Syndrome.,Cureus,2025 Jul,10.7759/cureus.87813,autonomic_dysfunction
12333716,PMC12333716,Spinal teratoma in an adolescent: a rare case report with intradural presentation and review of management strategies.,Ann Med Surg (Lond),2025 Aug,10.1097/MS9.0000000000003561,autonomic_dysfunction
12331266,PMC12331266,Pyloric Botulinum Toxin for Diabetic Gastroparesis: A Case of Sustained Glycaemic Improvement.,Eur J Case Rep Intern Med,2025,10.12890/2025_005495,autonomic_dysfunction
12321581,PMC12321581,Risk factors and predictors for Lewy body dementia: a systematic review.,NPJ Dement,2025,10.1038/s44400-025-00022-2,autonomic_dysfunction
12317807,PMC12317807,Profound Near Fatal Respiratory Dysfunction in a Neonate With Meningomyelocele: A Narrative With Neurosurgical Lessons.,Case Rep Pediatr,2025,10.1155/crpe/5569749,autonomic_dysfunction
12308146,PMC12308146,Heart Failure Management in Cardiac Amyloidosis: Towards a Paradigm Shift.,Card Fail Rev,2025,10.15420/cfr.2024.33,autonomic_dysfunction
12306247,PMC12306247,Mortality and risk factors in hospitalised adult patients with tetanus: a systematic review and meta-analysis.,BMJ Open,2025 Jul 28,10.1136/bmjopen-2025-101782,autonomic_dysfunction
12293099,PMC12293099,Sleep Disorders in Children with Rett Syndrome.,Children (Basel),2025 Jun 30,10.3390/children12070869,autonomic_dysfunction
12280218,PMC12280218,"The characteristic change of autoimmune encephalitis after the COVID-19 epidemic in Guangxi, China.",Sci Rep,2025 Jul 21,10.1038/s41598-025-10750-3,autonomic_dysfunction
12275011,PMC12275011,The Gut-Brain Axis in Parkinson disease: Emerging Concepts and Therapeutic Implications.,Mov Disord Clin Pract,2025 Jul,10.1002/mdc3.70029,autonomic_dysfunction
12274094,PMC12274094,Anesthesia Management in a Crisponi Syndrome Patient Undergoing Tracheotomy Surgery.,Case Rep Pediatr,2025,10.1155/crpe/7470643,autonomic_dysfunction
12265122,PMC12265122,The effects of non-insulin anti-diabetic medications on the diabetic microvascular complications: a systematic review and meta-analysis of randomized clinical trials.,BMC Endocr Disord,2025 Jul 16,10.1186/s12902-025-01985-2,autonomic_dysfunction
12254715,PMC12254715,Managing Psychosis in Acute Intermittent Porphyria: A Case Report on Olanzapine Use.,Cureus,2025 Jun,10.7759/cureus.85815,autonomic_dysfunction
12251536,PMC12251536,Heart Rate Variability (HRV) in Patients with Sleep Apnea and COPD: A Comprehensive Analysis.,J Clin Med,2025 Jun 30,10.3390/jcm14134630,autonomic_dysfunction
12238090,PMC12238090,Rehabilitation Strategies for Sleep and Autonomic Symptoms in Parkinson's Disease.,Curr Neurol Neurosci Rep,2025 Jul 8,10.1007/s11910-025-01433-7,autonomic_dysfunction
12209484,PMC12209484,Optimal foot skin care for diabetes-related foot ulcer prevention: scoping review.,Diabetol Int,2025 Jul,10.1007/s13340-025-00814-0,autonomic_dysfunction
12198438,PMC12198438,The human spinothalamic tract: lessons from cordotomy.,Brain Commun,2025,10.1093/braincomms/fcaf237,autonomic_dysfunction
12126594,PMC12126594,Single-nucleus and spatial signatures of the brainstem in normal brain and mild traumatic brain injury in male mice.,Nat Commun,2025 May 31,10.1038/s41467-025-59856-2,autonomic_dysfunction
12126662,PMC12126662,A Rare Culprit or an Elusive Culprit in Disguise? Unraveling Wild-Type ATTR Cardiac Amyloidosis in Heart Failure With Reduced Ejection Fraction.,J Investig Med High Impact Case Rep,2025 Jan-Dec,10.1177/23247096251345712,autonomic_dysfunction
12110449,PMC12110449,Anti-NMDA Receptor Encephalitis: A Narrative Review.,Brain Sci,2025 May 18,10.3390/brainsci15050518,autonomic_dysfunction
12103059,PMC12103059,Young-Onset Type 2 Diabetes and Its Association with Variant Angina in an Adolescent.,Am J Case Rep,2025 May 20,10.12659/AJCR.947489,autonomic_dysfunction
12089910,PMC12089910,Patients with Allan-Herndon-Dudley Syndrome (MCT8 Deficiency) Display Symptoms of Parkinsonism in Childhood and Respond to Levodopa/Carbidopa Treatment.,Mov Disord,2025 May,10.1002/mds.30152,autonomic_dysfunction
12077382,PMC12077382,A Case of Wallenberg Syndrome Presenting With Thunderclap Headache and Delayed Diagnosis Due to Negative Findings on Two MRI Examinations.,Cureus,2025 Apr,10.7759/cureus.82236,autonomic_dysfunction
12050346,PMC12050346,Quantitative Sensory Testing in a Girl With Tangier Disease: A Case Report.,Cureus,2025 Apr,10.7759/cureus.81676,autonomic_dysfunction
12049074,PMC12049074,Post-COVID-19 Guillain-Barré Syndrome with GM1 and GD1b Antibodies: A Case Study and Literature Review.,Am J Case Rep,2025 Apr 28,10.12659/AJCR.947416,autonomic_dysfunction
12046175,PMC12046175,Diagnostic and Therapeutic Challenges in an Acute Variegate Porphyric Crisis Complicated by Anuric Renal Failure and Multiorgan Dysfunction: A Case Report.,Am J Case Rep,2025 Apr 26,10.12659/AJCR.946969,autonomic_dysfunction
12040301,PMC12040301,New-Onset Progressive Ataxia in a 66-Year-Old Woman with Longstanding Parkinson's Disease: A Case Report.,Case Rep Neurol,2025 Jan-Dec,10.1159/000545411,autonomic_dysfunction
12039301,PMC12039301,Clinical features of hereditary transthyretin amyloidosis-polyneuropathy with transthyretin Ala97Ser(p.Ala117Ser) mutation in South Mainland China.,Orphanet J Rare Dis,2025 Apr 28,10.1186/s13023-025-03733-0,autonomic_dysfunction
12033788,PMC12033788,Isolated neurological symptoms of Wilson's disease manifesting as focal epileptic seizures without hepatic involvement: Insights from a case report.,J Int Med Res,2025 Apr,10.1177/03000605251328574,autonomic_dysfunction
12000123,PMC12000123,Effects of levodopa/carbidopa intestinal gel infusion on autonomic symptoms in advanced Parkinson's disease: a systematic review.,Clin Auton Res,2025 Apr,10.1007/s10286-024-01090-9,autonomic_dysfunction
11999390,PMC11999390,Antidepressant and antiobesity drug-induced serotonin syndrome complicated by multiple organ injury: A case report.,Medicine (Baltimore),2025 Apr 11,10.1097/MD.0000000000041626,autonomic_dysfunction
11989403,PMC11989403,Parkinson's Spectrum Mechanisms in Pregnancy: Exploring Hypothetical Scenarios for MSA in the Era of ART.,Int J Mol Sci,2025 Apr 3,10.3390/ijms26073348,autonomic_dysfunction
11983818,PMC11983818,Ultrasound-guided femoral nerve block combined with lateral femoral cutaneous nerve block in a patient with congenital insensitivity to pain and anhidrosis: a case report.,BMC Anesthesiol,2025 Apr 9,10.1186/s12871-025-03026-w,autonomic_dysfunction
11959410,PMC11959410,Intestinal Perforation Secondary to Bortezomib-Induced Autonomic Neuropathy.,Clin Case Rep,2025 Apr,10.1002/ccr3.70340,autonomic_dysfunction
11958171,PMC11958171,Prediction model for severe autoimmune encephalitis: a tool for risk assessment and individualized treatment guidance.,Front Neurol,2025,10.3389/fneur.2025.1575835,autonomic_dysfunction
11949495,PMC11949495,Esophageal Achalasia in Parkinson's Disease: Diagnosis and Management of a Rare Case.,Transl Med UniSa,2024,10.37825/2239-9747.1052,autonomic_dysfunction
11941199,PMC11941199,Recurrent Osteomyelitis in a Paediatric Patient with a Novel NTRK1 Mutation: A Case Report on Congenital Insensitivity to Pain with Anhidrosis.,Children (Basel),2025 Mar 9,10.3390/children12030344,autonomic_dysfunction
11942918,PMC11942918,An Emerging Perspective on the Role of Fascia in Complex Regional Pain Syndrome: A Narrative Review.,Int J Mol Sci,2025 Mar 20,10.3390/ijms26062826,autonomic_dysfunction
11933830,PMC11933830,Neurocardiology Update: The Brain-Heart Connection in Multiple Sclerosis-A Narrative Review.,Health Sci Rep,2025 Mar,10.1002/hsr2.70607,autonomic_dysfunction
11930527,PMC11930527,Atypical diffuse white matter changes in a patient with anti-GQ1B spectrum disorder: A case report.,Radiol Case Rep,2025 May,10.1016/j.radcr.2025.01.095,autonomic_dysfunction
11924404,PMC11924404,Use of droxidopa for blood pressure augmentation after acute spinal cord injury: case reports.,Acute Crit Care,2025 Feb,10.4266/acc.2021.01662,autonomic_dysfunction
11891066,PMC11891066,Clinical study of the relationship between hepatitis B core antibody and mechanical ventilation in patients with Guillain-Barré syndrome.,Front Neurol,2025,10.3389/fneur.2025.1530286,autonomic_dysfunction
11864905,PMC11864905,Guillain-Barre Syndrome with Acute Lymphoblastic Leukemia: Case Report.,Int Med Case Rep J,2024,10.2147/IMCRJ.S496062,autonomic_dysfunction
11853085,PMC11853085,Small-Fiber Neuropathy: An Etiology-Oriented Review.,Brain Sci,2025 Feb 6,10.3390/brainsci15020158,autonomic_dysfunction
11837777,PMC11837777,Clinical analysis and case series report on autoimmune glial fibrillary acidic protein astrocytopathy presenting with autonomic dysfunction.,Front Neurol,2024,10.3389/fneur.2024.1464891,autonomic_dysfunction
11830951,PMC11830951,Late gadolinium enhancement in mid infero-septal area after left bundle branch area pacing in the setting of bifascicular block and syncope: a case report.,Eur Heart J Case Rep,2025 Feb,10.1093/ehjcr/ytaf035,autonomic_dysfunction
11805328,PMC11805328,"Exploring the Interplay of Smoking Behavior, Heart Rate Variability, Pulmonary Function Test Results, Diabetes, and Mood Disorders: A Systematic Review.",J Pharm Bioallied Sci,2024 Dec,10.4103/jpbs.jpbs_1287_24,autonomic_dysfunction
11794125,PMC11794125,Autoimmune glial fibrillary acidic protein astrocytopathy misdiagnosed as intracranial infectious diseases: case reports and literature review.,Front Immunol,2025,10.3389/fimmu.2025.1519700,autonomic_dysfunction
11792330,PMC11792330,Effect of exercise training on cardiac autonomic function in type 2 diabetes mellitus: a systematic review and meta-analysis.,Syst Rev,2025 Feb 4,10.1186/s13643-025-02772-9,autonomic_dysfunction
11765831,PMC11765831,Early Autonomic Dysfunction in Traumatic Brain Injury: An Article Review on the Impact on Multiple Organ Dysfunction.,J Clin Med,2025 Jan 16,10.3390/jcm14020557,autonomic_dysfunction
11762238,PMC11762238,Acute Hyperhidrosis: A Clue to Underlying Autonomic Dysfunction and a Rare Neurological Disorder.,Cureus,2024 Dec,10.7759/cureus.76387,autonomic_dysfunction
11720336,PMC11720336,A novel treatment strategy with hyperbaric oxygen of chronic osteomyelitis and pseudoarthrosis in a child with congenital hereditary sensory and autonomic neuropathy type 4 congenital insensitivity to pain with anhidrosis syndrome: a case report.,J Med Case Rep,2025 Jan 9,10.1186/s13256-024-05022-z,autonomic_dysfunction
11705187,PMC11705187,An Interesting Case of Acute Transverse Myelitis Secondary to Hepatitis C and Tricuspid Valve Endocarditis: A Case Report.,Cureus,2024 Dec,10.7759/cureus.75312,autonomic_dysfunction
11698547,PMC11698547,Carotid Body Tumor: Incidental Discovery and Diagnosis.,Cureus,2024 Dec,10.7759/cureus.75074,autonomic_dysfunction
11663233,PMC11663233,Ogilvie's Syndrome Following Herpes Zoster Infection: A Comprehensive Review of the Literature.,Cureus,2024 Nov,10.7759/cureus.74191,autonomic_dysfunction
11649939,PMC11649939,Memantine-Assisted Treatment of N-Methyl-D-Aspartate Receptor Antibody Encephalitis: A Mini Review.,Neuropsychiatr Dis Treat,2024,10.2147/NDT.S457591,autonomic_dysfunction
11624302,PMC11624302,Recurrent spinal subdural hematoma following percutaneous kyphoplasty: A unique case report.,Chin J Traumatol,2024 Dec,10.1016/j.cjtee.2024.08.005,autonomic_dysfunction
11604396,PMC11604396,Deterioration of Vocal Cord Paralysis after COVID-19 Infection in Multiple System Atrophy.,Intern Med,2024 Nov 1,10.2169/internalmedicine.4110-24,autonomic_dysfunction
11601889,PMC11601889,Severe Acute Transverse Myelitis With a Rapid Progression in an Infant.,Cureus,2024 Oct,10.7759/cureus.72558,autonomic_dysfunction
11588819,PMC11588819,Takotsubo syndrome in a Sardinian amyotrophic lateral sclerosis cohort.,J Neurol,2024 Dec,10.1007/s00415-024-12681-x,autonomic_dysfunction
11570938,PMC11570938,The brain-heart connection: Value of concurrent ECG and EEG recordings in epilepsy management.,Epilepsy Behav Rep,2024,10.1016/j.ebr.2024.100726,autonomic_dysfunction
11538991,PMC11538991,Symptomatic orthostatic hypotension due to standing mid-left ventricular obstruction: a case report.,Eur Heart J Case Rep,2024 Nov,10.1093/ehjcr/ytae566,autonomic_dysfunction
11520209,PMC11520209,Autonomic Dysfunction Among Adult Survivors of Childhood Cancer.,JACC CardioOncol,2024 Oct,10.1016/j.jaccao.2024.09.004,autonomic_dysfunction
11465670,PMC11465670,Insight of autonomic dysfunction in CLN3 disease: a study on episodes resembling paroxysmal sympathetic hyperactivity (PSH).,Orphanet J Rare Dis,2024 Oct 10,10.1186/s13023-024-03336-1,autonomic_dysfunction
11459426,PMC11459426,Severe Guillain-Barre syndrome induced by intravitreal injection of ranibizumab for branch retinal vein occlusion: a case report.,AME Case Rep,2024,10.21037/acr-23-107,autonomic_dysfunction
11454249,PMC11454249,6610 Emphasizing the evaluation of autonomic dysfunctioncontributes to the diagnosis of ROHHAD Syndrome -- Based on a comparative analysis of two center ROHHAD Syndrome case reports and reported literature.,J Endocr Soc,2024 Oct-Nov,10.1210/jendso/bvae163.1204,autonomic_dysfunction
11449492,PMC11449492,Aggressive Course of Myelin Oligodendrocyte Glycoprotein Antibody-Associated Disease (MOGAD): An Illustration of Two Cases and Review of Literature.,Cureus,2024 Sep,10.7759/cureus.68563,autonomic_dysfunction
11416968,PMC11416968,The Gly103Arg variant in hereditary transthyretin amyloidosis.,Front Neurol,2024,10.3389/fneur.2024.1471131,autonomic_dysfunction
11377680,PMC11377680,Repeat length in spinocerebellar ataxia type 4 (SCA4) predicts age at onset and disease severity.,J Neurol,2024 Sep,10.1007/s00415-024-12600-0,autonomic_dysfunction
11372533,PMC11372533,The predictive role of autonomic neuropathy in pre- and post-liver transplantation outcomes: a systematic review and meta-analysis.,Ann Gastroenterol,2024 Sep-Oct,10.20524/aog.2024.0905,autonomic_dysfunction
11368817,PMC11368817,Bowel burdens: a systematic review and meta-analysis examining the relationships between bowel dysfunction and quality of life after spinal cord injury.,Spinal Cord,2024 Sep,10.1038/s41393-024-01002-8,autonomic_dysfunction
11317325,PMC11317325,Prevalence and Risk Factors of Cardiovascular Autonomic Neuropathy in Individuals with Type 1 Diabetes Mellitus: A Systematic Review and Meta-Analysis.,Rev Cardiovasc Med,2024 Jul,10.31083/j.rcm2507244,autonomic_dysfunction
11318722,PMC11318722,"Anti-N-Methyl-D-Aspartate Receptor Encephalitis and Life-Threatening Sinus Node Dysfunction: A Case Report, Literature Review, and Analysis of 23 Cases.",Cureus,2024 Jul,10.7759/cureus.64472,autonomic_dysfunction
11307022,PMC11307022,Serine Palmitoyltransferase (SPT)-related Neurodegenerative and Neurodevelopmental Disorders.,J Neuromuscul Dis,2024,10.3233/JND-240014,autonomic_dysfunction
11271026,PMC11271026,Exploring heart rate variability in polycystic ovary syndrome: implications for cardiovascular health: a systematic review and meta-analysis.,Syst Rev,2024 Jul 24,10.1186/s13643-024-02617-x,autonomic_dysfunction
11268033,PMC11268033,Atypical Presentation of Ziprasidone-Induced Neuroleptic Malignant Syndrome: A Case Report.,J Investig Med High Impact Case Rep,2024 Jan-Dec,10.1177/23247096241262690,autonomic_dysfunction
11195912,PMC11195912,A Tale of Two Afflictions: Transverse Myelitis and COVID-19 in a Young Female Patient.,Cureus,2024 May,10.7759/cureus.61066,autonomic_dysfunction
11185538,PMC11185538,Persistent Neurological Deficits in Mouse PASC Reveal Antiviral Drug Limitations.,bioRxiv,2024 Jun 3,10.1101/2024.06.02.596989,autonomic_dysfunction
11129138,PMC11129138,Perioperative cardiac risks in myasthenia gravis.,World J Clin Cases,2024 May 6,10.12998/wjcc.v12.i13.2147,autonomic_dysfunction
11120262,PMC11120262,"Long COVID in Children, Adults, and Vulnerable Populations: A Comprehensive Overview for an Integrated Approach.",Diseases,2024 May 6,10.3390/diseases12050095,autonomic_dysfunction
11097304,PMC11097304,Identification of a Novel Homozygous Mutation in PRDM12 Gene in a Patient with Hereditary Sensory and Autonomic Neuropathy Type VIII.,Arch Iran Med,2024 Apr 1,10.34172/aim.2024.32,autonomic_dysfunction
11060229,PMC11060229,A case report of vaping-associated sudden cardiac arrest in a young healthy patient.,Ann Med Surg (Lond),2024 May,10.1097/MS9.0000000000001907,autonomic_dysfunction
11055527,PMC11055527,Anesthesia Management in Massive Occipital Meningoencephalocele with Chiari III Malformation: A Case Report.,Int Med Case Rep J,2024,10.2147/IMCRJ.S453554,autonomic_dysfunction
11025188,PMC11025188,Aripiprazole-induced quasi-neuroleptic malignant syndrome: two case reports.,J Med Case Rep,2024 Apr 18,10.1186/s13256-024-04508-0,autonomic_dysfunction
11012290,PMC11012290,Autonomic Function in Obese Children and Adolescents: Systematic Review and Meta-Analysis.,J Clin Med,2024 Mar 23,10.3390/jcm13071854,autonomic_dysfunction
11005222,PMC11005222,Reconceptualizing autonomic function testing in migraine: a systematic review and meta-analysis.,J Headache Pain,2024 Apr 10,10.1186/s10194-024-01758-7,autonomic_dysfunction
10923340,PMC10923340,A 16-year-old boy presented with triple-A syndrome associated with neuromuscular disorders: a case report.,Ann Med Surg (Lond),2024 Mar,10.1097/MS9.0000000000001779,autonomic_dysfunction
10892370,PMC10892370,From Toxin to Treatment: A Narrative Review on the Use of Botulinum Toxin for Autonomic Dysfunction.,Toxins (Basel),2024 Feb 10,10.3390/toxins16020096,autonomic_dysfunction
10879635,PMC10879635,Delayed amyotrophic lateral sclerosis diagnosis with subtle cardiac manifestations: Was anchoring bias contributory?,Clin Case Rep,2024 Feb,10.1002/ccr3.8544,autonomic_dysfunction
10877782,PMC10877782,A therapeutic challenge relating to the association of orthostatic hypotension and supine hypertension in a patient with cardiac autonomic neuropathy: a case report.,J Med Case Rep,2024 Feb 20,10.1186/s13256-024-04346-0,autonomic_dysfunction
10836564,PMC10836564,Serotonin syndrome and neuroleptic malignant syndrome: A case report of intersecting symptomatology.,Ment Health Clin,2024 Feb,10.9740/mhc.2024.02.023,autonomic_dysfunction
10798782,PMC10798782,Phenotypes of a toddler with hereditary sensory and autonomic neuropathy type IV: comparing with normal: A case report.,Medicine (Baltimore),2024 Jan 19,10.1097/MD.0000000000036955,autonomic_dysfunction
10771322,PMC10771322,Sympathetic nerve blocks for posttraumatic stress disorder: an evidentiary review for future clinical trials.,Front Psychiatry,2023,10.3389/fpsyt.2023.1309986,autonomic_dysfunction
10765813,PMC10765813,Impaired cerebral microvascular endothelial cells integrity due to elevated dopamine in myasthenic model.,J Neuroinflammation,2024 Jan 4,10.1186/s12974-023-03005-3,autonomic_dysfunction
10713371,PMC10713371,Ceftriaxone-associated Biliary Pseudolithiasis with Elderly Type 1 Diabetes Mellitus: Two Case Reports.,Intern Med,2023 Nov 15,10.2169/internalmedicine.1405-22,autonomic_dysfunction
10696640,PMC10696640,Congenital Insensitivity to Pain with Anhidrosis: A Case Report.,Cureus,2023 Nov,10.7759/cureus.48294,autonomic_dysfunction
10689120,PMC10689120,Tetanus Overlooked Due to the Involvement of Multiple Departments: A Case Report.,Cureus,2023 Oct,10.7759/cureus.48066,autonomic_dysfunction
10632228,PMC10632228,Unveiling the role of cerebellar alterations in the autonomic nervous system: a systematic review of autonomic dysfunction in spinocerebellar ataxias.,J Neurol,2023 Dec,10.1007/s00415-023-11993-8,autonomic_dysfunction
10629858,PMC10629858,A Rare Case of Lambert-Eaton Myasthenia Syndrome Associated with Non-Hodgkin's Lymphoma: A Case Report and Review of the Literature.,Case Rep Oncol,2023 Jan-Dec,10.1159/000534557,autonomic_dysfunction
10625810,PMC10625810,Prodromal Dementia with Lewy Bodies: A Case Series of the 3 Prodromal Types from Clinical Practice.,Case Rep Neurol,2023 Jan-Dec,10.1159/000533378,autonomic_dysfunction
10589599,PMC10589599,A case of successful hormone therapy for refractory hypotension following viral encephalitis: Case report.,Medicine (Baltimore),2023 Oct 20,10.1097/MD.0000000000034988,autonomic_dysfunction
10583799,PMC10583799,Respiratory arrest after posterior fossa decompression in patients with Chiari malformations: An overview.,J Craniovertebr Junction Spine,2023 Jul-Sep,10.4103/jcvjs.jcvjs_70_23,autonomic_dysfunction
10572826,PMC10572826,The Effect of Exercise on Cardiovascular Autonomic Nervous Function in Patients with Diabetes: A Systematic Review.,Healthcare (Basel),2023 Oct 1,10.3390/healthcare11192668,autonomic_dysfunction
10542526,PMC10542526,Exploring Outcome Priorities and Real-Life Management of Chemotherapy-Induced Peripheral Neurotoxicity: A Survey of the Italian Association for the Study of Pain members.,J Pain Res,2023,10.2147/JPR.S414389,autonomic_dysfunction
10494848,PMC10494848,Electrodermal activity and heart rate variability for detection of peripheral abnormalities in type 2 diabetes: A review.,Biomol Biomed,2023 Sep 4,10.17305/bb.2022.8561,autonomic_dysfunction
10512534,PMC10512534,Anti-alpha-amino-3-hydroxy-5-methyl-4-isoxazolepropionic acid receptor encephalitis developed after ovarian cancer cytoreduction surgery: a case report and literature review.,BMC Womens Health,2023 Sep 21,10.1186/s12905-023-02636-1,autonomic_dysfunction
10492459,PMC10492459,Serotonin Syndrome in Critical Care.,J Investig Med High Impact Case Rep,2023 Jan-Dec,10.1177/23247096231194841,autonomic_dysfunction
10666899,PMC10666899,"Ofatumumab, a Fully Human Anti-CD20 Monoclonal Antibody, in the Treatment of Severe Refractory Anti-N-methyl-D-Aspartate Receptor Encephalitis: Two Case Reports.",Ann Indian Acad Neurol,2023 Sep-Oct,10.4103/aian.aian_236_23,autonomic_dysfunction
10467168,PMC10467168,"A narrative review and expert recommendations on the assessment of the clinical manifestations, follow-up, and management of post-OLT patients with ATTRv amyloidosis.",Ther Adv Neurol Disord,2023,10.1177/17562864231191590,autonomic_dysfunction
10467403,PMC10467403,Ileus induced by the combination of vinca alkaloids and posaconazole in a patient with acute lymphoblastic leukemia: a case report and literature review.,J Int Med Res,2023 Aug,10.1177/03000605231193823,autonomic_dysfunction
10455121,PMC10455121,Unexpected Adverse Events of Immune Checkpoint Inhibitors.,Life (Basel),2023 Jul 29,10.3390/life13081657,autonomic_dysfunction
10445067,PMC10445067,COVID-19-induced gastrointestinal autonomic dysfunction: A systematic review.,World J Clin Cases,2023 Aug 6,10.12998/wjcc.v11.i22.5252,autonomic_dysfunction
10418501,PMC10418501,Tako-Tsubo Syndrome in Amyotrophic Lateral Sclerosis: Single-Center Case Series and Brief Literature Review.,Int J Mol Sci,2023 Jul 28,10.3390/ijms241512096,autonomic_dysfunction
10368087,PMC10368087,Thirty-Year Follow-Up of Early Onset Amyotrophic Lateral Sclerosis with a Pathogenic Variant in SPTLC1.,Case Rep Neurol,2023 Jan-Dec,10.1159/000530974,autonomic_dysfunction
10311857,PMC10311857,Anti-N-methyl-D-aspartate receptor encephalitis and positive human herpesvirus-7 deoxyribonucleic acid in cerebrospinal fluid: a case report.,J Med Case Rep,2023 Jun 29,10.1186/s13256-023-03909-x,autonomic_dysfunction
10257554,PMC10257554,Ampreloxetine Versus Droxidopa in Neurogenic Orthostatic Hypotension: A Comparative Review.,Cureus,2023 May,10.7759/cureus.38907,autonomic_dysfunction
10250140,PMC10250140,Neuromyelitis Optica Spectrum Disorder: A Rare Case of Transverse Myelitis and Autonomic Dysfunction.,Cureus,2023 May,10.7759/cureus.38791,autonomic_dysfunction
10224104,PMC10224104,Is the Effect of the COVID-19 Vaccine on Heart Rate Variability Permanent?,Medicina (Kaunas),2023 Apr 28,10.3390/medicina59050852,autonomic_dysfunction
10205362,PMC10205362,Acute neurogenic stunned myocardium in a patient with Guillain-Barré syndrome: case report.,Ann Med Surg (Lond),2023 May,10.1097/MS9.0000000000000636,autonomic_dysfunction
10195051,PMC10195051,PO-05-234 AUTONOMIC DYSFUNCTION AFTER COVID-19 IMMUNIZATION - CASE REPORT.,Heart Rhythm,2023 May,10.1016/j.hrthm.2023.03.1424,autonomic_dysfunction
10187022,PMC10187022,COVID-19 as a trigger of Guillain-Barré syndrome: A review of the molecular mechanism.,Immun Inflamm Dis,2023 May,10.1002/iid3.875,autonomic_dysfunction
10185646,PMC10185646,Diabetes mellitus - risk factor and potential future target for hepatic encephalopathy in patients with liver cirrhosis?,Metab Brain Dis,2023 Jun,10.1007/s11011-022-01068-4,autonomic_dysfunction
10141598,PMC10141598,Reactive Hyperemia and Cardiovascular Autonomic Neuropathy in Type 2 Diabetic Patients: A Systematic Review of Randomized and Nonrandomized Clinical Trials.,Medicina (Kaunas),2023 Apr 16,10.3390/medicina59040770,autonomic_dysfunction
10143446,PMC10143446,Parkinson's Disease and the Cardiac Cycle: A Rapid Literature Review and Case Series.,Life (Basel),2023 Apr 13,10.3390/life13041003,autonomic_dysfunction
10117695,PMC10117695,Clinical Features and Classification of Neuronal Intranuclear Inclusion Disease.,Neurol Genet,2023 Apr,10.1212/NXG.0000000000200057,autonomic_dysfunction
10110930,PMC10110930,Autonomic Dysfunction Related to Postacute SARS-CoV-2 Syndrome.,Phys Med Rehabil Clin N Am,2023 Aug,10.1016/j.pmr.2023.04.003,autonomic_dysfunction
10098674,PMC10098674,Cardiovascular autonomic dysfunction induced by mechanical insufflation-exsufflation in Guillain-Barré syndrome.,Respirol Case Rep,2023 May,10.1002/rcr2.1135,autonomic_dysfunction
10082574,PMC10082574,6084 Cases of Adult Tetanus from China: A Literature Analysis.,Infect Drug Resist,2023,10.2147/IDR.S404747,autonomic_dysfunction
10068466,PMC10068466,Thymoma-associated autoimmune encephalitis: Analysis of factors determining prognosis.,CNS Neurosci Ther,2023 May,10.1111/cns.14166,autonomic_dysfunction
9981577,PMC9981577,A rare case of hereditary sensory and autonomic neuropathy type II.,Clin Case Rep,2023 Mar,10.1002/ccr3.7015,autonomic_dysfunction
9982187,PMC9982187,Effects of Atomoxetine for the Treatment of Neurogenic Orthostatic Hypotension in Patients With Alpha-synucleinopathies: A Systematic Review of Randomized Controlled Trials and a Focus-Group Discussion.,J Clin Neurol,2023 Mar,10.3988/jcn.2022.0018,autonomic_dysfunction
9976414,PMC9976414,Case report: malignant hypertension associated with catecholamine excess in a patient with Leigh syndrome.,Clin Hypertens,2023 Mar 1,10.1186/s40885-022-00231-4,autonomic_dysfunction
9961012,PMC9961012,Exploring the Role of ACE2 as a Connecting Link between COVID-19 and Parkinson's Disease.,Life (Basel),2023 Feb 15,10.3390/life13020536,autonomic_dysfunction
9934048,PMC9934048,SIALORRHEA AND XEROSTOMIA IN PARKINSON'S DISEASE PATIENTS.,Acta Clin Croat,2022 Aug,10.20471/acc.2022.61.02.19,autonomic_dysfunction
9905947,PMC9905947,Acute Colonic Pseudo-Obstruction Secondary to Renal Calculus: A Case Report and Review of Pathophysiology.,Cureus,2023 Feb,10.7759/cureus.34756,autonomic_dysfunction
9906264,PMC9906264,Association of arterial stiffness and neuropathy in diabetes: a systematic review and meta-analysis.,BMJ Open Diabetes Res Care,2023 Feb,10.1136/bmjdrc-2022-003140,autonomic_dysfunction
9885840,PMC9885840,"Rapid-Onset Obesity, Hypothalamic Dysregulation, Hypoventilation, Autonomic Dysregulation, and Neuroendocrine Tumour: Rare Syndrome with Myriad Anaesthesia Implications.",Turk J Anaesthesiol Reanim,2022 Dec,10.5152/TJAR.2022.21395,autonomic_dysfunction
9901202,PMC9901202,Clinical characteristics of chronic rhinitis following stroke.,Front Neurol,2023,10.3389/fneur.2023.1081390,autonomic_dysfunction
9857898,PMC9857898,Contactin-associated protein-like 2 antibody-associated autoimmune encephalitis in children: case reports and systematic review of literature.,Acta Neurol Belg,2023 Oct,10.1007/s13760-023-02174-5,autonomic_dysfunction
9842933,PMC9842933,A case of traumatic intrapleural foreign body with progressive supranuclear palsy removed by thoracoscopic surgery.,Trauma Case Rep,2023 Feb,10.1016/j.tcr.2023.100761,autonomic_dysfunction
9813233,PMC9813233,Autonomic dysfunction in progressive supranuclear palsy.,J Neurol,2023 Jan,10.1007/s00415-022-11347-w,autonomic_dysfunction
9789564,PMC9789564,Sudden gamer death: non-violent death cases linked to playing video games.,BMC Psychiatry,2022 Dec 23,10.1186/s12888-022-04373-5,autonomic_dysfunction
9742062,PMC9742062,The unpredictability of labile blood pressure: Afferent baroreflex failure in a critical patient with multiple thyroid surgeries and COVID-19 infection.,Radiol Case Rep,2023 Feb,10.1016/j.radcr.2022.11.030,autonomic_dysfunction
9668071,PMC9668071,Spinal electrical stimulation to improve sympathetic autonomic functions needed for movement and exercise after spinal cord injury: a scoping clinical review.,J Neurophysiol,2022 Sep 1,10.1152/jn.00205.2022,autonomic_dysfunction
9671187,PMC9671187,Novel transthyretin gene mutation in familial amyloid neuropathy in India: Case.,Ann Afr Med,2022 Jul-Sep,10.4103/aam.aam_260_21,autonomic_dysfunction
9659563,PMC9659563,Idiopathic membranous nephropathy with renal amyloidosis: A case report.,Front Med (Lausanne),2022,10.3389/fmed.2022.986065,autonomic_dysfunction
9638276,PMC9638276,Leptomeningeal carcinomatosis in a patient with recurrent unresectable squamous cell carcinoma of the retromolar trigone-a brief report.,J Egypt Natl Canc Inst,2022 Nov 7,10.1186/s43046-022-00147-y,autonomic_dysfunction
9533363,PMC9533363,"Combined treatment with radiotherapy, chemotherapy and avelumab results in regression of metastatic Merkel cell carcinoma and improvement of associated Lambert-Eaton myasthenic syndrome: A case report.",Oncol Lett,2022 Nov,10.3892/ol.2022.13513,autonomic_dysfunction
9573263,PMC9573263,Two Case Reports of Patients With Transverse Myelitis as a Complication of SARS-CoV-2 Infection.,Cureus,2022 Sep,10.7759/cureus.29191,autonomic_dysfunction
9556677,PMC9556677,Cervical selective nerve root injection alleviates chronic refractory pain after brachial plexus avulsion: a case report.,JA Clin Rep,2022 Oct 12,10.1186/s40981-022-00574-9,autonomic_dysfunction
9544507,PMC9544507,A case report: Anesthetic management for open-heart surgery in a child with congenital insensitivity to pain with anhidrosis.,Paediatr Anaesth,2022 Sep,10.1111/pan.14515,autonomic_dysfunction
9510600,PMC9510600,Anesthetic management of a child with congenital insensitivity to pain with anhidrosis: A case report.,Front Surg,2022,10.3389/fsurg.2022.997162,autonomic_dysfunction
9444164,PMC9444164,Posterior Myocardial Infarction in a 45-Year-Old Javanese Woman with a 1-Month History of COVID-19-Related Guillain-Barré Syndrome: A Challenging Emergency Diagnosis.,Am J Case Rep,2022 Aug 31,10.12659/AJCR.937105,autonomic_dysfunction
9464770,PMC9464770,Ocular contrapulsion followed by ipsipulsion in Wallenberg syndrome: The first case report in literature.,Radiol Case Rep,2022 Nov,10.1016/j.radcr.2022.06.099,autonomic_dysfunction
9396113,PMC9396113,Case Report: Neuroleptic malignant syndrome in a HIV-positive patient.,F1000Res,2020,10.12688/f1000research.27165.2,autonomic_dysfunction
9437380,PMC9437380,A Case of Varicella-Zoster Virus Meningomyelitis in an HIV-1-Infected Patient: Facing the Challenges Related to Its Management and Prognosis.,Cureus,2022 Aug,10.7759/cureus.27652,autonomic_dysfunction
9377719,PMC9377719,A Clinical Case of COVID-19 Vaccine-Associated Guillain-Barré Syndrome.,Am J Case Rep,2022 Aug 10,10.12659/AJCR.936896,autonomic_dysfunction
9297410,PMC9297410,Effects of Kampo medicine hangebyakujutsutemmato on persistent postural-perceptual dizziness: A retrospective pilot study.,World J Clin Cases,2022 Jul 16,10.12998/wjcc.v10.i20.6811,autonomic_dysfunction
9426152,PMC9426152,Congenital corneal anesthesia: A case series.,Indian J Ophthalmol,2022 Jul,10.4103/ijo.IJO_3001_21,autonomic_dysfunction
9414331,PMC9414331,"Fourteen-year change in activities of daily living of a quadriplegic, ventilator-managed patient injured by high cervical spinal cord injury during infancy: a case report.",BMC Pediatr,2022 Aug 25,10.1186/s12887-022-03573-y,autonomic_dysfunction
9291215,PMC9291215,Use of Mayer wave activity to demonstrate aberrant cardiovascular autonomic control following sports concussion injury.,Ann N Y Acad Sci,2022 Jan,10.1111/nyas.14683,autonomic_dysfunction
9277170,PMC9277170,Lambert-Eaton Myasthenic Syndrome in Lung Cancer.,Contrast Media Mol Imaging,2022,10.1155/2022/3912376,autonomic_dysfunction
9235195,PMC9235195,Atypical dermatologic manifestations in complex regional pain syndrome: a case report.,J Med Case Rep,2022 Jun 27,10.1186/s13256-022-03466-9,autonomic_dysfunction
9226898,PMC9226898,Body Structural Description Impairment in Complex Regional Pain Syndrome Type I.,Front Psychol,2022,10.3389/fpsyg.2022.853641,autonomic_dysfunction
9136724,PMC9136724,Cough as a neurological sign: What a clinician should know.,World J Crit Care Med,2022 May 9,10.5492/wjccm.v11.i3.115,autonomic_dysfunction
9128783,PMC9128783,Neuropathic symptoms with SARS-CoV-2 vaccination.,medRxiv,2022 May 17,10.1101/2022.05.16.22274439,autonomic_dysfunction
9119822,PMC9119822,Bilateral horizontal gaze palsy due to Anti-IgLON5 disease.,Am J Ophthalmol Case Rep,2022 Sep,10.1016/j.ajoc.2022.101574,autonomic_dysfunction
8977423,PMC8977423,Guillain-Barré Syndrome with Rapid Onset and Autonomic Dysfunction Following First Dose of Pfizer-BioNTech COVID-19 Vaccine: A Case Report.,Neurohospitalist,2022 Apr,10.1177/19418744211065242,autonomic_dysfunction
8955948,PMC8955948,"Inherited Sensory and Autonomic Neuropathy in a Border Collie, Interest of Oclacitinib for the Control of Self-Mutilation.",Vet Sci,2022 Mar 10,10.3390/vetsci9030127,autonomic_dysfunction
8933941,PMC8933941,Autonomic dysfunction detected by skin sympathetic response in Lambert-Eaton myasthenic syndrome: a case report.,BMC Neurol,2022 Mar 19,10.1186/s12883-022-02625-1,autonomic_dysfunction
8913146,PMC8913146,Orthostatic Hypotension and Concurrent Autonomic Dysfunction: A Novel Complication of Lung Transplantation.,J Transplant,2022,10.1155/2022/3308939,autonomic_dysfunction
8896909,PMC8896909,Physiotherapy management of acute transverse myelitis in a pediatric patient in a Nigerian hospital: a case report.,J Med Case Rep,2022 Mar 5,10.1186/s13256-022-03301-1,autonomic_dysfunction
8891732,PMC8891732,Autonomic dysfunction in patients with COVID‑19.,Acta Neurol Belg,2022 Aug,10.1007/s13760-022-01899-z,autonomic_dysfunction
8888298,PMC8888298,Intradural extramedullary cavernous hemangioma of the cervicothoracic junction: A case report and review of the literature.,Surg Neurol Int,2022,10.25259/SNI_964_2021,autonomic_dysfunction
8831948,PMC8831948,Treatment-induced neuropathy of diabetes in an adolescent with rapid reduction in HbA1c and weight loss: Persistent neuropathic findings at follow-up after 1.5 years.,Clin Case Rep,2022 Feb,10.1002/ccr3.5415,autonomic_dysfunction
8802431,PMC8802431,Neonatal tetanus with good outcomes at a regional referral hospital in Eastern Uganda: a case report.,J Med Case Rep,2022 Jan 31,10.1186/s13256-022-03255-4,autonomic_dysfunction
8787538,PMC8787538,Bilateral Paragangliomas in the Setting of Autonomic Dysfunction: A Case Report.,Case Rep Neurol,2021 Sep-Dec,10.1159/000521009,autonomic_dysfunction
8758270,PMC8758270,A Network Meta-Analysis of the Clinical Efficacy and Safety of Commonly Used Chinese Patent Medicines in the Auxiliary Treatment of Poststroke Depression.,Evid Based Complement Alternat Med,2022,10.1155/2022/7265769,autonomic_dysfunction
8715297,PMC8715297,Acute spinal cord ischemia in a patient with Situs Inversus Totalis.,Radiol Case Rep,2022 Mar,10.1016/j.radcr.2021.11.016,autonomic_dysfunction
8714013,PMC8714013,QTc Interval Prolongation with Therapies Used to Treat Patients with Parkinson's Disease Psychosis: A Narrative Review.,Neuropsychiatr Dis Treat,2021,10.2147/NDT.S324145,autonomic_dysfunction
8710715,PMC8710715,Effects of Non-invasive Brain Stimulation on Multiple System Atrophy: A Systematic Review.,Front Neurosci,2021,10.3389/fnins.2021.771090,autonomic_dysfunction
8672656,PMC8672656,Autonomic dysfunction post-inoculation with ChAdOx1 nCoV-19 vaccine.,Eur Heart J Case Rep,2021 Dec,10.1093/ehjcr/ytab472,autonomic_dysfunction
8607029,PMC8607029,Video Representation of Dopamine-Responsive Multiple System Atrophy Cerebellar Type.,Am J Case Rep,2021 Nov 15,10.12659/AJCR.933995,autonomic_dysfunction
8579061,PMC8579061,"A 5-Year-Old Palestinian Bedouin Girl with Repeated Self-Induced Injuries to the Digits, a Diagnosis of Congenital Insensitivity to Pain, and Anhidrosis.",Am J Case Rep,2021 Nov 4,10.12659/AJCR.933486,autonomic_dysfunction
8626157,PMC8626157,Autonomic dysfunction post-acute COVID-19 infection.,HeartRhythm Case Rep,2022 Mar,10.1016/j.hrcr.2021.11.019,autonomic_dysfunction
8615554,PMC8615554,Heart Rate Variability in Insulo-Opercular Epilepsy.,Brain Sci,2021 Nov 13,10.3390/brainsci11111505,autonomic_dysfunction
8551600,PMC8551600,Isolated lumbar intradural tailgut cyst: A case report and review of the literature.,Heliyon,2021 Oct,10.1016/j.heliyon.2021.e08223,autonomic_dysfunction
8541758,PMC8541758,Anesthetic Care During Tracheostomy in a Patient with Generalized Tetanus: A Case Report.,Int Med Case Rep J,2021,10.2147/IMCRJ.S332175,autonomic_dysfunction
8413795,PMC8413795,Temporal rank of clinical characteristics and prognosis of anti-N-methyl-d-aspartate receptor encephalitis.,Brain Behav,2021 Aug,10.1002/brb3.2277,autonomic_dysfunction
8355129,PMC8355129,"Adverse effects of hypertension, supine hypertension, and perivascular space on cognition and motor function in PD.",NPJ Parkinsons Dis,2021 Aug 10,10.1038/s41531-021-00214-6,autonomic_dysfunction
8371896,PMC8371896,Guillain-Barré syndrome as the first presentation of human immunodeficiency virus infection.,BMC Neurol,2021 Aug 18,10.1186/s12883-021-02350-1,autonomic_dysfunction
8362872,PMC8362872,Evolution of incidence of audiovestibular disorders during the pandemic COVID-19 period.,Eur Arch Otorhinolaryngol,2022 Jul,10.1007/s00405-021-07037-4,autonomic_dysfunction
8292264,PMC8292264,Dyskinesia-hyperpyrexia syndrome in Parkinson's disease: a systematic review.,Clin Auton Res,2021 Aug,10.1007/s10286-021-00801-w,autonomic_dysfunction
8266117,PMC8266117,Intravascular Lymphoma in Patient With Celiac Disease With Multi Glandular Involvement.,J Endocr Soc,2021 May 3,10.1210/jendso/bvab048.1918,autonomic_dysfunction
8254396,PMC8254396,Preparing for the long-haul: Autonomic complications of COVID-19.,Auton Neurosci,2021 Nov,10.1016/j.autneu.2021.102841,autonomic_dysfunction
8144862,PMC8144862,Acute Autonomic Neuropathy as a Rare Cause of Severe Arterial Hypertension in a Child.,Int J Pediatr Adolesc Med,2021 Jun,10.1016/j.ijpam.2020.06.006,autonomic_dysfunction
8157285,PMC8157285,Cardiac Autonomic Dysfunction in Myasthenia Gravis and Relapsing-Remitting Multiple Sclerosis-A Pilot Study.,J Clin Med,2021 May 18,10.3390/jcm10102173,autonomic_dysfunction
8158074,PMC8158074,Guillain-Barré syndrome associated with COVID-19: a case report study.,J Neurovirol,2021 Oct,10.1007/s13365-021-00984-y,autonomic_dysfunction
8141336,PMC8141336,Anti-N-Methyl-D-Aspartate Receptor Encephalitis with Serum Anti-Thyroid Antibodies: A Case Report and Literature Review.,Am J Case Rep,2021 May 17,10.12659/AJCR.931104,autonomic_dysfunction
8128452,PMC8128452,Human papillomavirus vaccination and all-cause morbidity in adolescent girls: a cohort study of absence from school due to illness.,Int J Epidemiol,2021 May 17,10.1093/ije/dyab003,autonomic_dysfunction
8075405,PMC8075405,Current View of Diagnosing Small Fiber Neuropathy.,J Neuromuscul Dis,2021,10.3233/JND-200490,autonomic_dysfunction
8045954,PMC8045954,Hereditary transthyretin amyloidosis in mainland China: a unicentric retrospective study.,Ann Clin Transl Neurol,2021 Apr,10.1002/acn3.51328,autonomic_dysfunction
7981271,PMC7981271,COVID-19 and emerging spinal cord complications: A systematic review.,Mult Scler Relat Disord,2021 Jun,10.1016/j.msard.2021.102917,autonomic_dysfunction
7851465,PMC7851465,Drug-induced Hyperthermic Syndromes in Psychiatry.,Clin Psychopharmacol Neurosci,2021 Feb 28,10.9758/cpn.2021.19.1.1,autonomic_dysfunction
7850843,PMC7850843,A Novel Approach to the Symptomatic Management of Chronic Megacolon.,Case Rep Surg,2021,10.1155/2021/8820724,autonomic_dysfunction
7850350,PMC7850350,The many manifestations of a single disease: neuroborreliosis.,J Community Hosp Intern Med Perspect,2021 Jan 26,10.1080/20009666.2020.1831746,autonomic_dysfunction
7857149,PMC7857149,Case Report: Intracranial Hypertension Secondary to Guillain-Barre Syndrome.,Front Pediatr,2020,10.3389/fped.2020.608695,autonomic_dysfunction
7793182,PMC7793182,A case report of an infiltrative cardiomyopathy in everyday practice: a specific cause that cannot be missed in the elderly.,Eur Heart J Case Rep,2020 Dec,10.1093/ehjcr/ytaa382,autonomic_dysfunction
7714909,PMC7714909,A Rare Cause of Sleep-Disordered Breathing: ROHHAD Syndrome.,Front Pediatr,2020,10.3389/fped.2020.573227,autonomic_dysfunction
7727636,PMC7727636,Spontaneous Periodic Hypothermia in the Elderly: A Rare or Under-Recognised Syndrome.,Eur J Case Rep Intern Med,2020,10.12890/2020_001874,autonomic_dysfunction
7728043,PMC7728043,The painless eye: Neurotrophic keratitis in a child suffering from hereditary sensory autonomic neuropathy type IV.,Indian J Ophthalmol,2020 Oct,10.4103/ijo.IJO_2101_19,autonomic_dysfunction
7683146,PMC7683146,Massive Acute Spinal Subdural Hematoma Causing Sudden Onset Paraplegia in a Patient on Anticoagulation.,Case Rep Surg,2020,10.1155/2020/8898744,autonomic_dysfunction
7680081,PMC7680081,"COVID-19-Associated Guillain-Barre Syndrome: Atypical Para-infectious Profile, Symptom Overlap, and Increased Risk of Severe Neurological Complications.",SN Compr Clin Med,2020,10.1007/s42399-020-00646-w,autonomic_dysfunction
7678886,PMC7678886,The Diagnostic Challenge of Seronegative Autoimmune Encephalitis With Super-Refractory Status Epilepticus.,Cureus,2020 Nov 20,10.7759/cureus.11587,autonomic_dysfunction
7666532,PMC7666532,Guillain-Barré syndrome as a parainfectious manifestation of SARS-CoV-2 infection: A case series.,J Clin Neurosci,2021 Jan,10.1016/j.jocn.2020.11.013,autonomic_dysfunction
7663462,PMC7663462,Stem Cell-Based Therapies for Parkinson Disease.,Int J Mol Sci,2020 Oct 29,10.3390/ijms21218060,autonomic_dysfunction
7661846,PMC7661846,Profiling Non-motor Symptoms in Monogenic Parkinson's Disease.,Front Aging Neurosci,2020,10.3389/fnagi.2020.591183,autonomic_dysfunction
7645310,PMC7645310,Multiple System Atrophy - Cerebellar Type: Clinical Picture and Treatment of an Often-Overlooked Disorder.,Cureus,2020 Sep 30,10.7759/cureus.10741,autonomic_dysfunction
7588742,PMC7588742,"Ogilvie Syndrome in a Refractory Germ Cell Tumor Treated with Vinblastine, Ifosfamide and Cisplatin Regimen.",Case Rep Oncol,2020 Sep-Dec,10.1159/000510045,autonomic_dysfunction
7136325,PMC7136325,QT prolongation in HIV-positive patients: Review article.,Indian Heart J,2019 Nov-Dec,10.1016/j.ihj.2019.11.259,autonomic_dysfunction
7563270,PMC7563270,Apheresis in Autoimmune Encephalitis and Autoimmune Dementia.,J Clin Med,2020 Aug 19,10.3390/jcm9092683,autonomic_dysfunction
7562892,PMC7562892,Fatal autonomic failure due to premanifesting Parkinson's disease only diagnosed at autopsy.,Clin Case Rep,2020 Oct,10.1002/ccr3.3042,autonomic_dysfunction
7523786,PMC7523786,Effects of Guizhi decoction for diabetic cardiac autonomic neuropathy: A protocol for a systematic review and meta-analysis.,Medicine (Baltimore),2020 Sep 25,10.1097/MD.0000000000022317,autonomic_dysfunction
7524811,PMC7524811,Drug-Related Orthostatic Hypotension: Beyond Anti-Hypertensive Medications.,Drugs Aging,2020 Oct,10.1007/s40266-020-00796-5,autonomic_dysfunction
7552379,PMC7552379,Orthostatic hypotension secondary to a suspected thymoma in a dog: a case report.,BMC Vet Res,2020 Oct 13,10.1186/s12917-020-02604-z,autonomic_dysfunction
7488873,PMC7488873,Paroxysmal Orthostatic Ventricular Tachycardia in a Patient With Supine Hypertension and Orthostatic Hypotension.,J Investig Med High Impact Case Rep,2020 Jan-Dec,10.1177/2324709620958303,autonomic_dysfunction
7466888,PMC7466888,Neurogenic Orthostatic Hypotension: State of the Art and Therapeutic Strategies.,Clin Med Insights Cardiol,2020,10.1177/1179546820953415,autonomic_dysfunction
7455847,PMC7455847,Cholecystomegaly: A Case Report and Review of the Literature.,Case Rep Gastrointest Med,2020,10.1155/2020/8825167,autonomic_dysfunction
7455075,PMC7455075,Multiple system atrophy pathology is associated with primary Sjögren's syndrome.,JCI Insight,2020 Aug 6,10.1172/jci.insight.138619,autonomic_dysfunction
7346383,PMC7346383,"Generate-Boost: study protocol for a prospective, multicenter, randomized controlled, double-blinded phase II trial to evaluate efficacy and safety of bortezomib in patients with severe autoimmune encephalitis.",Trials,2020 Jul 8,10.1186/s13063-020-04516-7,autonomic_dysfunction
7334582,PMC7334582,Long term follow up after transorbital penetrating injury: A case report.,Am J Ophthalmol Case Rep,2020 Sep,10.1016/j.ajoc.2020.100792,autonomic_dysfunction
7305628,PMC7305628,Droxidopa as an effective treatment for refractory neurogenic orthostatic hypotension and reflex bradycardia in amyloid light-chain amyloidosis: a case report.,J Med Case Rep,2020 Jun 20,10.1186/s13256-020-02405-w,autonomic_dysfunction
7249871,PMC7249871,Therapies for diabetic gastroparesis: A protocol for a systematic review and network meta-analysis.,Medicine (Baltimore),2020 May 22,10.1097/MD.0000000000020461,autonomic_dysfunction
7279973,PMC7279973,Nonlinear parameter of heart rate variability can diagnose early cardiac autonomic neuropathy.,J Arrhythm,2020 Jun,10.1002/joa3.12328,autonomic_dysfunction
7230809,PMC7230809,Heart Rate Variability in Children and Adolescents with Cerebral Palsy-A Systematic Literature Review.,J Clin Med,2020 Apr 16,10.3390/jcm9041141,autonomic_dysfunction
7229108,PMC7229108,Impact of Non-Cardiac Clinicopathologic Characteristics on Survival in Transthyretin Amyloid Polyneuropathy.,Neurol Ther,2020 Jun,10.1007/s40120-020-00183-7,autonomic_dysfunction
7167305,PMC7167305,Surgery and Guillain-Barré Syndrome: A Single-Center Retrospective Study Focused on Clinical and Electrophysiological Subtypes.,Neuropsychiatr Dis Treat,2020,10.2147/NDT.S241128,autonomic_dysfunction
7066334,PMC7066334,Limbic encephalitis associated with AMPA receptor and CRMP5 antibodies: A case report and literature review.,Brain Behav,2020 Mar,10.1002/brb3.1528,autonomic_dysfunction
7059064,PMC7059064,Management of Hypotension and Bradycardia Caused By Spinal Cord Injury. The Usefulness of Midodrine and Methylxanthines.,Iran J Pharm Res,2019 Fall,10.22037/ijpr.2019.1100824,autonomic_dysfunction
7011745,PMC7011745,Stiff Person Syndrome and Acetylcholine Receptor Ganglionic Neuronal Antibodies.,Case Rep Neurol,2020 Jan-Apr,10.1159/000505229,autonomic_dysfunction
6987055,PMC6987055,Alcohol-induced autonomic dysfunction: a systematic review.,Clin Auton Res,2020 Feb,10.1007/s10286-019-00618-8,autonomic_dysfunction
6867747,PMC6867747,Spinocerebellar ataxia 2 in a family with different phenotypes: Two case reports.,Medicine (Baltimore),2019 Nov,10.1097/MD.0000000000017834,autonomic_dysfunction
6916382,PMC6916382,Update on treatments for nonmotor symptoms of Parkinson's disease-an evidence-based medicine review.,Mov Disord,2019 Feb,10.1002/mds.27602,autonomic_dysfunction
6899751,PMC6899751,Guidelines on management of cyclic vomiting syndrome in adults by the American Neurogastroenterology and Motility Society and the Cyclic Vomiting Syndrome Association.,Neurogastroenterol Motil,2019 Jun,10.1111/nmo.13604,autonomic_dysfunction
6766090,PMC6766090,HIV-Associated Vacuolar Myelopathy and HIV-Associated Dementia as the Initial Manifestation of HIV/AIDS.,Case Rep Infect Dis,2019,10.1155/2019/3842425,autonomic_dysfunction
6790869,PMC6790869,A case of treatment-induced neuropathy in an adolescent with type 1 diabetes.,Ann Pediatr Endocrinol Metab,2019 Sep,10.6065/apem.2019.24.3.203,autonomic_dysfunction
6763624,PMC6763624,Strategies to improve the quality of life in patients with hereditary transthyretin amyloidosis (hATTR) and autonomic neuropathy.,Clin Auton Res,2019 Sep,10.1007/s10286-019-00624-w,autonomic_dysfunction
6706663,PMC6706663,Utility of autonomic testing for the efficient diagnosis and effective pharmacological management of neurogenic orthostatic hypotension.,BMJ Case Rep,2019 Aug 20,10.1136/bcr-2018-228423,autonomic_dysfunction
6691156,PMC6691156,Autonomic Dysfunction in Preeclampsia: A Systematic Review.,Front Neurol,2019,10.3389/fneur.2019.00816,autonomic_dysfunction
6524763,PMC6524763,Lambert-Eaton Myasthenic syndrome: early diagnosis is key.,Degener Neurol Neuromuscul Dis,2019,10.2147/DNND.S192588,autonomic_dysfunction
6542981,PMC6542981,Excellent Response to Plasma Exchange in Three Patients With Enterovirus-71 Neurological Disease.,Front Neurol,2019,10.3389/fneur.2019.00548,autonomic_dysfunction
6543891,PMC6543891,"Clinical Characteristics and Short-Term Prognosis of Autoimmune Encephalitis: A Single-Center Cohort Study in Changsha, China.",Front Neurol,2019,10.3389/fneur.2019.00539,autonomic_dysfunction
6510077,PMC6510077,Clinical and laboratory correlates of selective autonomic dysfunction due to Ross syndrome.,J Family Med Prim Care,2019 Apr,10.4103/jfmpc.jfmpc_151_19,autonomic_dysfunction
6526600,PMC6526600,Reversible stress cardiomyopathy in Guillain-Barré syndrome: a case report.,J Med Case Rep,2019 May 20,10.1186/s13256-019-2085-9,autonomic_dysfunction
6478970,PMC6478970,Suppression Failure of Cortisol Secretion by Dexamethasone May Occur in Glucagon-like Peptide-1 Receptor Agonist-treated Patients with Diabetic Autonomic Neuropathy.,Intern Med,2019 Apr 1,10.2169/internalmedicine.1585-18,autonomic_dysfunction
6409927,PMC6409927,A Review of Periocular Botulinum Neurotoxin on the Tear Film Homeostasis and the Ocular Surface Change.,Toxins (Basel),2019 Jan 24,10.3390/toxins11020066,autonomic_dysfunction
6383422,PMC6383422,Brugada Syndrome Caused by Autonomic Dysfunction in Multiple Sclerosis.,Case Rep Cardiol,2019,10.1155/2019/3937248,autonomic_dysfunction
6392609,PMC6392609,"Prevalence, risk factors, and prognosis of orthostatic hypotension in diabetic patients: A systematic review and meta-analysis.",Medicine (Baltimore),2017 Sep,10.1097/MD.0000000000008004,autonomic_dysfunction
6389500,PMC6389500,A near miss: Autonomic dysfunction in a 2% total burn surface area burn patient with ventilator-dependent amyotrophic lateral sclerosis.,Clin Case Rep,2019 Feb,10.1002/ccr3.1832,autonomic_dysfunction
6278855,PMC6278855,Management and prognostic markers in patients with autoimmune encephalitis requiring ICU treatment.,Neurol Neuroimmunol Neuroinflamm,2019 Jan,10.1212/NXI.0000000000000514,autonomic_dysfunction
6295314,PMC6295314,Hereditary cardiac amyloidosis associated with Pro24Ser transthyretin mutation: a case report.,J Med Case Rep,2018 Dec 16,10.1186/s13256-018-1931-5,autonomic_dysfunction
6262971,PMC6262971,A novel nonsense mutation in WNK1/HSN2 associated with sensory neuropathy and limb destruction in four siblings of a large Iranian pedigree.,BMC Neurol,2018 Nov 29,10.1186/s12883-018-1201-6,autonomic_dysfunction
6211148,PMC6211148,V144D Mutation of SPTLC1 Can Present with Both Painful and Painless Phenotypes in Hereditary Sensory and Autonomic Neuropathies Type I.,Case Rep Genet,2018,10.1155/2018/1898151,autonomic_dysfunction
6196582,PMC6196582,A Case of Severe Anti-N-Methyl D-Aspartate (Anti-NMDA) Receptor Encephalitis with Refractory Autonomic Instability and Elevated Intracranial Pressure.,Am J Case Rep,2018 Oct 12,10.12659/AJCR.911165,autonomic_dysfunction
6176302,PMC6176302,"Classical Hodgkin Lymphoma Presenting with Severe, Recurrent Hypothermic Episodes.",Case Rep Hematol,2018,10.1155/2018/3726593,autonomic_dysfunction
6161583,PMC6161583,A Rare Case of Localized Tetanus.,Indian J Crit Care Med,2018 Sep,10.4103/ijccm.IJCCM_182_18,autonomic_dysfunction
6050446,PMC6050446,Allgrove syndrome and motor neuron disease.,Neurol Int,2018 May 24,10.4081/ni.2018.7436,autonomic_dysfunction
6053704,PMC6053704,ROHHAD and Prader-Willi syndrome (PWS): clinical and genetic comparison.,Orphanet J Rare Dis,2018 Jul 20,10.1186/s13023-018-0860-0,autonomic_dysfunction
5963188,PMC5963188,Possible multiple system atrophy with predominant parkinsonism in a patient with chronic schizophrenia: a case report.,BMC Psychiatry,2018 May 21,10.1186/s12888-018-1714-y,autonomic_dysfunction
5909146,PMC5909146,Mercury Toxicity Following Unauthorized Siddha Medicine Intake - A Mimicker of Acquired Neuromyotonia - Report of 32 Cases.,Ann Indian Acad Neurol,2018 Jan-Mar,10.4103/aian.AIAN_274_17,autonomic_dysfunction
5908418,PMC5908418,A Community Perspective on Bowel Management and Quality of Life after Spinal Cord Injury: The Influence of Autonomic Dysreflexia.,J Neurotrauma,2018 May 1,10.1089/neu.2017.5343,autonomic_dysfunction
5893810,PMC5893810,Clozapine-Induced Cardiovascular Side Effects and Autonomic Dysfunction: A Systematic Review.,Front Neurosci,2018,10.3389/fnins.2018.00203,autonomic_dysfunction
5793952,PMC5793952,An Autonomic Neuroprosthesis: Noninvasive Electrical Spinal Cord Stimulation Restores Autonomic Cardiovascular Function in Individuals with Spinal Cord Injury.,J Neurotrauma,2018 Feb 1,10.1089/neu.2017.5082,autonomic_dysfunction
5696744,PMC5696744,"The usefulness of chief complaints to predict severity, ventilator dependence, treatment option, and short-term outcome of patients with Guillain-Barré syndrome: a retrospective study.",BMC Neurol,2017 Nov 21,10.1186/s12883-017-0982-3,autonomic_dysfunction
5673184,PMC5673184,Hereditary angioedema: Assessing the hypothesis for underlying autonomic dysfunction.,PLoS One,2017,10.1371/journal.pone.0187110,autonomic_dysfunction
5674463,PMC5674463,Delayed autonomic neuropathy in a patient with diethylene glycol poisoning: a case report.,Acute Med Surg,2017 Jul,10.1002/ams2.267,autonomic_dysfunction
5591963,PMC5591963,Immune-Mediated Autonomic Neuropathies following Allogeneic Stem Cell Transplantation in Acute Myeloid Leukemia.,Case Rep Hematol,2017,10.1155/2017/6803804,autonomic_dysfunction
5571499,PMC5571499,Anesthetic management during adenotonsillectomy for twins with congenital insensitivity to pain with anhidrosis: two case reports.,J Med Case Rep,2017 Aug 25,10.1186/s13256-017-1406-0,autonomic_dysfunction
5556355,PMC5556355,"Oral manifestations, dental management, and a rare homozygous mutation of the PRDM12 gene in a boy with hereditary sensory and autonomic neuropathy type VIII: a case report and review of the literature.",J Med Case Rep,2017 Aug 15,10.1186/s13256-017-1387-z,autonomic_dysfunction
5554541,PMC5554541,Vitreous amyloidosis with autonomic neuropathy of the digestive tract associated with a novel transthyretin p.Gly87Arg variant in a Bangladeshi patient: a case report.,J Med Case Rep,2017 Aug 13,10.1186/s13256-017-1407-z,autonomic_dysfunction
5516588,PMC5516588,Deficits in cholinergic neurotransmission and their clinical correlates in Parkinson's disease.,NPJ Parkinsons Dis,2016,10.1038/npjparkd.2016.1,autonomic_dysfunction
5485269,PMC5485269,Systemic Amyloidosis and Cardiac Autonomic Neuropathy Associated with Waldenstrom's Macroglobulinemia.,Case Rep Hematol,2017,10.1155/2017/8795213,autonomic_dysfunction
5358838,PMC5358838,Guillain-Barré Syndrome Presenting with Sinus Node Dysfunction and Refractory Shock.,Am J Case Rep,2017 Mar 11,10.12659/ajcr.902668,autonomic_dysfunction
5290716,PMC5290716,Neuroleptic Malignant Syndrome Associated with Valproate in an Adolescent.,Clin Psychopharmacol Neurosci,2017 Feb 28,10.9758/cpn.2017.15.1.76,autonomic_dysfunction
5209606,PMC5209606,Hirayama Disease: A Rare Disease with Unusual Features.,Case Rep Neurol Med,2016,10.1155/2016/5839761,autonomic_dysfunction
5219627,PMC5219627,Central Congenital Hypoventilation Syndrome associated with hypoglycemia and seizure.,Respir Med Case Rep,2017,10.1016/j.rmcr.2016.12.004,autonomic_dysfunction
5073521,PMC5073521,Risk factors of diabetic cardiac autonomic neuropathy in patients with type 1 diabetes mellitus: a meta-analysis.,Open Heart,2016,10.1136/openhrt-2015-000336,autonomic_dysfunction
5090193,PMC5090193,Retrograde Ejaculation: A Rare Presenting Symptom of Type 1 Diabetes Mellitus.,Urol Case Rep,2017 Jan,10.1016/j.eucr.2016.10.008,autonomic_dysfunction
5039462,PMC5039462,Effects of Deep Brain Stimulation on Autonomic Function.,Brain Sci,2016 Aug 16,10.3390/brainsci6030033,autonomic_dysfunction
4877454,PMC4877454,Morvan Syndrome Secondary to Thymic Carcinoma in a Patient with Systemic Lupus Erythematosus.,Case Rep Neurol Med,2016,10.1155/2016/9142486,autonomic_dysfunction
4773268,PMC4773268,The First Korean Family With Hereditary Gelsolin Amyloidosis Caused by p.D214Y Mutation in the GSN Gene.,Ann Lab Med,2016 May,10.3343/alm.2016.36.3.259,autonomic_dysfunction
4812801,PMC4812801,Neuroleptic Malignant Syndrome: A Review from a Clinically Oriented Perspective.,Curr Neuropharmacol,2015,10.2174/1570159x13999150424113345,autonomic_dysfunction
4812605,PMC4812605,Amyloid light-chain amyloidosis presenting as abdominal bloating: a case report.,J Med Case Rep,2016 Mar 30,10.1186/s13256-016-0857-z,autonomic_dysfunction
4713462,PMC4713462,Parkinson's disease between internal medicine and neurology.,J Neural Transm (Vienna),2016 Jan,10.1007/s00702-015-1443-z,autonomic_dysfunction
4685864,PMC4685864,The European LEMS Registry: Baseline Demographics and Treatment Approaches.,Neurol Ther,2015 Dec,10.1007/s40120-015-0034-0,autonomic_dysfunction
4633556,PMC4633556,Update Review and Clinical Presentation in Congenital Insensitivity to Pain and Anhidrosis.,Case Rep Pediatr,2015,10.1155/2015/589852,autonomic_dysfunction
4560316,PMC4560316,Pediatric Acute Longitudinal Extensive Transverse Myelitis Secondary to Neuroborreliosis.,Case Rep Neurol,2015 May-Aug,10.1159/000438696,autonomic_dysfunction
4495821,PMC4495821,"Anti-N-methyl-d-aspartate receptor encephalitis: review of clinical presentation, diagnosis and treatment.",BJPsych Bull,2015 Feb,10.1192/pb.bp.113.045518,autonomic_dysfunction
4283257,PMC4283257,Bladder perforation secondary to primary systemic amyloidosis.,Case Rep Urol,2014,10.1155/2014/123795,autonomic_dysfunction
4289209,PMC4289209,A woman with a rare p.Glu74Gly transthyretin mutation presenting exclusively with a rapidly progressive neuropathy: a case report.,J Med Case Rep,2014 Dec 4,10.1186/1752-1947-8-403,autonomic_dysfunction
4195260,PMC4195260,Recurrent sinus pauses: an atypical presentation of temporal lobe epilepsy.,Case Rep Crit Care,2014,10.1155/2014/918247,autonomic_dysfunction
4124142,PMC4124142,Alpha-lipoic acid as a pleiotropic compound with potential therapeutic use in diabetes and other chronic diseases.,Diabetol Metab Syndr,2014,10.1186/1758-5996-6-80,autonomic_dysfunction
4086516,PMC4086516,Orthostatic Dysregulation during Postural Change on the Dental Chair and Intraoperative Monitoring by Heart Rate Variability Analysis.,Case Rep Dent,2014,10.1155/2014/656045,autonomic_dysfunction
4090840,PMC4090840,Limbic encephalitis: Clinical spectrum and long-term outcome from a developing country perspective.,Ann Indian Acad Neurol,2014 Apr,10.4103/0972-2327.132615,autonomic_dysfunction
4088295,PMC4088295,Autonomic etiology of heart block in amyotrophic lateral sclerosis: a case report.,J Med Case Rep,2014 Jun 24,10.1186/1752-1947-8-224,autonomic_dysfunction
4068859,PMC4068859,Arteriovenous fistula of the filum terminale misdiagnosed and previously operated as lower lumbar degenerative disease.,Asian Spine J,2014 Jun,10.4184/asj.2014.8.3.365,autonomic_dysfunction
3942214,PMC3942214,Neuroleptic malignant-like syndrome with a slight elevation of creatine-kinase levels and respiratory failure in a patient with Parkinson's disease.,Patient Prefer Adherence,2014,10.2147/PPA.S59150,autonomic_dysfunction
3918122,PMC3918122,Autonomic deficit not the cause of death in West Nile virus neurological disease.,Clin Auton Res,2014 Feb,10.1007/s10286-013-0213-y,autonomic_dysfunction
3873349,PMC3873349,The Comparative Analysis of Clinical Characteristics and Surgical Results between the Upper and Lower Lumbar Disc Herniations.,J Korean Neurosurg Soc,2013 Nov,10.3340/jkns.2013.54.5.379,autonomic_dysfunction
3830353,PMC3830353,Brittleness of diabetes due to achalasia cardia managed successfully by multiple innovative strategies.,Indian J Endocrinol Metab,2013 Oct,10.4103/2230-8210.119639,autonomic_dysfunction
3747023,PMC3747023,Increased biogenic catecholamine and metabolite levels in two patients with malignant catatonia.,Neuropsychiatr Dis Treat,2013,10.2147/NDT.S50244,autonomic_dysfunction
3692345,PMC3692345,Temporal changes in serum creatine kinase concentration and degree of muscle rigidity in 24 patients with neuroleptic malignant syndrome.,Neuropsychiatr Dis Treat,2013,10.2147/NDT.S45084,autonomic_dysfunction
3611900,PMC3611900,Split cord malformation with dorsally located bony spur: Report of four cases and review of literature.,J Pediatr Neurosci,2012 Sep,10.4103/1817-1745.106469,autonomic_dysfunction
3573820,PMC3573820,Dynamic J-Point Elevation Associated with Epileptic Hemiplegia: The Osborn Wave of Todd's Paralysis.,Case Rep Neurol,2013 Jan,10.1159/000346444,autonomic_dysfunction
3544335,PMC3544335,Parkinson's disease and sleep/wake disturbances.,Parkinsons Dis,2012,10.1155/2012/205471,autonomic_dysfunction
3523152,PMC3523152,Sarcoidosis and pain caused by small-fiber neuropathy.,Pain Res Treat,2012,10.1155/2012/256024,autonomic_dysfunction
3526146,PMC3526146,Elevated creatine kinase does not necessarily correspond temporally with onset of muscle rigidity in neuroleptic malignant syndrome: a report of two cases.,Neuropsychiatr Dis Treat,2012,10.2147/NDT.S38638,autonomic_dysfunction
3521924,PMC3521924,Occupational neurotoxic diseases in taiwan.,Saf Health Work,2012 Dec,10.5491/SHAW.2012.3.4.257,autonomic_dysfunction
3475898,PMC3475898,Prevalence of cardiac autonomic neuropathy in Asian Indian patients with fibrocalculous pancreatic diabetes.,Indian J Endocrinol Metab,2012 Sep,10.4103/2230-8210.100668,autonomic_dysfunction
3419663,PMC3419663,Total hip arthroplasty in a patient with congenital insensitivity to pain: a case report.,J Med Case Rep,2012 Jul 9,10.1186/1752-1947-6-190,autonomic_dysfunction
3350077,PMC3350077,Administration of anesthesia in a patient with allgrove syndrome.,Case Rep Anesthesiol,2012,10.1155/2012/109346,autonomic_dysfunction
3148925,PMC3148925,Update on treatment options for Lambert-Eaton myasthenic syndrome: focus on use of amifampridine.,Neuropsychiatr Dis Treat,2011,10.2147/NDT.S10464,autonomic_dysfunction
3040589,PMC3040589,Brachial plexopathy complicating Epstein-Barr virus infection in an adult.,Acta Myol,2010 Oct,,autonomic_dysfunction
3143102,PMC3143102,Malignant neuroleptic syndrome following deep brain stimulation surgery: a case report.,J Med Case Rep,2011 Jun 29,10.1186/1752-1947-5-255,autonomic_dysfunction
3124253,PMC3124253,The ECG vertigo in diabetes and cardiac autonomic neuropathy.,Exp Diabetes Res,2011,10.1155/2011/687624,autonomic_dysfunction
3119170,PMC3119170,Neuromuscular abnormality and autonomic dysfunction in patients with cerebrotendinous xanthomatosis.,BMC Neurol,2011 May 31,10.1186/1471-2377-11-63,autonomic_dysfunction
3090402,PMC3090402,Autonomic nervous dysfunction in hamsters infected with West Nile virus.,PLoS One,2011 May 9,10.1371/journal.pone.0019575,autonomic_dysfunction
3088756,PMC3088756,Ischemic colitis of the left colon in a diabetic patient.,Case Rep Gastroenterol,2011 Apr 15,10.1159/000327981,autonomic_dysfunction
3085384,PMC3085384,Detrusor Arreflexia as an End Stage of Neurogenic Bladder in HAM/TSP?,Case Rep Med,2011,10.1155/2011/289389,autonomic_dysfunction
3041782,PMC3041782,Hypothyroidism causing paralytic ileus and acute kidney injury - case report.,Thyroid Res,2011 Feb 8,10.1186/1756-6614-4-7,autonomic_dysfunction
2964943,PMC2964943,Diabetic cardiomyopathy: from the pathophysiology of the cardiac myocytes to current diagnosis and management strategies.,Vasc Health Risk Manag,2010 Oct 21,10.2147/VHRM.S11681,autonomic_dysfunction
2939556,PMC2939556,Status dystonicus resembling the intrathecal baclofen withdrawal syndrome: a case report and review of the literature.,J Med Case Rep,2010 Aug 31,10.1186/1752-1947-4-294,autonomic_dysfunction
2924515,PMC2924515,"Familial amyloidotic polyneuropathy with muscle, vitreous, leptomeningeal, and cardiac involvement: phenotypic, pathological, and MRI description.",Ann Indian Acad Neurol,2010 Apr,10.4103/0972-2327.64642,autonomic_dysfunction
2910895,PMC2910895,"Autonomic neuropathy predisposes to rosiglitazone-induced vascular leakage in insulin-treated patients with type 2 diabetes: a randomised, controlled trial on thiazolidinedione-induced vascular leakage.",Diabetologia,2010 Sep,10.1007/s00125-010-1787-8,autonomic_dysfunction
2767154,PMC2767154,Pneumatosis cystoides intestinalis of the ascending colon related to acarbose treatment: a case report.,J Med Case Rep,2009 Sep 8,10.4076/1752-1947-3-9216,autonomic_dysfunction
2726523,PMC2726523,Acute urinary retention in a young man secondary to colonic irrigation: a case report.,J Med Case Rep,2009 Jun 11,10.4076/1752-1947-3-6757,autonomic_dysfunction
2709971,PMC2709971,Generalized tetanus in a 4-year old boy presenting with dysphagia and trismus: a case report.,Cases J,2009 Apr 29,10.1186/1757-1626-2-7003,autonomic_dysfunction
2442424,PMC2442424,The diagnostic criteria for small fibre neuropathy: from symptoms to neuropathology.,Brain,2008 Jul,10.1093/brain/awn093,autonomic_dysfunction
2556666,PMC2556666,Abdominal pain in an adult with Type 2 diabetes: A case report.,Cases J,2008 Sep 17,10.1186/1757-1626-1-154,autonomic_dysfunction
2346457,PMC2346457,Brown-Vialetto-Van Laere syndrome.,Orphanet J Rare Dis,2008 Apr 17,10.1186/1750-1172-3-9,autonomic_dysfunction
2248590,PMC2248590,Accelerating restrictive cardiomyopathy after liver transplantation in a patient with familial amyloidotic polyneuropathy: a case report.,J Med Case Rep,2008 Feb 1,10.1186/1752-1947-2-35,autonomic_dysfunction
13059020,PMC13059020,Dual-chamber pacing for vasovagal syncope: A systematic review and meta-analysis of randomized controlled trials.,Int J Cardiol Heart Vasc,2026 Jun,10.1016/j.ijcha.2026.101903,vasovagal_syncope
12847173,PMC12847173,Pathophysiology and treatment of exercise-associated hyponatremia.,J Endocrinol Invest,2026 Jan,10.1007/s40618-025-02673-7,vasovagal_syncope
12790186,PMC12790186,Isolated Left Ventricular Apical Hypoplasia Presenting as Vasovagal Syncope in a Middle-Aged Male Patient.,JACC Case Rep,2025 Nov 5,10.1016/j.jaccas.2025.105600,vasovagal_syncope
12650781,PMC12650781,Vasovagal syncope during ultrasound-guided internal jugular vein cannulation: A case report.,Int J Surg Case Rep,2025 Dec,10.1016/j.ijscr.2025.112083,vasovagal_syncope
12539454,PMC12539454,A Rare Case of Vagoglossopharyngeal Neuralgia.,JACC Case Rep,2025 Sep 24,10.1016/j.jaccas.2025.105224,vasovagal_syncope
12514943,PMC12514943,Bezold-Jarisch Reflex-Induced Cardiac Arrest During Colonoscopy Under Sedation: A Case Report.,Am J Case Rep,2025 Oct 7,10.12659/AJCR.949496,vasovagal_syncope
12426681,PMC12426681,Cardioneuroablation for Refractory Vasovagal Storm Secondary to a Right Hilar Tumor.,JACC Case Rep,2025 Sep 3,10.1016/j.jaccas.2025.104932,vasovagal_syncope
12301619,PMC12301619,Optimizing cardioneuroablation candidate selection: a case report using tilt-table testing with Russo's Fast Italian Protocol.,Eur Heart J Case Rep,2025 Jul,10.1093/ehjcr/ytaf330,vasovagal_syncope
12215415,PMC12215415,Inappropriate Sinus Tachycardia Following Cardioneuroablation for Reflex Syncope: A Case Report and Review of the Literature Illustrating this Underappreciated Adverse Effect.,Arrhythm Electrophysiol Rev,2025,10.15420/aer.2025.01,vasovagal_syncope
12163257,PMC12163257,Motor induced syncope after cerebral infarction: A case report and literature review.,SAGE Open Med Case Rep,2025,10.1177/2050313X251342060,vasovagal_syncope
12062076,PMC12062076,"Advances in diagnosis, management, and long-term outcomes of pediatric vasovagal syncope: a comprehensive review.",Front Cardiovasc Med,2025,10.3389/fcvm.2025.1481749,vasovagal_syncope
12037232,PMC12037232,Swallow Syncope as a Late Complication of Sleeve Gastrectomy.,Cureus,2025 Mar,10.7759/cureus.81434,vasovagal_syncope
11932085,PMC11932085,Leadless pacing in young patients.,Eur Heart J Suppl,2025 Mar,10.1093/eurheartjsupp/suae090,vasovagal_syncope
11867714,PMC11867714,The Bezold-Jarisch Reflex Following an Endoscopic Endonasal Resection of an Intraosseous Clival Myxoma: A Case Report.,Case Rep Anesthesiol,2025,10.1155/cria/3336045,vasovagal_syncope
11750814,PMC11750814,Case Report: Painful left bundle branch block syndrome complicated with vasovagal syncope.,Front Cardiovasc Med,2024,10.3389/fcvm.2024.1438320,vasovagal_syncope
11703600,PMC11703600,Cardioneuroablation can be an effective strategy to treat glossopharyngeal neuralgia-related sinus bradycardia and pauses.,J Cardiovasc Electrophysiol,2024 Oct,10.1111/jce.16407,vasovagal_syncope
11628821,PMC11628821,Cardioneuroablation: A novel application for the treatment of severe mixed-pattern vasovagal syncope and orthostatic tachycardia without cardioinhibition-A case report.,HeartRhythm Case Rep,2024 Nov,10.1016/j.hrcr.2024.07.020,vasovagal_syncope
11606830,PMC11606830,Vestibular Syncope and Acute Peripheral Vestibular Deficit: A Case Report.,Clin Case Rep,2024 Dec,10.1002/ccr3.9677,vasovagal_syncope
11583770,PMC11583770,Cardioneuroablation for the Treatment of Vasovagal Syncope Induced by Chili Pepper Stimulation: A Case Report.,Int Med Case Rep J,2024,10.2147/IMCRJ.S478492,vasovagal_syncope
11554643,PMC11554643,Effect of age on clinical impact and mid-term denervation in patients undergoing cardioneuroablation.,Sci Rep,2024 Nov 11,10.1038/s41598-024-78665-z,vasovagal_syncope
11440119,PMC11440119,Vasovagal syncope successfully treated with an atrial leadless pacemaker.,HeartRhythm Case Rep,2024 Sep,10.1016/j.hrcr.2024.08.011,vasovagal_syncope
11373063,PMC11373063,Cardiac arrest in a 36 year-old after trigger point injection with lidocaine: Case report.,Interv Pain Med,2022 Sep,10.1016/j.inpm.2022.100077,vasovagal_syncope
11317348,PMC11317348,Takotsubo Syndrome Associated with Neurally Mediated Reflex Syncope: A Meta-summary of Case Reports and Literature Review.,Rev Cardiovasc Med,2024 Jul,10.31083/j.rcm2507264,vasovagal_syncope
11310060,PMC11310060,Cardioneuroablation: the known and the unknown.,Front Cardiovasc Med,2024,10.3389/fcvm.2024.1412195,vasovagal_syncope
11137558,PMC11137558,Cardioneuroablation for Drug Refractory Vasovagal Syncope After COVID-19 Infection.,JACC Case Rep,2024 Jul 3,10.1016/j.jaccas.2024.102373,vasovagal_syncope
11114473,PMC11114473,"Cardioneuroablation for vasovagal syncope: insights on patients' selection, centre settings, procedural workflow and endpoints-results from an European Heart Rhythm Association survey.",Europace,2024 May 2,10.1093/europace/euae106,vasovagal_syncope
11103027,PMC11103027,Increased Prevalence of the Electrocardiographic Early Repolarization Pattern in Young Patients With Vagally Mediated Syncope: A Case-Control Study.,CJC Pediatr Congenit Heart Dis,2024 Apr,10.1016/j.cjcpc.2023.10.013,vasovagal_syncope
10883356,PMC10883356,Convulsive Syncope as a Complication of Outpatient Procedures: A Case Series and Review of the Literature.,Clin J Sport Med,2024 Mar 1,10.1097/JSM.0000000000001159,vasovagal_syncope
10691945,PMC10691945,Cardioneuroablation for vasovagal syncope alters head-up tilt test response and reduces cardiac deceleration capacity.,HeartRhythm Case Rep,2023 Oct,10.1016/j.hrcr.2023.08.001,vasovagal_syncope
10487499,PMC10487499,Ganglionated Plexus Ablation Procedures to Treat Vasovagal Syncope.,Int J Mol Sci,2023 Aug 26,10.3390/ijms241713264,vasovagal_syncope
10452159,PMC10452159,The Impact of Head-Up Tilt Sleeping on Orthostatic Tolerance: A Scoping Review.,Biology (Basel),2023 Aug 9,10.3390/biology12081108,vasovagal_syncope
10384961,PMC10384961,Recurrent Syncope Episodes during Spinal Anesthesia for Perianal Abscess Drainage: A Case Report Emphasizing Pain as a Trigger.,Am J Case Rep,2023 Jul 26,10.12659/AJCR.940391,vasovagal_syncope
10352974,PMC10352974,Association between vitamin D deficiency and vasovagal syncope: A systematic review and meta-analysis.,Clin Cardiol,2023 Jul,10.1002/clc.24035,vasovagal_syncope
10202159,PMC10202159,Vasovagal Syncope and Transient Asystole During Peripheral Nerve Blockade.,Cureus,2023 May,10.7759/cureus.39337,vasovagal_syncope
9858696,PMC9858696,Anxiety and Depression as Risk Factors for Vasovagal Syncope and Potential Treatment Targets: A Systematic Review.,Cureus,2022 Dec,10.7759/cureus.32793,vasovagal_syncope
9811026,PMC9811026,Vasovagal syncope with isolated atrioventricular block following cardioneuroablation demonstrating distinct innervation of the sinus and atrioventricular nodes.,HeartRhythm Case Rep,2022 Nov,10.1016/j.hrcr.2022.08.007,vasovagal_syncope
9678641,PMC9678641,Current Evidence Involving WALANT Surgery.,J Hand Surg Glob Online,2022 Nov,10.1016/j.jhsg.2022.01.009,vasovagal_syncope
9582595,PMC9582595,Sleep syncope-A systematic review.,Front Cardiovasc Med,2022,10.3389/fcvm.2022.973368,vasovagal_syncope
9478736,PMC9478736,Restrictive strabismus and gaze-evoked oculocardiac reflex following pterygium repair with fibrin glue.,SAGE Open Med Case Rep,2022,10.1177/2050313X221122459,vasovagal_syncope
9426688,PMC9426688,Trigeminocardiac reflex during maxillary third molar extraction: Our experience.,Natl J Maxillofac Surg,2022 May-Aug,10.4103/njms.NJMS_260_20,vasovagal_syncope
9381344,PMC9381344,Delayed Vasovagal Reaction with Reflex Syncope Following COVID-19 Vaccination.,Intern Med,2022 Jul 15,10.2169/internalmedicine.9318-21,vasovagal_syncope
9289063,PMC9289063,Recurrent vasovagal syncope following successful cardioneuroablation.,HeartRhythm Case Rep,2022 Jul,10.1016/j.hrcr.2022.04.001,vasovagal_syncope
8725212,PMC8725212,Heart of the Matter: Syncope as a Rare Presentation of Lung Cancer Invading the Heart.,J Investig Med High Impact Case Rep,2021 Jan-Dec,10.1177/23247096211053709,vasovagal_syncope
8311716,PMC8311716,Catheter-Based Cardio-Neural Ablation for Refractory Vasovagal Syncope: First U.S. Report.,JACC Case Rep,2020 Jul,10.1016/j.jaccas.2020.04.022,vasovagal_syncope
8113941,PMC8113941,Spinal cord injury by direct damage during trigger point injection: a case report.,J Int Med Res,2021 May,10.1177/03000605211012367,vasovagal_syncope
8067858,PMC8067858,Lost but Not Lost-Embolization of a Leadless Pacemaker to the Pulmonary Artery with Consecutive Endovascular Recovery.,J Cardiovasc Dev Dis,2021 Apr 7,10.3390/jcdd8040037,vasovagal_syncope
7940120,PMC7940120,Estimating Baseline Incidence of Conditions Potentially Associated with Vaccine Adverse Events: a Call for Surveillance System Using the Korean National Health Insurance Claims Data.,J Korean Med Sci,2021 Mar 8,10.3346/jkms.2021.36.e67,vasovagal_syncope
7653476,PMC7653476,Ganglionated plexi ablation to treat exercise-induced vasovagal syncope: A case report.,HeartRhythm Case Rep,2020 Nov,10.1016/j.hrcr.2020.08.009,vasovagal_syncope
7664064,PMC7664064,Abdominal compartment syndrome due to extremely elongated sigmoid colon and rectum plus fecal impaction caused by disuse syndrome and diabetic neuropathy: a case report and review of the literature.,J Med Case Rep,2020 Nov 13,10.1186/s13256-020-02566-8,vasovagal_syncope
7594226,PMC7594226,Isoproterenol Causing Coronary Vasospasm and ST Elevations During Tilt Table Testing.,J Investig Med High Impact Case Rep,2020 Jan-Dec,10.1177/2324709620966862,vasovagal_syncope
7424299,PMC7424299,Cardioneuroablation for management of cardioinhibitory vasovagal syncope and pacemaker complications.,HeartRhythm Case Rep,2020 Aug,10.1016/j.hrcr.2020.04.021,vasovagal_syncope
7251279,PMC7251279,The relationship between clinical characteristics and psychological status and quality of life in patients with vasovagal syncope.,North Clin Istanb,2020,10.14744/nci.2020.93753,vasovagal_syncope
7252686,PMC7252686,Treatment of Neurocardiogenic Syncope: From Conservative to Cutting-edge.,J Innov Card Rhythm Manag,2018 Jul,10.19102/icrm.2018.090702,vasovagal_syncope
7185536,PMC7185536,Indications for permanent pacing in dogs and cats.,J Vet Cardiol,2019 Apr,10.1016/j.jvc.2018.12.003,vasovagal_syncope
7048024,PMC7048024,Cold beverage-induced vasovagal syncope in a healthy young adult man: a case report.,J Med Case Rep,2020 Feb 28,10.1186/s13256-020-2358-3,vasovagal_syncope
6587043,PMC6587043,Giant colloid cyst of the brain masquerading as vasovagal syncope.,HeartRhythm Case Rep,2019 Jun,10.1016/j.hrcr.2019.03.002,vasovagal_syncope
6395036,PMC6395036,Physical manoeuvers as a preventive intervention to manage vasovagal syncope: A systematic review.,PLoS One,2019,10.1371/journal.pone.0212012,vasovagal_syncope
5986263,PMC5986263,Leadless pacing in a young patient with cardioinhibitory vasovagal syncope.,Indian Pacing Electrophysiol J,2018 May-Jun,10.1016/j.ipej.2017.12.003,vasovagal_syncope
5116500,PMC5116500,Neurocardiogenic Syncope and Supraventricular Tachycardia in Association with a Rare Congenital Aortic Valve Abnormality.,Case Rep Cardiol,2016,10.1155/2016/8136079,vasovagal_syncope
4978718,PMC4978718,Cerebro- and Cardio-vascular Responses to Energy Drink in Young Adults: Is there a Gender Effect?,Front Physiol,2016,10.3389/fphys.2016.00346,vasovagal_syncope
4863081,PMC4863081,An Unusual Case of Asystole Occurring during Deep Brain Stimulation Surgery.,Case Rep Neurol Med,2016,10.1155/2016/8930296,vasovagal_syncope
3558656,PMC3558656,Vasovagal cardiac arrest during spinal anesthesia for Cesarean section -A case report-.,Korean J Anesthesiol,2013 Jan,10.4097/kjae.2013.64.1.77,vasovagal_syncope
3559122,PMC3559122,Vasovagal syncope treated as epilepsy for 16 years.,Iran J Med Sci,2011 Mar,,vasovagal_syncope
2039776,PMC2039776,Vasovagal syncope or ventricular fibrillation. Your diagnosis better be accurate.,Clin Auton Res,2007 Aug,10.1007/s10286-007-0432-1,vasovagal_syncope
1501073,PMC1501073,The role of psychological factors in the aetiology and treatment of vasovagal syncope.,Indian Pacing Electrophysiol J,2004 Apr 1,,vasovagal_syncope
12429683,PMC12429683,Alpha-Gal Syndrome-A Series of Cases with Different Clinical Pictures.,Int J Mol Sci,2025 Sep 4,10.3390/ijms26178601,idiopathic_anaphylaxis
11381498,PMC11381498,Rare causes of pediatric anaphylaxis due to obscure allergens.,Front Allergy,2024,10.3389/falgy.2024.1456100,idiopathic_anaphylaxis
11311942,PMC11311942,Pediatric idiopathic anaphylaxis: practical management from infants to adolescents.,Ital J Pediatr,2024 Aug 9,10.1186/s13052-024-01712-y,idiopathic_anaphylaxis
8732990,PMC8732990,"Alpha-Gal Syndrome in Children: Peculiarities of a ""Tick-Borne"" Allergic Disease.",Front Pediatr,2021,10.3389/fped.2021.801753,idiopathic_anaphylaxis
8574113,PMC8574113,Alpha-gal syndrome: the first report in Poland.,Cent Eur J Immunol,2021,10.5114/ceji.2021.108766,idiopathic_anaphylaxis
8444276,PMC8444276,Idiopathic Anaphylaxis: A Diagnosis of Exclusion.,Allergy Rhinol (Providence),2021 Jan-Dec,10.1177/21526567211041925,idiopathic_anaphylaxis
6830385,PMC6830385,Management Strategies Of Idiopathic Anaphylaxis In The Emergency Room: Current Perspectives.,Open Access Emerg Med,2019,10.2147/OAEM.S200342,idiopathic_anaphylaxis
6457317,PMC6457317,Food-Induced Anaphylaxis: Role of Hidden Allergens and Cofactors.,Front Immunol,2019,10.3389/fimmu.2019.00673,idiopathic_anaphylaxis
6225671,PMC6225671,"Aetiology of anaphylaxis in patients referred to an immunology clinic in Colombo, Sri Lanka.",Allergy Asthma Clin Immunol,2018,10.1186/s13223-018-0295-0,idiopathic_anaphylaxis
5649306,PMC5649306,"Management of pediatric 'cannot intubate, cannot oxygenate'.",Acute Med Surg,2017 Oct,10.1002/ams2.305,idiopathic_anaphylaxis
5306988,PMC5306988,Type 1 Kounis Syndrome in Patient with Idiopathic Anaphylaxis.,Case Rep Cardiol,2017,10.1155/2017/1089023,idiopathic_anaphylaxis
12185444,PMC12185444,Non allergic gastrointestinal manifestations of hereditary alpha-tryptasemia.,Front Allergy,2025,10.3389/falgy.2025.1598309,HAT
11054089,PMC11054089,"Histamine Intolerance: Symptoms, Diagnosis, and Beyond.",Nutrients,2024 Apr 19,10.3390/nu16081219,histamine_intolerance
9790372,PMC9790372,The use of PEEK as an occlusal splint in a patient with histaminosis: A case report.,Spec Care Dentist,2022 Nov,10.1111/scd.12725,histamine_intolerance
13058190,PMC13058190,A clinical epidemiological study of musculoskeletal injury occurrence and orthopedic management patterns among individuals with hypermobility spectrum disorders.,SAGE Open Med,2026,10.1177/20503121261437153,HSD
11631715,PMC11631715,"A Multidisciplinary Approach to Hypermobility Spectrum Disorder, Raynaud's Phenomenon, and Biomechanical Soft Tissue Injuries in an Adolescent Boy: A Case Report.",Clin Case Rep,2024 Dec,10.1002/ccr3.9678,HSD
