uid,pmcid,title,journal,pubdate,authors,doi,query_source,year
13079633,PMC13079633,"Females with hypermobile Ehlers–Danlos syndrome self-report more sexual problems than chronic pain controls without hypermobility, males, or patients with hypermobile spectrum disorders.",Front Reprod Health,2026,Neville CE; Wilson FC; Fairweather D; Caywood MK; Gegoutchadze K; Rozen LE; Farahani NA; Shufelt CL; Knight DRT; Gajarawala SN; Bruno KA,10.3389/frph.2026.1753684,EDS_hEDS,2026
13070550,PMC13070550,Tourniquet Use and Anesthesiology Considerations in Patients With Hypermobile Ehlers-Danlos Syndrome: Balancing Orthopedic Needs With Anesthetic Safety.,Cureus,2026 Mar,Unterman K; Fada L; Clark KA; Cherolis J,10.7759/cureus.105190,EDS_hEDS,2026
13067300,PMC13067300,2-Chloroprocaine vs. Lidocaine in a Patient With Hypermobile Ehlers-Danlos Syndrome and a History of Local Anesthetic Resistance: A Case Report.,Case Rep Anesthesiol,2026,Dasika J; Deutch ZB; Hoefnagel AL,10.1155/cria/8693646,EDS_hEDS,2026
13059101,PMC13059101,Bilateral optic neuritis and multiple nerve sheath tumors in a patient with genetically characterized Ehlers-Danlos syndrome: A rare co-occurrence.,Radiol Case Rep,2026 Jun,Larios A BR; Mendoza Blandón MS; Barahona Vargas S; Romero Ríos CK,10.1016/j.radcr.2026.02.074,EDS_hEDS,2026
13045598,PMC13045598,Returning to Exercise After Valsalva-Induced Carotid Artery Dissection.,JACC Case Rep,2026 Mar 25,Gutzwiller L; Carlisle A; Sharifi D; Tayon K; DeMatas K; Phillips SD; Erben Y; Dineen EH; Shapiro B; Taylor BJ,10.1016/j.jaccas.2026.107356,EDS_hEDS,2026
13037643,PMC13037643,The Investigation and Management of the Abdominopelvic Vascular Compression Syndromes in Patients with Ehlers-Danlos Syndrome and Hypermobility Spectrum Disorder.,Vasc Health Risk Manag,2026,Bruessel P; Govender M; Frahm-Jensen G,10.2147/VHRM.S592420,EDS_hEDS,2026
13033888,PMC13033888,Spontaneous pneumothorax-associated with genetic disorders.,Ther Adv Respir Dis,2026 Jan-Dec,Chen X; Ryu JH; Hu X,10.1177/17534666261437339,EDS_hEDS,2026
13026537,PMC13026537,Characterizing Initial Cervical Spine and Neurovascular Findings in 84 Consecutive Patients with Hypermobile Ehlers-Danlos Syndrome: A Retrospective Study.,J Clin Med,2026 Mar 14,Hauser RA; Griffiths M; Watterson A; Matias D; Rawlings BR,10.3390/jcm15062212,EDS_hEDS,2026
12991944,PMC12991944,Acute isolated traumatic anterior pisiform dislocation in an adult: A case report.,Trauma Case Rep,2026 Feb,Shukla D; Engelhardt J; Eckardt P; Kobbe P; Delank S; Aurich M,10.1016/j.tcr.2026.101317,EDS_hEDS,2026
12969107,PMC12969107,Vascular Ehlers-Danlos syndrome with ruptured thoracic aortic aneurysm complicated by vascular graft and endograft infection and aortobronchial fistula.,J Vasc Surg Cases Innov Tech,2026 Jun,Riahi S; Sörelius K; Ben Khemis A; Derbel B; Ziadi J; Denguir R,10.1016/j.jvscit.2026.102169,EDS_hEDS,2026
12966997,PMC12966997,Efficacy of Lidocaine Infusion in the Management of Chronic Myofascial Pain and Intractable Migrainous Headache in a Patient With Hypermobile Ehlers-Danlos Syndrome: A Case Report.,Cureus,2026 Feb,Sebastian R; Wright T; Lee SJ; Gattu K,10.7759/cureus.103015,EDS_hEDS,2026
12958675,PMC12958675,Prevalence and management of mental health comorbidities in a German cohort of patients with Ehlers-Danlos syndromes and a generalized hypermobility spectrum disorder.,Orphanet J Rare Dis,2026 Feb 3,Henning M; Hock M; Shukri A; Löw V; Kernich N; Rauterberg J; Klapproth H; Tantcheva-Poór I,10.1186/s13023-026-04242-4,EDS_hEDS,2026
12892912,PMC12892912,Aebp1 loss in osteoprogenitors leads to skeletal defects resembling Ehlers-Danlos Syndrome by diminishing Wnt/β-catenin signaling.,JCI Insight,2026 Jan 23,Feng S; Feng Z; Deng Z; Wei Y; Lian R; Jin Y; Zhao S; Jin Y; Zhang Z; Zhao L,10.1172/jci.insight.191606,EDS_hEDS,2026
12841094,PMC12841094,The Genetic and Epigenetic Architecture of Keratoconus: Emerging Pathways and Clinical Implications.,Genes (Basel),2026 Jan 6,Cappellani F; Capobianco M; Visalli F; Mazzotta C; D'Esposito F; Tognetto D; Gagliano C; Zeppieri M,10.3390/genes17010066,EDS_hEDS,2026
12773402,PMC12773402,Abstract 101: Ophthalmic Artery Aneurysm Embolization Resulting in Resolution of Headaches and Visual Symptoms.,Stroke Vasc Interv Neurol,2023 Nov,Dasgupta S,10.1161/SVIN.03.suppl_2.101,EDS_hEDS,2023
12793884,PMC12793884,Varied Presentations of Arterial Events in Vascular Ehlers-Danlos Syndrome.,JACC Case Rep,2025 Oct 15,Jaiswal M; Mansoorshahi S; Zachariah S; Macedo T; Cecchi AC; Zhao B; Buja LM; Milewicz DM; Oderich GS; Afifi RO; Tanaka A; Estrera AL; Arain SA; Prakash SK,10.1016/j.jaccas.2025.105424,EDS_hEDS,2025
12765413,PMC12765413,Novel Use of Meniscal Allograft Arthroplasty for Basal Joint Arthritis in a Patient With Ehlers-Danlos Syndrome: A Case Report.,Cureus,2025 Dec,Vieira L; Eng EM; Chandrasekaran R; Esmaeili E,10.7759/cureus.98522,EDS_hEDS,2025
12744369,PMC12744369,A de novo variant of the COL3A1 gene: causality of vascular Ehlers-Danlos syndrome.,Adv Lab Med,2025 Dec,Gutiérrez Romero E; Padilla Apuntate N; Izquierdo Álvarez S,10.1515/almed-2025-0172,EDS_hEDS,2025
12712790,PMC12712790,Syndromic scoliosis in a patient with arthrochalasia Ehlers-Danlos syndrome corrected with a Wood-Rigo-Cheneau derotational brace.,BMJ Case Rep,2024 Sep 28,Brown M; Krasney L; Lavallee M,10.1136/bcr-2023-259469,EDS_hEDS,2024
12688513,PMC12688513,Challenges in the Management of Patients with Vascular Ehlers-Danlos Syndrome: Lessons from three Clinical Cases.,Eur J Case Rep Intern Med,2025,Alayasa L; Fiala R; Skafi A; Sulaiman T; Lemoli M; Buso G; Muiesan ML,10.12890/2025_005837,EDS_hEDS,2025
12677986,PMC12677986,Diaphragmatic Hernia in a Newborn With COL1A1-Associated Classical Ehlers-Danlos Syndrome.,Case Rep Genet,2025,Anand L; Munro MJ; Shetty A; Dean J; Pagan J; Campbell J,10.1155/crig/5233998,EDS_hEDS,2025
12639752,PMC12639752,Pulmonary vascular Ehlers-Danlos syndrome with hemoptysis as the main manifestation: CT and histologic findings of lung parenchymal damage.,Orphanet J Rare Dis,2025 Nov 21,Lei Y; Chen G; Chen T; Chen G; Xu H; Chen X; Zhao J; Hong C; Deng Y; Li X,10.1186/s13023-025-04113-4,EDS_hEDS,2025
12619029,PMC12619029,Interventional varicose vein therapy using endoluminal laser ablation (1940 nm) in patients with Ehlers-Danlos syndromes: two case reports.,J Dtsch Dermatol Ges,2025 Nov,Braß D; Tantcheva-Poór I; Stücker M,10.1111/ddg.15812,EDS_hEDS,2025
12615188,PMC12615188,Hypothesis paper: high prevalence of Tinel sign in hypermobile Ehlers-Danlos syndrome.,Front Neurol,2025,Hashemi SS; Knight DRT,10.3389/fneur.2025.1508176,EDS_hEDS,2025
12565033,PMC12565033,Oral Manifestations in Adolescents with Genetic Syndromes: A Retrospective Cross-Sectional Study.,J Clin Med,2025 Oct 13,Țenț A; Iurcov R; Moca AE; Moca RT; Țig IA; Matei RI,10.3390/jcm14207217,EDS_hEDS,2025
12551611,PMC12551611,Ehlers-Danlos Syndrome: A Tale of Two Cases Highlighting Rare Subtypes and Diagnostic Considerations.,Cureus,2025 Sep,Pati K; Tripathy SR; Patnaik SS; Parida MK; Das BK,10.7759/cureus.93109,EDS_hEDS,2025
12488752,PMC12488752,Survival of anterior cruciate ligament  reconstruction in patients with Ehlers-Danlos syndrome: A comparison with anatomic risk factors in existing literature.,Int Orthop,2025 Oct,Schmidt S; Leite CBG; Bumberger A; Franco D; Jacobs CA; Richardson L; Paschos N; Goertz S; Berkson E; Asnis P; Lattermann C,10.1007/s00264-025-06632-y,EDS_hEDS,2025
12464579,PMC12464579,Intramuscular hemorrhage during rehabilitation in a post-stroke patient with vascular Ehlers-Danlos syndrome: a case report and review of spasticity-related muscle injury.,Front Rehabil Sci,2025,Izumi R; Hayashi K; Sato M; Yamaguchi T; Suzuki A; Nakaya Y; Ikeda K; Ikawa M; Kobayashi Y,10.3389/fresc.2025.1638656,EDS_hEDS,2025
12465098,PMC12465098,Exploring the Association Between Median Arcuate Ligament Syndrome and Hypermobile Ehlers-Danlos Syndrome: A Case Report.,Cureus,2025 Aug,Sorenson KR; Buckway T; Hall B,10.7759/cureus.90988,EDS_hEDS,2025
12459581,PMC12459581,Evidence of Altered Enteric Nervous System Structure Associated With Severe Dysmotility in a Patient With Ehlers-Danlos Syndrome.,ACG Case Rep J,2025 Sep,Oelerich K; Bains K; Minchenberg SB; Deshpande V; Iturrino-Moreda J; Kulkarni S,10.14309/crj.0000000000001823,EDS_hEDS,2025
12441394,PMC12441394,Severely Kinked Ascending Aorta Prosthetic Graft Causing Thromboembolism.,JACC Case Rep,2025 Jul 9,Hasami NA; Geuzebroek GSC; Smith T; Heijmen RH,10.1016/j.jaccas.2025.103933,EDS_hEDS,2025
12441329,PMC12441329,Open Repair of a True Aneurysm of the Superior Mesenteric Artery.,JACC Case Rep,2025 Jul 2,Rascio L; Peluso N; Sica S; Tinelli G; Donati T; Borghese O; Tshomba Y,10.1016/j.jaccas.2025.103914,EDS_hEDS,2025
12420492,PMC12420492,Unraveling Reality : Complaints that became delusions aligned to Ehlers-Danlos Syndrome ended up with ECT - a case report.,Eur Psychiatry,2025 Apr,Uslu D; Dindar RE; Bestepe EE; Kolsuz H,10.1192/j.eurpsy.2025.2134,EDS_hEDS,2025
12417854,PMC12417854,Conservative Management of Massive Retroperitoneal Hemorrhage in a Patient with Vascular Ehlers-Danlos Syndrome: A Case Report.,Vasc Specialist Int,2025 Sep 9,Tanikawa A; Nemoto M; Watabe K,10.5758/vsi.250044,EDS_hEDS,2025
12409755,PMC12409755,Anesthetic Management of a Pregnant Patient With Ehlers-Danlos Syndrome Undergoing Elective Cesarean Delivery: A Case Report.,Cureus,2025 Aug,Aljuba YM; Shatalin D; Ronenson A; Grenader A; Ioscovich A,10.7759/cureus.89400,EDS_hEDS,2025
12327914,PMC12327914,"Ketamine Use in a Laboring Mother With Type 4 Ehlers-Danlos Syndrome, a Family History of Malignant Hyperthermia, and Opioid-Induced Seizures.",Cureus,2025 Jul,Bower RI; McArdle IW; Kohli A; Unger M,10.7759/cureus.87471,EDS_hEDS,2025
12296389,PMC12296389,'Pediatric Ehlers-Danlos syndrome VI with retroperitoneal Hemorrhage: case report and management strategy'.,Oxf Med Case Reports,2025 Jul,Yunus A; Khan M; Jamali AA; Kazi G,10.1093/omcr/omaf119,EDS_hEDS,2025
12291538,PMC12291538,Ehlers-Danlos syndrome and the risk of spontaneous colonic perforation: clinical insights and surgical implications.,J Surg Case Rep,2025 Jul,Gaspar D; Pinheiro JL; Santos A; Canhoto C; Simão R; Pereira RB; Pereira J,10.1093/jscr/rjaf558,EDS_hEDS,2025
12276532,PMC12276532,Double-Allograft Shoulder Stabilization for Multidirectional Instability Is Associated With Improved Function and Survivability After 2 Years.,Arthrosc Sports Med Rehabil,2025 Jun,Savoie FH 3rd; Cole MW; Collins LK; Wilder JH; Ross BJ; O'Brien MJ; Sherman WF,10.1016/j.asmr.2025.101120,EDS_hEDS,2025
12225415,PMC12225415,Postural Orthostatic Tachycardia Syndrome (POTS) as an Adverse Event to the Human Papilloma Virus (HPV) Vaccine and Its Relationship with Ehlers-Danlos Syndrome (EDS).,Reports (MDPI),2024 May 12,Schipperijn N; Wijesinghe M; Romo A; Brooks B,10.3390/reports7020036,EDS_hEDS,2024
12209458,PMC12209458,Ocular manifestations in Ehlers-Danlos syndrome.,Eye (Lond),2025 Jul,Kim SB; Shaia JK; Kaelber DC; Singh RP; Talcott KE,10.1038/s41433-025-03787-1,EDS_hEDS,2025
12200703,PMC12200703,Characterizing the content and quality of internet resources on exercise training in Ehlers-Danlos Syndromes and generalized hypermobility spectrum disorder.,PLoS One,2025,Dhawan J; Sohrabipour S; Salman Al-Timimi A; Elangeswaran B; Choudhary O; Al Kaabi N; Ibrahim Masthan M; Santa Mina D; McGillis L; Truong WT; Camacho Perez E; Schubart J; Lavallee M; Sheehan T; Cherin N; Mittal N; Clarke H; Bascom R; Rozenberg D,10.1371/journal.pone.0325709,EDS_hEDS,2025
12195525,PMC12195525,The Impact of Celiprolol in Vascular Ehlers-Danlos Syndrome: A Systematic Review of Current Evidence.,Med Sci (Basel),2025 Jun 9,Saputra PBT; Widiarti W; Siahaan PP; Putra RM; Putranto JNE; Budiarto RM; Luthfah N; Multazam CECZ; D'Oria M; Alkaff FF,10.3390/medsci13020074,EDS_hEDS,2025
12180213,PMC12180213,Prevalence of vascular complications in Ehlers-Danlos syndrome: a systematic review and meta-analysis.,Orphanet J Rare Dis,2025 Jun 20,Awad AA; Yappalparvi A; Khatib MN; R R; Kaur M; Srivastava M; Barwal A; Prasad GVS; Rajput P; Syed R; Sharma G; Prasoon A; Shabil M; Punia A; Jagga M; Mehta R; Sah S; Satapathy P; Gaidhane AM; Mawejje E; Bushi G,10.1186/s13023-025-03854-6,EDS_hEDS,2025
12159619,PMC12159619,A Rare Case of Bilateral Congenital Radial Head Dislocation: A Case Report.,J Orthop Case Rep,2025 Jun,Gultekin O; Ak S; Aksay MF; Arikan Hİ; Kilinc BE,10.13107/jocr.2025.v15.i06.5644,EDS_hEDS,2025
12055390,PMC12055390,Perforation of the Sigmoid Colon due to Diverticular Rupture in a Woman With FKBP14-Related Kyphoscoliotic Ehlers-Danlos Syndrome: A Case Report.,Clin Case Rep,2025 May,Foy M; Renault V; Gillas F; De Mazancourt P; Carlier R; Manceau G; Bénistan K,10.1002/ccr3.70480,EDS_hEDS,2025
12047577,PMC12047577,Recurrent elbow instability in a patient with Ehlers-Danlos syndrome treated with soft tissue reconstruction: case report.,JSES Rev Rep Tech,2025 May,Rodà D; Martinelli F; Celli A; Celli L,10.1016/j.xrrt.2024.11.001,EDS_hEDS,2025
12028372,PMC12028372,The Successful Treatment of a Patient with Ehlers-Danlos Syndrome (EDS) After an Extensive Burn Injury: A Case Report.,Medicina (Kaunas),2025 Mar 21,Ziółkowska K; Słaboń A; Glik J; Maj M; Olszak M; Mikuś-Zagórska K; Strzelec P; Czerny K; Maciejowski R; Gierek M; Łabuś W,10.3390/medicina61040554,EDS_hEDS,2025
11918753,PMC11918753,Genetic factors and management strategies in aortic health: a literature review of inherited aortopathy.,Ann Med Surg (Lond),2025 Feb,Elendu C; Nzeako TR; Nwachukwu NO; Akpa KN; Omiko RA; Ayobami-Ojo PS; Orji UW; Nwankwo VC; Amaefule KC; Chima CS; Chika NW; Olukorode JO; Oloyede PO; Falade DM; Fayemi TE; Ezeamaku-Humphrey CP; Vansh RR; Enaholo TMO; Anukam LI; Chukwuneke OM,10.1097/MS9.0000000000002969,EDS_hEDS,2025
11905011,PMC11905011,UK Medical Cannabis Registry: An Analysis of Outcomes of Medical Cannabis Therapy for Hypermobility-Associated Chronic Pain.,ACR Open Rheumatol,2025 Mar,Dickinson M; Erridge S; Warner-Levy J; Clarke E; McLachlan K; Coomber R; Holden W; Rucker JJ; Platt MW; Sodergren MH,10.1002/acr2.70024,EDS_hEDS,2025
11885547,PMC11885547,Understanding rare variant contributions to autism: lessons from dystrophin-deficient model.,NPJ Genom Med,2025 Mar 6,Costa CIS; Madanelo L; Wang JYT; da Silva Campos G; De Sanctis Girardi AC; Scliar M; Monfardini F; de Cássia Mingroni Pavanello R; Cória VR; Vibranovski MD; Krepischi AC; Lourenço NCV; Zatz M; Yamamoto GL; Zachi EC; Passos-Bueno MR,10.1038/s41525-025-00469-5,EDS_hEDS,2025
11879130,PMC11879130,Small bowel perforation caused by a fish bone in a patient with vascular Ehlers-Danlos syndrome: a case report.,J Surg Case Rep,2025 Feb,Nakahara H; Doi S; Yasuda S; Nagai M; Nakamura K; Matsuo Y; Terai T; Kohara Y; Sakata T; Sho M,10.1093/jscr/rjaf098,EDS_hEDS,2025
11862159,PMC11862159,Recurrent perforation of an implantable cardioverter-defibrillator lead in a patient with vascular Ehlers-Danlos syndrome.,HeartRhythm Case Rep,2025 Feb,Lee K; Liskov S; Lakdawala NK; MacCarrick G; Dietz HC 3rd; Barth AS,10.1016/j.hrcr.2024.10.015,EDS_hEDS,2025
11841416,PMC11841416,A case of massive hematoma: reflections on hypermobile Ehlers-Danlos syndrome.,Front Med (Lausanne),2025,Liu Q; Zeng G; Xiong Y; Xu C,10.3389/fmed.2025.1514349,EDS_hEDS,2025
11829448,PMC11829448,Rates of mental health concerns among individuals assessed at the GoodHope Ehlers-Danlos Syndrome Clinic.,Orphanet J Rare Dis,2025 Feb 14,Slepian PM; Axenova K; McCarthy M; Siegal R; Gobin K; Weinrib A; Buryk-Iggers S; Santa Mina D; McGillis L; Mittal N; Katz J; Clarke H,10.1186/s13023-025-03550-5,EDS_hEDS,2025
11783490,PMC11783490,Myxomatous degeneration of aortic valve causing severe aortic regurgitation. A rare case report.,SAGE Open Med Case Rep,2025,Kodakkandla RK; Sarraju VS; Ayalasomayajula N,10.1177/2050313X251316992,EDS_hEDS,2025
11769844,PMC11769844,Recalcitrant Female Pattern Hair Loss Like Alopecia Unveils Unexpected Rare Entity.,Clin Cosmet Investig Dermatol,2025,Nouh AH; Elgendy FM; Gobran FA; Zhuravlova MS,10.2147/CCID.S487399,EDS_hEDS,2025
11751598,PMC11751598,Rare vascular complications in classical Ehlers-Danlos syndromes.,BMJ Case Rep,2025 Jan 4,Chong CWC; Chaudhuri D; Varikara K,10.1136/bcr-2024-260109,EDS_hEDS,2025
11750457,PMC11750457,Radiological insights into fibromuscular dysplasia unveiled by intracranial aneurysms and iliac vein hypoplasia in suspected DVT.,Radiol Case Rep,2025 Mar,Ibenyahia A; Elkaddouri O; Salek M; Boustani S; Bigi S; Adnor S; Bouissar W; Wakrim S,10.1016/j.radcr.2024.12.025,EDS_hEDS,2025
11697121,PMC11697121,Management of spontaneous liver hemorrhage in vascular Ehlers Danlos syndrome: A case report.,Int J Surg Case Rep,2025 Jan,Warshowsky E; Shannon A; Elsagga M; Swan R,10.1016/j.ijscr.2024.110728,EDS_hEDS,2025
11666444,PMC11666444,"Neuraxial biomechanics, fluid dynamics, and myodural regulation: rethinking management of hypermobility and CNS disorders.",Front Neurol,2024,Frost N; Barclay SJ,10.3389/fneur.2024.1479545,EDS_hEDS,2024
11650402,PMC11650402,"A machine learning approach to stratify patients with hypermobile Ehlers-Danlos syndrome/hypermobility spectrum disorders according to disorders of gut brain interaction, comorbidities and quality of life.",Neurogastroenterol Motil,2025 Jan,Choudhary A; Fikree A; Ruffle JK; Takahashi K; Palsson OS; Aziz I; Aziz Q,10.1111/nmo.14957,EDS_hEDS,2025
11646906,PMC11646906,Comprehensive Genetic Testing for Coexisting Marfan and Loeys-Dietz Syndromes in Hereditary Thoracic Aortic Disease.,JACC Case Rep,2024 Dec 4,Yoshida S; Tada H; Goten C; Okada H; Sakata K; Takamura M,10.1016/j.jaccas.2024.102731,EDS_hEDS,2024
11641481,PMC11641481,Self-Perception of Physical Problems in Patients with Non-Vascular Type of Ehlers-Danlos Syndrome: A Qualitative Study.,Healthcare (Basel),2024 Nov 28,Palomo-Toucedo IC; Reina-Bueno M; Munuera-Martínez PV; Vázquez-Bautista MDC; Domínguez-Maldonado G; Leon-Larios F,10.3390/healthcare12232392,EDS_hEDS,2024
11623363,PMC11623363,Coexistence of Vascular Ehlers-Danlos Syndrome and Sticky Platelet Syndrome: A Lethal Combination in A Young Patient with Thrombophilia and Haemorrhagic Diathesis.,Eur J Case Rep Intern Med,2024,De Miguel-Escribano M; Garrido-Montes M; Astudillo-Ortega P; Pertusa-Mataix R; Rodríguez-Trigueros A; Corchero-Gijón J; Garcia-Morillo JS,10.12890/2024_005018,EDS_hEDS,2024
11618054,PMC11618054,A Case of Spontaneous Carotid-cavernous Fistula in a Patient with Vascular Ehlers-Danlos Syndrome.,NMC Case Rep J,2024,Kawano T; Horinouchi S; Tamura M; Kawano T; Ohta H,10.2176/jns-nmc.2024-0128,EDS_hEDS,2024
11610443,PMC11610443,Clinical diagnosis of the monogenic Ehlers-Danlos syndromes.,Med Genet,2024 Dec,van Dijk FS; Angwin C; Demirdas S; Ghali N; Zschocke J,10.1515/medgen-2024-2060,EDS_hEDS,2024
11587892,PMC11587892,Spontaneous sigmoid perforation and subsequent ruptured hepatic aneurysms in suspected vascular type Ehlers-Danlos syndrome: a case report and comprehensive literature review.,J Surg Case Rep,2024 Nov,Oh S; Hudnall AD; Fitzgerald CA,10.1093/jscr/rjae726,EDS_hEDS,2024
11585818,PMC11585818,Recurrent adnexal torsion in a teenager with hypermobile Ehlers-Danlos syndrome: A case report.,Case Rep Womens Health,2024 Dec,Panagiotopoulos M; Tsiriva M; Vogiatzi-Vokotopoulou L; Koukoumpanis K; Kathopoulis N; Douligeris A; Protopapas A; Michala L,10.1016/j.crwh.2024.e00661,EDS_hEDS,2024
11581960,PMC11581960,Presentation and physical therapy management using a neuroplasticity approach for patients with hypermobility-related upper cervical instability: a brief report.,Front Neurol,2024,Chalela S; Russek LN,10.3389/fneur.2024.1459115,EDS_hEDS,2024
11545606,PMC11545606,Bilateral Chronic Herpetic Anterior Uveitis in an Immunocompetent Patient.,Int Med Case Rep J,2024,Chu JP; Gilhotra JS,10.2147/IMCRJ.S490693,EDS_hEDS,2024
11532648,PMC11532648,Hypoglycemia Associated With Hypermobile Ehlers-Danlos Syndrome.,JCEM Case Rep,2024 Nov,Saeed H; Sheehan A; Patti ME,10.1210/jcemcr/luae205,EDS_hEDS,2024
11528175,PMC11528175,Cesarean Delivery in a Patient With Hypermobile Ehlers-Danlos Syndrome: A Case Report.,Cureus,2024 Oct,Antunes B; Araújo M; Noversa C; Pedreira J; Marques M,10.7759/cureus.70667,EDS_hEDS,2024
11527182,PMC11527182,Elucidating the roles of SOD3 correlated genes and reactive oxygen species in rare human diseases using a bioinformatic-ontology approach.,PLoS One,2024,Stanworth M; Zhang SD,10.1371/journal.pone.0313139,EDS_hEDS,2024
11515420,PMC11515420,Outcomes of orthopaedic surgery in Ehlers-Danlos syndromes: a scoping review.,BMC Musculoskelet Disord,2024 Oct 24,Schubart JR; Mills SE; Rodeo SA; Francomano CA,10.1186/s12891-024-07937-6,EDS_hEDS,2024
11461980,PMC11461980,Surviving the storm: A 6-year journey with bowel perforations and aneurysms in vascular Ehlers-Danlos syndrome - A case report.,Int J Surg Case Rep,2024 Nov,Habib FA; Osseis M; Chebly A; El Feghali E; Noun R,10.1016/j.ijscr.2024.110294,EDS_hEDS,2024
11458247,PMC11458247,Spontaneous Bilateral Patellar Tendon Rupture in Patient with Ehlers-Danlos Syndrome: A Case Report.,J Orthop Case Rep,2024 Oct,Franco H; Fraser D,10.13107/jocr.2024.v14.i10.4834,EDS_hEDS,2024
11459387,PMC11459387,"Suspected local anesthetic resistance after intrathecal, perineural, intraarticular and subcutaneous injections: a case report.",AME Case Rep,2024,Lee J; Davis J; Ralston B; Marcinkowski B; Chinn M; Burnette M,10.21037/acr-24-17,EDS_hEDS,2024
11440296,PMC11440296,Pulmonary Mycobacterium avium complex infection with vascular Ehlers-Danlos syndrome: A case report.,Respir Med Case Rep,2024,Okamura K; Noro R; Tanaka T; Kashiwada T; Tanaka Y; Saito Y; Fujita K; Akutsu K; Sahara T; Kamio K; Yamada T; Kasahara K; Seike M,10.1016/j.rmcr.2024.102119,EDS_hEDS,2024
11426177,PMC11426177,Coexisting Sacroiliac Arthritis and Chronic Nonbacterial Osteomyelitis in an Adolescent with Ehlers-Danlos Syndrome: A Case Report and Treatment Success.,Am J Case Rep,2024 Sep 22,Ożga J; Mężyk E; Kmiecik W; Wojciechowski W; Żuber Z,10.12659/AJCR.943579,EDS_hEDS,2024
11423452,PMC11423452,Novel COL5A1 variants and associated disease phenotypes in dogs with classical Ehlers-Danlos syndrome.,J Vet Intern Med,2024 Sep-Oct,Bullock G; Jaffey JA; Cohn LA; Sox E; Hostnik ET; Hutcheson KD; Matero E; Hoffmann KS; Johnson GS; Katz ML,10.1111/jvim.17180,EDS_hEDS,2024
11421124,PMC11421124,Functional benefit of joint surgery in patients with non-vascular Ehlers-Danlos syndrome: results of a retrospective study.,Orphanet J Rare Dis,2024 Sep 23,Abihssira S; Benistan K; Nourissat G,10.1186/s13023-024-03261-3,EDS_hEDS,2024
11410636,PMC11410636,Long COVID and hypermobility spectrum disorders have shared pathophysiology.,Front Neurol,2024,Ganesh R; Munipalli B,10.3389/fneur.2024.1455498,EDS_hEDS,2024
11408771,PMC11408771,Cerebral air embolism associated with cavitary lung lesion in a patient with Ehlers-Danlos syndrome.,Radiol Case Rep,2024 Dec,Mangerel J; Masri D; Gelbman M,10.1016/j.radcr.2024.08.078,EDS_hEDS,2024
11365123,PMC11365123,Multiple dermatofibromas in a patient with Ehlers-Danlos syndrome: a case report.,J Med Case Rep,2024 Aug 31,Mohaghegh F; Bahraminejad M; Talebzadeh Z; Tabatabaei ET,10.1186/s13256-024-04628-7,EDS_hEDS,2024
11343928,PMC11343928,Surgical and irradiated case of early breast cancer in a patient with Ehlers-Danlos syndrome.,Surg Case Rep,2024 Aug 23,Yamazaki A; Tada H; Muroyama Y; Yamazaki Y; Miyashita M; Harada-Shoji N; Hamanaka Y; Ebata A; Sato M; Motonari T; Yanagaki M; Kon T; Sakamoto A; Suzuki T; Ishida T,10.1186/s40792-024-01997-5,EDS_hEDS,2024
11341037,PMC11341037,Investigation of dermal collagen nanostructures in Ehlers-Danlos Syndrome (EDS) patients.,PLoS One,2024,Neshatian M; Mittal N; Huang S; Ali A; Khattignavong E; Bozec L,10.1371/journal.pone.0307442,EDS_hEDS,2024
11331821,PMC11331821,Internal carotid artery dissection associated with an elongated hyoid bone in a patient with vascular Ehlers-Danlos syndrome.,BMJ Case Rep,2024 Aug 16,González Villaman CM; Domínguez Quiñónez R; Castillo Espinal L,10.1136/bcr-2024-260764,EDS_hEDS,2024
11320472,PMC11320472,Cataract surgery complications in a patient with brittle cornea syndrome and Ehlers-Danlos syndrome type six: A case report.,Am J Ophthalmol Case Rep,2024 Dec,Maurino V; Aiello F; Matarazzo F,10.1016/j.ajoc.2024.102120,EDS_hEDS,2024
11109350,PMC11109350,The relationship between joint hypermobility and patellar instability: A systematic review.,J Orthop,2024 Oct,Heighes LA; Abelleyra Lastoria DA; Beni R; Iftikhar A; Hing CB,10.1016/j.jor.2024.05.009,EDS_hEDS,2024
11268287,PMC11268287,Outcomes Following Anterior Cervical Discectomy and Fusion in Patients With Ehlers-Danlos Syndrome.,Global Spine J,2024 Jul,Chi J; Raso J; Tadepalli V; Labaran L; Oh E; Wang J; Shen FH; Li X,10.1177/21925682231151924,EDS_hEDS,2024
11195703,PMC11195703,Assessment of extra-coronary peripheral arteriopathy in spontaneous coronary dissection: state of the art in non-invasive imaging techniques and future perspectives.,Eur Heart J Imaging Methods Pract,2023 Sep,Androulakis E; Kourek C; Vrettos A; Kontopodis N; Lioudaki E; Prasinou M; Xanthopoulos A; Antonopoulos A; Briasoulis A; Mohiaddin R,10.1093/ehjimp/qyad044,EDS_hEDS,2023
11188628,PMC11188628,Vascular Ehlers-Danlos Syndrome: A Comprehensive Natural History Study in a Dutch National Cohort of 142 Patients.,Circ Genom Precis Med,2024 Jun,Demirdas S; van den Bersselaar LM; Lechner R; Bos J; Alsters SIM; Baars MJH; Baas AF; Baysal Ö; van der Crabben SN; Dulfer E; Giesbertz NAA; Helderman-van den Enden ATJM; Hilhorst-Hofstee Y; Kempers MJE; Komdeur FL; Loeys B; Majoor-Krakauer D; Ockeloen CW; Overwater E; van Tintelen PJ; Voorendt M; de Waard V; Maugeri A; Brüggenwirth HT; van de Laar IMBH; Houweling AC,10.1161/CIRCGEN.122.003978,EDS_hEDS,2024
11188875,PMC11188875,Esophageal Striae as a Possible Gastrointestinal Manifestation of Hypermobile Ehlers-Danlos Syndrome.,ACG Case Rep J,2024 Jun,Eckardt AJ; Wehrmann T; Brueck CC,10.14309/crj.0000000000001393,EDS_hEDS,2024
11143781,PMC11143781,Intraocular lens calcification in a patient with Ehlers-Danlos syndrome.,Am J Ophthalmol Case Rep,2024 Sep,Maguire MJ; Munro DJ; Merz P; Laidlaw A; Auffarth GU,10.1016/j.ajoc.2024.102080,EDS_hEDS,2024
11120992,PMC11120992,Can Hemorrhagic Stroke Genetics Help Forensic Diagnosis in Pediatric Age (<5 Years Old)?,Genes (Basel),2024 May 13,Treves B; Sonnini E; La Russa R; Del Duca F; Ghamlouch A; De Matteis A; Trignano C; Marchal JA; Carrillo E; Napoletano G; Maiese A,10.3390/genes15050618,EDS_hEDS,2024
11095771,PMC11095771,Management of childbearing with hypermobile Ehlers-Danlos syndrome and hypermobility spectrum disorders: A scoping review and expert co-creation of evidence-based clinical guidelines.,PLoS One,2024,Pezaro S; Brock I; Buckley M; Callaway S; Demirdas S; Hakim A; Harris C; High Gross C; Karanfil M; Le Ray I; McGillis L; Nasar B; Russo M; Ryan L; Blagowidow N,10.1371/journal.pone.0302401,EDS_hEDS,2024
11082880,PMC11082880,Editorial: Ehlers-Danlos syndrome: from bedside to bench.,Front Genet,2024,Kosho T; Hayashi S; Matsumoto KI; Syx D; Kaur A,10.3389/fgene.2024.1399386,EDS_hEDS,2024
11058070,PMC11058070,Increased Opioid Use in Patients With Ehlers-Danlos Syndrome Before and After Total Hip Arthroplasty.,Arthroplast Today,2024 Jun,Kelly M; Kagan RP; Yoo J,10.1016/j.artd.2024.101390,EDS_hEDS,2024
11010766,PMC11010766,Temporomandibular disorders among Ehlers-Danlos syndromes: a narrative review.,J Int Med Res,2024 Apr,Oelerich O; Daume L; Yekkalam N; Hanisch M; Menne MC,10.1177/03000605241242582,EDS_hEDS,2024
10988040,PMC10988040,Iliac artery dissection and rupture in a patient with classic Ehlers-Danlos syndrome due to COL5A1 null variant.,J Vasc Surg Cases Innov Tech,2024 Jun,Pujari A; Shalhub S,10.1016/j.jvscit.2024.101443,EDS_hEDS,2024
10974947,PMC10974947,An Unusual Case of Hemothorax in an Ehlers-Danlos Syndrome Patient Following Sildenafil Use.,Cureus,2024 Feb,Varkey A; Killian K; Melnick J,10.7759/cureus.55084,EDS_hEDS,2024
10941705,PMC10941705,"The Impact of Pregnancy in Patients with Thoracic Aortic Disease: Epidemiology, Risk Assessment, and Management Considerations.",Methodist Debakey Cardiovasc J,2024,Duarte VE; Richardson JN; Singh MN,10.14797/mdcvj.1371,EDS_hEDS,2024
10940564,PMC10940564,Successful management of splenic artery dissection after sigmoid colon perforation in vascular Ehlers-Danlos syndrome.,Surg Case Rep,2024 Mar 15,Yoshizaki M; Matsuo Y; Yasuda S; Doi S; Sakata T; Nagai M; Nakamura K; Kohara Y; Toyoda S; Tanaka T; Sho M,10.1186/s40792-024-01845-6,EDS_hEDS,2024
10917428,PMC10917428,A Possible Newly Defined and Treatable Secondary Cause of Early Morning Wake-Up Headaches in an Older Hypermobile Woman: Nutcracker Physiology with Spinal Epidural Venous Congestion.,Case Rep Neurol,2024 Jan-Dec,Rozen TD; Devcic Z; Toskich BB; Fairweather D; Bruno KA,10.1159/000537705,EDS_hEDS,2024
10906948,PMC10906948,Endovascular intervention to treat spontaneous carotid-cavernous fistula in a patient with Ehlers-Danlos Syndrome with an access site anatomical variant.,BJR Case Rep,2024 Mar,See AJX; Ashok AH; Joshi Y; Guilfoyle M; See TC,10.1093/bjrcr/uaae006,EDS_hEDS,2024
10853051,PMC10853051,Vascular Ehlers-Danlos syndrome: A null COL3A1 variant found in a patient with loin pain without marked cutaneous features (case report).,Clin Case Rep,2024 Feb,Subramaniam SR; Yeung LF; Choy LYL; Kwok JSS,10.1002/ccr3.8517,EDS_hEDS,2024
10784750,PMC10784750,Systemic pain relief after omalizumab injection in patient with hypermobile Ehlers-Danlos syndrome: A case report.,Clin Case Rep,2024 Jan,Jonik S; Rothka AJ; Cherin N,10.1002/ccr3.8431,EDS_hEDS,2024
10782094,PMC10782094,Right Hemianopsia and Right-Limb Hypesthesia Associated With Vascular Ehlers-Danlos Syndrome and Antiphospholipid Syndrome.,J Clin Neurol,2024 Jan,Kim SA; Yang W; Kim JM,10.3988/jcn.2022.0251,EDS_hEDS,2024
10781429,PMC10781429,No Increase in Acute or Late Radiation Toxicities in Patients With Ehlers-Danlos Syndrome Receiving Adjuvant Breast Radiation Therapy: A Report of Four Cases With Extended Follow-Up.,Cureus,2023 Dec,Hsieh MT; Amalaseelan J; Mohd Tahir AR; Le T; Shakespeare TP,10.7759/cureus.50346,EDS_hEDS,2023
10765638,PMC10765638,Left main and three vessels spontaneous coronary artery dissection as an incidental finding in young man with history of Hodgkin's lymphoma-a case report.,BMC Cardiovasc Disord,2024 Jan 3,Kavyani R; Salari S; Norozi Z; Hosseini S; Abdi S; Rai A; Maleki M,10.1186/s12872-023-03609-w,EDS_hEDS,2024
10761464,PMC10761464,Importance of comprehensive genetic testing for patients with suspected vascular Ehlers-Danlos syndrome: a family case report and literature review.,Front Genet,2023,Wei X; Zhou X; Xie B; Shi M; Gui C; Liu B; Li C; Zhang C; Luo J; Mi C; Gui B,10.3389/fgene.2023.1246712,EDS_hEDS,2023
10725090,PMC10725090,Familial hepatic rupture in vascular Ehlers-Danlos syndrome in pregnancy with atypical thromboses.,JRSM Open,2023 Dec,Patel J; Neville C; Kumar R; Grey-Davies E; Hutt R; van Dijk FS; Chan LY; Walter E,10.1177/20542704231215970,EDS_hEDS,2023
10695548,PMC10695548,"Comprehensive review of aortic aneurysms, dissections, and cardiovascular complications in connective tissue disorders.",Medicine (Baltimore),2023 Dec 1,Elendu C; Amaechi DC; Elendu TC; Ibhiedu JO; Torubiri AO; Okoye OK,10.1097/MD.0000000000036499,EDS_hEDS,2023
10584354,PMC10584354,Anesthetic Management of an Obstetric Patient With Ehlers-Danlos and Wolff-Parkinson-White Syndromes.,Cureus,2023 Sep,Biladeau SK; Bocard B; Grell R,10.7759/cureus.45486,EDS_hEDS,2023
10554791,PMC10554791,THU435 Atypical Femur Fractures In Antiresorptive- Therapy-naïve Patient Underscores Knowledge Gaps.,J Endocr Soc,2023 Oct 5,Gray Cater TL; Styner M,10.1210/jendso/bvad114.396,EDS_hEDS,2023
10513349,PMC10513349,The Analgesic Mismanagement of a Patient With Ehlers-Danlos Syndrome (Hypermobility Variant): A Case Report.,Cureus,2023 Sep,Gunendran T; Uma Dwarakanath N,10.7759/cureus.45713,EDS_hEDS,2023
10510186,PMC10510186,"Prevalence and quality of temporomandibular disorders, chronic pain and psychological distress in patients with classical and hypermobile Ehlers-Danlos syndrome: an exploratory study.",Orphanet J Rare Dis,2023 Sep 19,Willich L; Bohner L; Köppe J; Jackowski J; Hanisch M; Oelerich O,10.1186/s13023-023-02877-1,EDS_hEDS,2023
10488471,PMC10488471,Primary Hemostasis Disorders as a Cause of Heavy Menstrual Bleeding in Women of Reproductive Age.,J Clin Med,2023 Sep 1,Kontogiannis A; Matsas A; Valsami S; Livanou ME; Panoskaltsis T; Christopoulos P,10.3390/jcm12175702,EDS_hEDS,2023
10472575,PMC10472575,Psychological interventions for individuals with Ehlers-Danlos syndrome and hypermobility spectrum disorder: a scoping review.,Orphanet J Rare Dis,2023 Aug 31,Song JZ; Luong D; Feldman ECH; Tran S; Perrier L; Eubanks K; Bayley M; Kastner M; Slepian M; Munce SEP,10.1186/s13023-023-02799-y,EDS_hEDS,2023
10473008,PMC10473008,Precision medicine using whole genome sequencing in a cat identifies a novel COL5A1 variant for classical Ehlers-Danlos syndrome.,J Vet Intern Med,2023 Sep-Oct,McElroy A; Gray-Edwards H; Coghill LM; Lyons LA,10.1111/jvim.16805,EDS_hEDS,2023
10455523,PMC10455523,Bowel Perforation in Vascular Ehlers-Danlos Syndrome: Case Report and Comprehensive Review.,J Pers Med,2023 Aug 10,Menni A; Tzikos G; Sarafis A; Ververi A; Chatziantoniou G; Rafailidis V; Panidis S; Goulas P; Karlafti E; Apostolidis S; Giouleme O; Michalopoulos A; Paramythiotis D,10.3390/jpm13081247,EDS_hEDS,2023
10426500,PMC10426500,Management of shoulder instability in hypermobility-type Ehlers-Danlos syndrome.,JSES Rev Rep Tech,2021 Aug,Broida SE; Sweeney AP; Gottschalk MB; Wagner ER,10.1016/j.xrrt.2021.03.002,EDS_hEDS,2021
10406510,PMC10406510,Retrospective Evaluation of Urological Problems in Rare Childhood Syndromes.,Cureus,2023 Jul,Yener S; Şahin C; Ilce Z,10.7759/cureus.41577,EDS_hEDS,2023
10397162,PMC10397162,A case of sigmoid colon perforation due to segmental absence of intestinal musculature (SAIM) accompanied by vascular Ehlers-Danlos syndrome: a case report.,Surg Case Rep,2023 Aug 2,Funaki K; Akagi T; Shiroshita H; Itai Y; Watanabe K; Shuto T; Ueda Y; Etoh T; Miyamoto S; Daa T; Inomata M,10.1186/s40792-023-01721-9,EDS_hEDS,2023
10368949,PMC10368949,Therapeutic difficulties in a patient with Ehlers-Danlos syndrome and numerous symptomatic premature ventricular contractions-case report and literature review.,Front Cardiovasc Med,2023,Sławiński G; Wabich E; Hawryszko M; Daniłowicz-Szymanowicz L; Chevalier P,10.3389/fcvm.2023.1171541,EDS_hEDS,2023
10369693,PMC10369693,"Perioperative opioid-minimization approach as a useful protocol in the management of patients with Ehlers-Danlos syndrome-hypermobility type, craniocervical instability and severe chronic pain who are to undergo occipito-cervical fixation.",Orphanet J Rare Dis,2023 Jul 25,Ramírez-Paesano C; Rodiera Clarens C; Sharp Segovia A; Coila Bustinza A; Rodiera Olive J; Juanola Galceran A,10.1186/s13023-023-02829-9,EDS_hEDS,2023
10315244,PMC10315244,A case of urinary calculus in a patient with Ehlers-Danlos syndrome.,IJU Case Rep,2023 Jul,Owa S; Hattori Y; Yonemura S; Sakurai M,10.1002/iju5.12587,EDS_hEDS,2023
10294281,PMC10294281,Multiple Dermatomyofibromas in a Patient with Ehlers-Danlos Syndrome.,Case Rep Dermatol,2023 Jan-Dec,Derbyshire ML; Brady AL; Farah RS,10.1159/000530423,EDS_hEDS,2023
10298114,PMC10298114,Spinal Deformity in Ehlers-Danlos Syndrome: Focus on Musculocontractural Type.,Genes (Basel),2023 May 27,Uehara M; Takahashi J; Kosho T,10.3390/genes14061173,EDS_hEDS,2023
10264792,PMC10264792,Non-oral manifestations in adults with a clinical and molecularly confirmed diagnosis of periodontal Ehlers-Danlos syndrome.,Front Genet,2023,Angwin C; Zschocke J; Kammin T; Björck E; Bowen J; Brady AF; Burns H; Cummings C; Gardner R; Ghali N; Gröbner R; Harris J; Higgins M; Johnson D; Lepperdinger U; Milnes D; Pope FM; Sehra R; Kapferer-Seebacher I; Sobey G; Van Dijk FS,10.3389/fgene.2023.1136339,EDS_hEDS,2023
10246933,PMC10246933,The Benefits of Osteopathic Manipulative Treatment on a Patient With Ehlers-Danlos Syndrome.,Cureus,2023 May,Khokhar D; Powers B; Yamani M; Edwards MA,10.7759/cureus.38698,EDS_hEDS,2023
10238461,PMC10238461,Endovascular repair of a common iliac artery aneurysm with an iliac branch device in a patient with vascular Ehlers-Danlos syndrome due to a null COL3A1 variant.,J Vasc Surg Cases Innov Tech,2023 Jun,Shalhub S; Byers PH,10.1016/j.jvscit.2023.101192,EDS_hEDS,2023
10208411,PMC10208411,"Female reproductive health impacts of Long COVID and associated illnesses including ME/CFS, POTS, and connective tissue disorders: a literature review.",Front Rehabil Sci,2023,Pollack B; von Saltza E; McCorkell L; Santos L; Hultman A; Cohen AK; Soares L,10.3389/fresc.2023.1122673,EDS_hEDS,2023
10199502,PMC10199502,Fatigue in patients with syndromic heritable thoracic aortic disease: a systematic review of the literature and a qualitative study of patients' experiences and perceptions.,Orphanet J Rare Dis,2023 May 19,Velvin G; Johansen H; Østertun-Geirdal A; Bathen T,10.1186/s13023-023-02709-2,EDS_hEDS,2023
10182206,PMC10182206,Repeated intestinal perforations in vascular Ehlers-Danlos syndrome: a case report of a novel mutation in the COL3A1 gene.,Surg Case Rep,2023 May 12,Horino T; Miyamoto Y; Ohuchi M; Ogawa K; Yoshida N; Ishiko T; Kukinaka C; Sasaki R; Ohba T; Baba H,10.1186/s40792-023-01643-6,EDS_hEDS,2023
10166575,PMC10166575,Peripheral Nerve Stimulator for Pain After Surgery for Ulnar Neuropathy at the Elbow.,Cureus,2023 Apr,Mysior C; Walch N; Gargya A,10.7759/cureus.37297,EDS_hEDS,2023
10149087,PMC10149087,Manual Therapy and Exercise for the Management of Chronic Neck Pain With Multiple Neurovascular Comorbidities: A Case Report.,Cureus,2023 Mar,Mayo Z; Keating C,10.7759/cureus.36961,EDS_hEDS,2023
10140053,PMC10140053,Iatrogenic distal aortic rupture in a patient with vascular Ehlers-Danlos syndrome.,J Vasc Surg Cases Innov Tech,2023 Jun,Zagzoog MM; Crawford SA; Le Houérou T; Gaudin A; Haulon S; Fabre D,10.1016/j.jvscit.2023.101156,EDS_hEDS,2023
10147518,PMC10147518,Ascending Aortic Aneurysm in an Asymptomatic Young Woman Without Risk Factors.,CASE (Phila),2023 Apr,Kharawala A; Barzallo D; Thankachen J; Thachil R,10.1016/j.case.2022.11.005,EDS_hEDS,2023
10062526,PMC10062526,Case report and discussion: Pre-implantation genetic diagnosis with surrogacy in vascular Ehlers-Danlos syndrome.,Front Genet,2023,Angwin C; Ghali N; Stephanie van Dijk F,10.3389/fgene.2023.1147607,EDS_hEDS,2023
10035622,PMC10035622,Aortic Dissection in a Patient with Novel Frameshift COL5A1 Variant of Classical Ehlers-Danlos Syndrome.,Eur J Case Rep Intern Med,2023,Caley L; Campar A; Mendonça T; Farinha F,10.128f90/2023_003698,EDS_hEDS,2023
9981282,PMC9981282,Pelvic Organ Prolapse in Ehlers-Danlos Syndrome.,Case Rep Urol,2023,Nazemi A; Shapiro K; Nagpal S; Rosenblum N; Brucker BM,10.1155/2023/6863711,EDS_hEDS,2023
9980260,PMC9980260,"Sensory profiling in classical Ehlers-Danlos syndrome: a case-control study revealing pain characteristics, somatosensory changes, and impaired pain modulation.",medRxiv,2023 Feb 26,Colman M; Syx D; de Wandele I; Rombaut L; Wilie D; Malfait Z; Meeus M; Malfait AM; Van Oosterwijck J; Malfait F,10.1101/2023.02.24.23286404,EDS_hEDS,2023
9969762,PMC9969762,A severe case of PLOD1-related kyphoscoliotic Ehlers-Danlos syndrome associated with several arterial and venous complications: A case report.,Clin Case Rep,2023 Feb,Foy M; Métay C; Frank M; Denarié N; Adham S; Billon C; Legrand A; Jeunemaitre X; Gillas F; Gaudon K; De Mazancourt P; Mekki A; Carlier R; Benistan K,10.1002/ccr3.6760,EDS_hEDS,2023
9885422,PMC9885422,A case of Ehlers-Danlos syndrome presenting as short stature: a novel mutation in SLC39A13 causing spondylodysplastic Ehlers-Danlos syndrome.,Oxf Med Case Reports,2023 Jan,Agrawal P; Kaur H; Kondekar A; Rathi S,10.1093/omcr/omac107,EDS_hEDS,2023
9870015,PMC9870015,Atypical presentation of forearm compartment syndrome in a case of vascular type Ehlers-Danlos syndrome.,Case Reports Plast Surg Hand Surg,2023,Yeung T; Chow CSE,10.1080/23320885.2022.2158833,EDS_hEDS,2023
9842784,PMC9842784,The value of dynamic elastomeric fabric orthoses in the management of a complex hypermobile Ehlers-Danlos syndrome patient: A case report.,Clin Case Rep,2023 Jan,Higo A; Pearce G; Palmer S; Grant L,10.1002/ccr3.6821,EDS_hEDS,2023
9796896,PMC9796896,Oral characteristics in adult individuals with periodontal Ehlers-Danlos syndrome.,J Clin Periodontol,2022 Dec,Lepperdinger U; Angwin C; Milnes D; Sobey G; Ghali N; Johnson D; Brady AF; Kammin T; Bowen JM; Gröbner R; Lundberg P; Scott J; Zschocke J; van Dijk FS; Kapferer-Seebacher I,10.1111/jcpe.13698,EDS_hEDS,2022
9724511,PMC9724511,Unusual presentation of Loeys-Dietz syndrome: A case report of clinical findings and treatment challenges.,World J Clin Cases,2022 Nov 26,Azrad-Daniel S; Cupa-Galvan C; Farca-Soffer S; Perez-Zincer F; Lopez-Acosta ME,10.12998/wjcc.v10.i33.12247,EDS_hEDS,2022
9710336,PMC9710336,Proximal tibiofibular joint (PTFJ) dislocation due to Ehlers-Danlos syndrome: posterolateral open-wedge high tibial osteotomy combined with medial closed-wedge distal femoral osteotomy can correct the severe valgus deformity with a markedly increased tibial posterior slope.,BMJ Case Rep,2022 Nov 29,Amemiya M; Nakamura R; Yoshimura M; Takagi T,10.1136/bcr-2022-250308,EDS_hEDS,2022
9701907,PMC9701907,A Case of Spondylodysplastic Ehlers-Danlos Syndrome With Comorbid Hypophosphatasia.,AACE Clin Case Rep,2022 Nov-Dec,Dattagupta A; Williamson S; El Nihum LI; Petak S,10.1016/j.aace.2022.08.005,EDS_hEDS,2022
9703103,PMC9703103,Classical Ehlers-Danlos syndrome with severe kyphoscoliosis due to a novel pathogenic variant of COL5A2.,Clin Case Rep,2022 Nov,Foy M; de Mazancourt P; Bremond Gignac D; Gillas F; Trigui N; Mekki A; Carlier R; Benistan K,10.1002/ccr3.6338,EDS_hEDS,2022
9690363,PMC9690363,Novel Homozygous ADAMTS2 Variants and Associated Disease Phenotypes in Dogs with Dermatosparactic Ehlers-Danlos Syndrome.,Genes (Basel),2022 Nov 19,Jaffey JA; Bullock G; Guo J; Mhlanga-Mutangadura T; O'Brien DP; Coates JR; Morrissey R; Hutchison R; Donnelly KS; Cohn LA; Katz ML; Johnson GS,10.3390/genes13112158,EDS_hEDS,2022
9689626,PMC9689626,Clinical Presentation and Characteristics of the Upper Extremity in Patients with Musculocontractural Ehlers-Danlos Syndrome.,Genes (Basel),2022 Oct 29,Isobe F; Hayashi M; Kobayashi R; Nakamura M; Kosho T; Takahashi J,10.3390/genes13111978,EDS_hEDS,2022
9649364,PMC9649364,Cleidocranial dysplasia with hypermobile Ehlers-Danlos syndrome: A case report.,Radiol Case Rep,2023 Jan,Ibrahim R; Hamadah O; Abdul-Hak M; Alshawa A; Alouda MA,10.1016/j.radcr.2022.10.038,EDS_hEDS,2023
9634265,PMC9634265,"Multifocal periapical cemental dysplasia in periodontal Ehlers-Danlos syndrome combined with leukoencephalopathy in the mutation of c.890G > a, G297D [pEDS].",Clin Case Rep,2022 Nov,Nilius M; Nilius MH; Müller C; Lauer G; Berit K; Marcus K,10.1002/ccr3.6490,EDS_hEDS,2022
9609512,PMC9609512,Craniocervical Instability in Ehlers-Danlos Syndrome-A Systematic Review of Diagnostic and Surgical Treatment Criteria.,Global Spine J,2022 Oct,Lohkamp LN; Marathe N; Fehlings MG,10.1177/21925682211068520,EDS_hEDS,2022
9128968,PMC9128968,Dental Manifestations of Ehlers-Danlos Syndromes: A Systematic Review.,Acta Derm Venereol,2020 Mar 25,Kapferer-Seebacher I; Schnabl D; Zschocke J; Pope FM,10.2340/00015555-3428,EDS_hEDS,2020
9552984,PMC9552984,Multi-exon COL5A1 deletion in a child with classical Ehlers-Danlos syndrome: A case report expanding the allelic spectrum and showing evidence of parental gonosomal mosaicism.,Clin Case Rep,2022 Oct,Strang-Karlsson S; Keigwin S; Anttonen AK; Baker D; Bean K; Jakkula E,10.1002/ccr3.6455,EDS_hEDS,2022
9544979,PMC9544979,Hypermobile Ehlers-Danlos syndrome and disorders of the gastrointestinal tract: What the gastroenterologist needs to know.,J Gastroenterol Hepatol,2022 Sep,Thwaites PA; Gibson PR; Burgell RE,10.1111/jgh.15927,EDS_hEDS,2022
9544160,PMC9544160,Carriers of COL3A1 pathogenic variants in Denmark: Interfamilial variability in severity and outcome of elective surgical procedures.,Clin Genet,2022 Sep,Sølyst S; Oksjoki R; Farholt S; Nielsen DG; Christensen AH; Fagerberg CR; Risom L; Gregersen PA; Christensen MB; Rasmussen TB; Diness BR,10.1111/cge.14176,EDS_hEDS,2022
9482467,PMC9482467,Multidisciplinary Approach to Treating Chronic Pain in Patients with Ehlers-Danlos Syndrome: Critically Appraised Topic.,J Pain Res,2022,Whalen KC; Crone W,10.2147/JPR.S377790,EDS_hEDS,2022
9470354,PMC9470354,Motor Skill Improvement Using Compressive Garments in a Child with Multidimensional Impairments and Ehlers-Danlos Syndrome.,Case Rep Psychiatry,2022,Xavier J; Gauthier S; Zammouri I; Anzalone SM; Cohen D,10.1155/2022/5819406,EDS_hEDS,2022
9408984,PMC9408984,Connective Tissue Disorders and Fragile X Molecular Status in Females: A Case Series and Review.,Int J Mol Sci,2022 Aug 13,Butler MG; Hossain WA; Steinle J; Gao H; Cox E; Niu Y; Quach M; Veatch OJ,10.3390/ijms23169090,EDS_hEDS,2022
9397026,PMC9397026,Rationale and Feasibility of Resistance Training in hEDS/HSD: A Narrative Review.,J Funct Morphol Kinesiol,2022 Aug 20,Zabriskie HA,10.3390/jfmk7030061,EDS_hEDS,2022
10663891,PMC10663891,Management of spontaneous dissection and rupture of common iliac artery in vascular Ehlers-Danlos syndrome (VEDS).,J Vasc Surg Cases Innov Tech,2023 Dec,Fraser S; Rossi PJ; Hohenwalter EJ; Hart JP; Malinowski MJ,10.1016/j.jvscit.2022.08.007,EDS_hEDS,2023
9334134,PMC9334134,Spontaneous Coronary Artery Dissection and Papillary Muscle Rupture in Patient With Undiagnosed Vascular Ehler-Danlos Syndrome.,JACC Case Rep,2022 Jul 20,Hopfgarten J; Christersson C; Forsblad J; Stattin EL; Albåge A,10.1016/j.jaccas.2022.05.004,EDS_hEDS,2022
9303620,PMC9303620,Recurrent pneumothorax in a case of tenascin-X deficient Ehlers-Danlos syndrome: Broadening the phenotypic spectrum.,Am J Med Genet A,2022 May,Santoreneos R; Vakulin C; Ellul M; Rawlings L; Hardy T; Poplawski N,10.1002/ajmg.a.62674,EDS_hEDS,2022
9302035,PMC9302035,A Diagnosis of Camptodactyly With Benign Joint Hypermobility Syndrome in a Patient Presenting With Fixed Flexion Deformity of the Fingers and Striae.,Cureus,2022 Jun,Nishanth S; Ushagowry S,10.7759/cureus.26148,EDS_hEDS,2022
9298068,PMC9298068,Oral manifestations of Ehlers-Danlos syndromes.,Am J Med Genet C Semin Med Genet,2021 Dec,Lepperdinger U; Zschocke J; Kapferer-Seebacher I,10.1002/ajmg.c.31941,EDS_hEDS,2021
9265176,PMC9265176,Sagittal adjusting screws for the correction of grade IV spondylolisthesis in a patient with Ehlers-Danlos syndrome: illustrative case.,J Neurosurg Case Lessons,2021 Jul 12,Jasinski J; Tong D; Hanson C; Soo T,10.3171/CASE21196,EDS_hEDS,2021
9270900,PMC9270900,Coarctation of the Aorta with Arterial Tortuosity Syndrome - A Case Report with Cinematic Rendering.,Int Med Case Rep J,2022,Asafu Adjaye Frimpong G; Aboagye E; Tannor EK; Chigbu NCC; Daboner VT,10.2147/IMCRJ.S362434,EDS_hEDS,2022
9241136,PMC9241136,Single-level posterior lumbar fusions in patients with Ehlers Danlos Syndrome not found to be associated with increased postoperative adverse events or five-year reoperations.,N Am Spine Soc J,2022 Sep,Gouzoulis MJ; Kammien AJ; Zhu JR; Gillinov SM; Moore HG; Grauer JN,10.1016/j.xnsj.2022.100136,EDS_hEDS,2022
9214343,PMC9214343,Exercise and Rehabilitation in People With Ehlers-Danlos Syndrome: A Systematic Review.,Arch Rehabil Res Clin Transl,2022 Jun,Buryk-Iggers S; Mittal N; Santa Mina D; Adams SC; Englesakis M; Rachinsky M; Lopez-Hernandez L; Hussey L; McGillis L; McLean L; Laflamme C; Rozenberg D; Clarke H,10.1016/j.arrct.2022.100189,EDS_hEDS,2022
9207203,PMC9207203,Mutant B3GALT6 in a Multiplex Family: A Dominant Variant Co-Segregated With Moderate Malformations.,Front Genet,2022,Shen F; Yang Y; Zheng Y; Tu M; Zhao L; Luo Z; Fu Y; Zhu Y,10.3389/fgene.2022.824445,EDS_hEDS,2022
9195107,PMC9195107,Ruptured Sinus of Valsalva Aneurysm in Apert Syndrome: Case report.,J Community Hosp Intern Med Perspect,2022,Aldabain L; Haddaden M; Bandaru S; Camire L; Weisman DS,10.55729/2000-9666.1013,EDS_hEDS,2022
9131024,PMC9131024,May-Thurner syndrome in patients with postural orthostatic tachycardia syndrome and Ehlers-Danlos syndrome: a case series.,Eur Heart J Case Rep,2022 Apr,Ormiston CK; Padilla E; Van DT; Boone C; You S; Roberts AC; Hsiao A; Taub PR,10.1093/ehjcr/ytac161,EDS_hEDS,2022
9091396,PMC9091396,Anterior Cruciate Ligament Agenesia in a Patient with Ehlers-Danlos Syndrome and Open Physes.,J Orthop Case Rep,2022 Jan,Conte P; Adravanti FM; Gaggia GMMC; Matteo BD; Marcacci M,10.13107/jocr.2022.v12.i01.2602,EDS_hEDS,2022
9122800,PMC9122800,"Idiopathic osteoporosis, Ehlers-Danlos syndrome, postural orthostatic tachycardia syndrome, and mast cell activation disorder in a 27-year-old male patient: A unique case presentation.",Clin Case Rep,2022 May,Rattray C,10.1002/ccr3.5887,EDS_hEDS,2022
9112583,PMC9112583,Uterine torsion as an elusive obstetrical emergency in pregnancy: is there an association between gravid uterus torsion and Ehlers-Danlos syndrome?: a case report.,J Med Case Rep,2022 May 17,Ghalandarpoor-Attar SN; Ghalandarpoor-Attar SM,10.1186/s13256-022-03409-4,EDS_hEDS,2022
9110592,PMC9110592,The Relevance of Skin Biopsies in General Internal Medicine: Facts and Myths.,Dermatol Ther (Heidelb),2022 May,Bailleux S; Collins P; Nikkels AF,10.1007/s13555-022-00717-x,EDS_hEDS,2022
9071330,PMC9071330,Spontaneous small bowel perforation: a rare GI manifestation of type IV Ehlers-Danlos syndrome.,J Surg Case Rep,2022 Apr,Gallagher AM; McGraw TL; Toy FK,10.1093/jscr/rjac192,EDS_hEDS,2022
9017971,PMC9017971,Haploinsufficiency of Col5a1 causes intrinsic lung and respiratory changes in a mouse model of classical Ehlers-Danlos syndrome.,Physiol Rep,2022 Apr,Fett J; Dimori M; Carroll JL; Morello R,10.14814/phy2.15275,EDS_hEDS,2022
8958401,PMC8958401,Successful Surgical Repair of Type A Acute Aortic Dissection in a Patient with Vascular Ehlers-Danlos Syndrome.,Ann Vasc Dis,2022 Mar 25,Mori K; Ishii H; Sakaguchi S; Sakurahara D; Iwasaki A; Furukawa K,10.3400/avd.cr.21-00122,EDS_hEDS,2022
8894232,PMC8894232,Obstructive sleep apnea in a case of ehlers-danlos syndrome.,Respir Med Case Rep,2022,Mitri SJ; Sabri AM; Coussa-Koniski MM,10.1016/j.rmcr.2022.101602,EDS_hEDS,2022
8858776,PMC8858776,Ventricular tachycardia ablation in a patient with Ehlers-Danlos syndrome.,HeartRhythm Case Rep,2022 Feb,Calvert P; Chu G; Rao A; Gupta D; Luther V,10.1016/j.hrcr.2021.12.007,EDS_hEDS,2022
8881606,PMC8881606,Spontaneous uterine rupture revealing vascular Ehlers-Danlos syndrome: An uncommon case report.,Int J Surg Case Rep,2022 Mar,Slaoui A; Mahtate M; Lazhar H; Lakhdar A; Baydada A; Kharbach A,10.1016/j.ijscr.2022.106840,EDS_hEDS,2022
8861852,PMC8861852,"The Relationship Between Generalised Joint Hypermobility and Autism Spectrum Disorder in Adults: A Large, Cross-Sectional, Case Control Comparison.",Front Psychiatry,2021,Glans MR; Thelin N; Humble MB; Elwin M; Bejerot S,10.3389/fpsyt.2021.803334,EDS_hEDS,2021
8844402,PMC8844402,"Corneal stromal deposits in connective tissue disease, a case series.",Am J Ophthalmol Case Rep,2022 Mar,Ponsetto MK; Elhusseiny AM; Kwan J; Saeed HN,10.1016/j.ajoc.2022.101264,EDS_hEDS,2022
8835098,PMC8835098,Ehlers-Danlos Syndrome Type Arthrochalasia: A Systematic Review.,Int J Environ Res Public Health,2022 Feb 7,Martín-Martín M; Cortés-Martín J; Tovar-Gálvez MI; Sánchez-García JC; Díaz-Rodríguez L; Rodríguez-Blanque R,10.3390/ijerph19031870,EDS_hEDS,2022
8791763,PMC8791763,Intercostal Artery Aneurysmosis Secondary to Chronic Cocaine Abuse.,Cureus,2022 Jan,Agarwal A; Kukkar V; Vijay K,10.7759/cureus.21487,EDS_hEDS,2022
8787077,PMC8787077,Ehlers-Danlos Syndrome in the Field of Psychiatry: A Review.,Front Psychiatry,2021,Ishiguro H; Yagasaki H; Horiuchi Y,10.3389/fpsyt.2021.803898,EDS_hEDS,2021
8777155,PMC8777155,Twin pregnancy with untyped Ehlers-Danlos syndrome requiring prompt genetic testing: A case report.,Case Rep Womens Health,2022 Jan,Ogawa S; Mariya T; Fujibe Y; Ogawa M; Ikeda K; Mizukami M; Kuno Y; Ishikawa A; Ishioka S; Sakurai A; Saito T,10.1016/j.crwh.2022.e00384,EDS_hEDS,2022
8575340,PMC8575340,Perioperative Management of Ehlers-Danlos Type III Syndrome Associated With Postural Orthostatic Tachycardia in Patients Undergoing General Anesthesia.,Cureus,2021 Nov,Laserna A; Nishtar M; Vidovich C; Borovcanin Z,10.7759/cureus.19311,EDS_hEDS,2021
8546774,PMC8546774,Connecting brain and body: Transdiagnostic relevance of connective tissue variants to neuropsychiatric symptom expression.,World J Psychiatry,2021 Oct 19,Sharp HEC; Critchley HD; Eccles JA,10.5498/wjp.v11.i10.805,EDS_hEDS,2021
8547026,PMC8547026,Gastric perforation leading to the diagnosis of classic Ehlers-Danlos syndrome: a case report.,J Med Case Rep,2021 Oct 26,Alotaibi AE; AlAamer OH; Bawazeer MA; Alzahrani AA,10.1186/s13256-021-03108-6,EDS_hEDS,2021
8405372,PMC8405372,A novel COL1A1 variant in a family with clinical features of hypermobile Ehlers-Danlos syndrome that proved to be a COL1-related overlap disorder.,Clin Case Rep,2021 Sep,Foy M; De Mazancourt P; Métay C; Carlier R; Allamand V; Gartioux C; Gillas F; Miri N; Jobic V; Mekki A; Richard P; Michot C; Benistan K,10.1002/ccr3.4128,EDS_hEDS,2021
8393798,PMC8393798,Segmental Absence of Intestinal Musculature in a Child with Type IV Ehlers-Danlos Syndrome.,Children (Basel),2021 Aug 5,Zeky N; Short C; Keith B; Craver RD; Zagory JA,10.3390/children8080680,EDS_hEDS,2021
8312172,PMC8312172,A review of respiratory manifestations and their management in Ehlers-Danlos syndromes and hypermobility spectrum disorders.,Chron Respir Dis,2021 Jan-Dec,Chohan K; Mittal N; McGillis L; Lopez-Hernandez L; Camacho E; Rachinsky M; Mina DS; Reid WD; Ryan CM; Champagne KA; Orchanian-Cheff A; Clarke H; Rozenberg D,10.1177/14799731211025313,EDS_hEDS,2021
8299862,PMC8299862,A 27-Year-Old Woman With Postpartum Papillary Muscle Rupture.,JACC Case Rep,2020 Nov 18,Hutt E; Santos-Martins C; Aguilera J; Wierup P; Kalahasti V; Tan C,10.1016/j.jaccas.2020.09.023,EDS_hEDS,2020
8220633,PMC8220633,Indications and Outcomes After Ligamentum Teres Reconstruction: A Systematic Review.,Arthrosc Sports Med Rehabil,2021 Jun,Knapik DM; Farivar D; Kunze KN; Gilat R; Nho SJ; Chahla J,10.1016/j.asmr.2021.01.023,EDS_hEDS,2021
8212839,PMC8212839,"A Young Woman with Excessive Fat in Lower Extremities Develops Disordered Eating and Is Subsequently Diagnosed with Anorexia Nervosa, Lipedema, and Hypermobile Ehlers-Danlos Syndrome.",Am J Case Rep,2021 Jun 14,Wright TF; Herbst KL,10.12659/AJCR.930840,EDS_hEDS,2021
8235512,PMC8235512,"Fetal Fractures in an Infant with Maternal Ehlers-Danlos Syndrome, CCDC134 Pathogenic Mutation and a Negative Genetic Test for Osteogenesis Imperfecta.",Children (Basel),2021 Jun 17,Holick MF; Shirvani A; Charoenngam N,10.3390/children8060512,EDS_hEDS,2021
8190580,PMC8190580,Minimizing the hidden dangers of cholecystectomy in vascular Ehlers-Danlos syndrome through a multidisciplinary approach.,Clin Case Rep,2021 Jun,Crane J; Lam S; Kiam JS; Kumar B,10.1002/ccr3.4090,EDS_hEDS,2021
8184110,PMC8184110,Splenic Injury After a Colonoscopy: Threading the Scope Carefully in Heritable Connective Tissue Disorders.,Cureus,2021 Jun 4,Wiggins B; Lamarche C; Gupta R; Deliwala S; Minaudo M,10.7759/cureus.15444,EDS_hEDS,2021
8149255,PMC8149255,Association between Postural Orthostatic Tachycardia Syndrome and Joint Hypermobility.,Case Rep Cardiol,2021,Atuesta-Rodriguez AJ; Medina-Velasquez YF; Motta O; Narvaez-Reyes MI; Rondon-Herrera F,10.1155/2021/8875003,EDS_hEDS,2021
8135155,PMC8135155,Outcomes of vitrectomy for retinal detachment in a patient with Ehlers-Danlos syndrome type IV: a case report.,J Med Case Rep,2021 May 20,Lumi X; Bergant G; Lumi A; Mahnic M,10.1186/s13256-021-02855-w,EDS_hEDS,2021
8121728,PMC8121728,"Atlanto-axial rotary instability (Fielding type 1): characteristic clinical and radiological findings, and treatment outcomes following alignment, fusion, and stabilization.",Neurosurg Rev,2021 Jun,Henderson FC Sr; Rosenbaum R; Narayanan M; Koby M; Tuchman K; Rowe PC; Francomano C,10.1007/s10143-020-01345-9,EDS_hEDS,2021
8110803,PMC8110803,Parental mosaicism in Marfan and Ehlers-Danlos syndromes and related disorders.,Eur J Hum Genet,2021 May,Chesneau B; Plancke A; Rolland G; Chassaing N; Coubes C; Brischoux-Boucher E; Edouard T; Dulac Y; Aubert-Mucca M; Lavabre-Bertrand T; Plaisancié J; Khau Van Kien P,10.1038/s41431-020-00797-3,EDS_hEDS,2021
8080291,PMC8080291,Ehlers-Danlos syndrome presenting as cystic lung disease with recurrent pneumothorax: a case report.,Respirol Case Rep,2021 May,Kim MJ; Choe J; Lee BH; Song JW,10.1002/rcr2.747,EDS_hEDS,2021
7988026,PMC7988026,A case of vascular Ehlers-Danlos syndrome with a ruptured hepatic artery after surgical treatment of peritonitis caused by the perforation of the colon.,Surg Case Rep,2021 Mar 23,Kakinuma D; Yamada T; Kanazawa Y; Matsuno K; Sahara T; Yoshida H,10.1186/s40792-021-01156-0,EDS_hEDS,2021
7939736,PMC7939736,Treatment of Severe Emotionally Unstable Personality Disorder with Comorbid Ehlers-Danlos Syndrome and Functional Neurological Disorder in an Inpatient Setting: A Case for Specialist Units without Restrictive Interventions.,Case Rep Psychiatry,2021,Henry J; Collins E; Griffin A; Zimbron J,10.1155/2021/6664666,EDS_hEDS,2021
7841968,PMC7841968,Endoscopic Microvascular Decompression for Vagoglossopharyngeal Neuralgia.,Cureus,2020 Dec 29,Blue R; Spadola M; McAree M; Kvint S; Lee JYK,10.7759/cureus.12353,EDS_hEDS,2020
7786113,PMC7786113,Ehlers-Danlos Syndrome: Immunologic contrasts and connective tissue comparisons.,J Transl Autoimmun,2021,Islam M; Chang C; Gershwin ME,10.1016/j.jtauto.2020.100077,EDS_hEDS,2021
7764306,PMC7764306,"Pelvic Girdle Pain, Hypermobility Spectrum Disorder and Hypermobility-Type Ehlers-Danlos Syndrome: A Narrative Literature Review.",J Clin Med,2020 Dec 9,Ali A; Andrzejowski P; Kanakaris NK; Giannoudis PV,10.3390/jcm9123992,EDS_hEDS,2020
7724010,PMC7724010,Ehlers-Danlos syndrome type IV: a case report of a rare cause of spontaneous sigmoid perforation and enteroatmospheric fistulae in a child.,Surg Case Rep,2020 Dec 8,Kodikara H; King SK; McLeod E,10.1186/s40792-020-01051-0,EDS_hEDS,2020
7709068,PMC7709068,Formation of a traumatic air cyst and ensuing hemopneumothorax during CT angiography in a patient with Ehlers-Danlos syndrome.,BJR Case Rep,2020 Dec 1,Michell H; Chopra P; Bhave A; Ali N; Parkinson W; Shields J; Scriver G; Morris C,10.1259/bjrcr.20200082,EDS_hEDS,2020
7709055,PMC7709055,Multivessel endovascular therapy for undiagnosed vascular type Ehlers-Danlos syndrome. Successful percutaneous transcatheter coil embolization of hepatic artery pseudoaneurysm with stenting of right renal and iliac arteries in emergency setting.,BJR Case Rep,2020 Dec 1,Moramarco LP; Capodaglio CA; Quaretti P; Cionfoli N; Fiorina I; Disabella E; D'agostino AM; Urtis M; Arbustini E,10.1259/bjrcr.20200025,EDS_hEDS,2020
7606394,PMC7606394,Maintenance Intravenous Immunoglobulin Treatment for Multiple Sclerosis Coexisting with Ehlers-Danlos Syndrome and Muir-Torre Syndrome: A Case Study.,Neurol Ther,2020 Dec,Gupta S; Suri M; Constantinescu CS,10.1007/s40120-020-00209-0,EDS_hEDS,2020
7607204,PMC7607204,Treatment of a middle cerebral artery aneurysm in the setting of Loeys-Dietz syndrome: Case report and review of literature.,Radiol Case Rep,2021 Jan,Liang ES; Mahady K; Coulthard A; Winter C,10.1016/j.radcr.2020.10.012,EDS_hEDS,2021
7559544,PMC7559544,Oral Conditions and Oral Health-Related Quality of Life of People with Ehlers-Danlos Syndromes (EDS): A Questionnaire-Based Cross-Sectional Study.,Medicina (Kaunas),2020 Sep 4,Hanisch M; Blanck-Lubarsch M; Bohner L; Suwelack D; Kleinheinz J; Köppe J,10.3390/medicina56090448,EDS_hEDS,2020
7575778,PMC7575778,Successful repair of a spontaneous scleral rupture in a patient with type VI Ehlers-Danlos syndrome.,Am J Ophthalmol Case Rep,2020 Dec,Lozada R; Amaral C; Alvarez-Falcón S; Izquierdo NJ; Oliver AL,10.1016/j.ajoc.2020.100961,EDS_hEDS,2020
7560634,PMC7560634,A case of endovascular therapy for treating idiopathic arterial deteriorations of unknown etiology.,Int J Surg Case Rep,2020,Matsuura S; Takayama T; Endo T; Akai T; Isaji T; Hoshina K,10.1016/j.ijscr.2020.09.178,EDS_hEDS,2020
7530213,PMC7530213,Surgical treatment of abdominal wall weakness and lumbar hernias in Ehlers-Danlos syndrome - Case report.,Int J Surg Case Rep,2020,Scheufler O; Andresen JR; Andresen R,10.1016/j.ijscr.2020.09.165,EDS_hEDS,2020
7449847,PMC7449847,Surgical Management of Shoulder and Knee Instability in Patients with Ehlers-Danlos Syndrome: Joint Hypermobility Syndrome.,Clin Orthop Surg,2020 Sep,Homere A; Bolia IK; Juhan T; Weber AE; Hatch GF,10.4055/cios20103,EDS_hEDS,2020
7443168,PMC7443168,Assessment of naloxone as a therapeutic for inhaled carfentanil in the ferret.,Toxicol Rep,2020,McCranor BJ; Jennings L; Tressler J; Tuet WY; DeLey Cox VE; Racine M; Stone S; Pierce S; Pueblo E; Dukes A; Litvin SR; Leyden MR; Vignola JN; Pennington MR; Wong B,10.1016/j.toxrep.2020.08.019,EDS_hEDS,2020
7425819,PMC7425819,Rare Cause of Abdominal Pain in an Adolescent Patient: Splenic Infarction in Absence of Causative Underlying Hematologic Disorder.,Cureus,2020 Jul 14,Shimshoni D; Vandillen C,10.7759/cureus.9176,EDS_hEDS,2020
7415034,PMC7415034,Whole-Exome Sequencing Identifies Novel Compound Heterozygous ZNF469 Mutations in Two Siblings with Mild Brittle Cornea Syndrome.,Calcif Tissue Int,2020 Sep,Rolvien T; Kornak U; Linke SJ; Amling M; Oheim R,10.1007/s00223-020-00721-3,EDS_hEDS,2020
7388171,PMC7388171,Appendiceal torsion in Ehlers-Danlos syndrome: A case report of a rare phenomenon in a rare disease.,Int J Surg Case Rep,2020,Kim S; Baldwin D; Duarte B,10.1016/j.ijscr.2020.06.084,EDS_hEDS,2020
7371387,PMC7371387,Unusual Combination of MEN-1 and the Contiguous Gene Deletion Syndrome of CAH and Ehlers-Danlos Syndrome (CAH-X).,J Endocr Soc,2020 Aug 1,Chen Cardenas SM; El-Kaissi S; Jarad O; Liaqat M; Korbonits M; Hamrahian AH,10.1210/jendso/bvaa077,EDS_hEDS,2020
7320209,PMC7320209,Rupture of a Median Sacral Artery Aneurysm in a Patient with Vascular Ehlers Danlos Syndrome.,EJVES Vasc Forum,2020,Verhagen MJ; van der Meer RW; van Rijswijk CSP; van Schaik J,10.1016/j.ejvssr.2019.12.002,EDS_hEDS,2020
7288446,PMC7288446,Molecular Genetics and Pathogenesis of Ehlers-Danlos Syndrome and Related Connective Tissue Disorders.,Genes (Basel),2020 May 13,Ritelli M; Colombi M,10.3390/genes11050547,EDS_hEDS,2020
7225616,PMC7225616,Myopic regression and recurrent Salzmann nodule degeneration after laser in situ keratomileusis in Ehlers Danlos Syndrome.,Am J Ophthalmol Case Rep,2020 Sep,Hopping GC; Somani AN; Vaidyanathan U; Liu H; Barnes JR; Ronquillo YC; Hoopes PC; Moshirfar M,10.1016/j.ajoc.2020.100729,EDS_hEDS,2020
7061590,PMC7061590,Using the suture/adhesive strips combination technique for skin closure in an individual with Ehlers-Danlos Syndrome.,JPRAS Open,2019 Mar,Shaharan S; Chan JCY; Bage T; Kelly J,10.1016/j.jpra.2018.12.001,EDS_hEDS,2019
7021465,PMC7021465,Structured Rehabilitation Program for Multidirectional Shoulder Instability in a Patient with Ehlers-Danlos Syndrome.,Case Rep Orthop,2020,Kitagawa T; Matsui N; Nakaizumi D,10.1155/2020/8507929,EDS_hEDS,2020
7019116,PMC7019116,RD repair using 360-degree scleral graft for extensive scleral ectasia in a patient with Ehlers Danlos syndrome.,Am J Ophthalmol Case Rep,2020 Mar,Whitlow S; Idrees Z,10.1016/j.ajoc.2019.100554,EDS_hEDS,2020
7015111,PMC7015111,Isolated Renal Artery Dissection: A Systematic Review of Case Reports.,Cureus,2020 Feb 11,Jha A; Afari M; Koulouridis I; Bhat T; Garcia L,10.7759/cureus.6960,EDS_hEDS,2020
7016348,PMC7016348,Ruptured ulnar artery aneurysm in vascular Ehlers-Danlos syndrome.,J Vasc Surg Cases Innov Tech,2020 Mar,Howard R; Osborne N,10.1016/j.jvscit.2019.11.013,EDS_hEDS,2020
6955026,PMC6955026,The Current Status of Genes and Genetic Testing in Emergency Medicine: A Narrative Review.,Adv J Emerg Med,2020 Winter,Aghamir SMK; Ebrahimi M; Khatami F,10.22114/ajem.v0i0.216,EDS_hEDS,2020
6933463,PMC6933463,Vascular Ehlers-Danlos Syndrome Diagnosed in a Patient Initiating Hemodialysis.,Kidney Int Rep,2019 Nov,Ouchi H; Nishi H; Nakamura M; Hirakawa Y; Tanaka T; Takeda N; Akai T; Ohashi Y; Hoshina K; Takayama T; Nangaku M,10.1016/j.ekir.2019.07.020,EDS_hEDS,2019
6899330,PMC6899330,Spontaneous Coronary Artery Dissection in a Patient with a Family History of Fatal Ascending Aortic Dissection: Case Report and Discussion of Diseases Causing Both Presentations.,Case Rep Cardiol,2019,Joy G; Eissa H,10.1155/2019/7218480,EDS_hEDS,2019
6874507,PMC6874507,Splenic Rupture Secondary to Vascular Ehlers-Danlos Syndrome Managed by Coil Embolization of the Splenic Artery.,European J Pediatr Surg Rep,2019 Jan,Kamalanathan KC; Barnacle AM; Holbrook C; Rees C,10.1055/s-0039-3399555,EDS_hEDS,2019
6848165,PMC6848165,C1R Mutations Trigger Constitutive Complement 1 Activation in Periodontal Ehlers-Danlos Syndrome.,Front Immunol,2019,Gröbner R; Kapferer-Seebacher I; Amberger A; Redolfi R; Dalonneau F; Björck E; Milnes D; Bally I; Rossi V; Thielens N; Stoiber H; Gaboriaud C; Zschocke J,10.3389/fimmu.2019.02537,EDS_hEDS,2019
6770791,PMC6770791,Further Defining the Phenotypic Spectrum of B3GAT3 Mutations and Literature Review on Linkeropathy Syndromes.,Genes (Basel),2019 Aug 21,Ritelli M; Cinquina V; Giacopuzzi E; Venturini M; Chiarelli N; Colombi M,10.3390/genes10090631,EDS_hEDS,2019
6796720,PMC6796720,Penile fracture in a patient with Ehlers-Danlos syndrome: A case report.,Urol Case Rep,2019 Nov,Liu JL; Hawksworth DJ; Burnett AL,10.1016/j.eucr.2019.101011,EDS_hEDS,2019
6771693,PMC6771693,A homozygous ADAMTS2 nonsense mutation in a Doberman Pinscher dog with Ehlers Danlos syndrome and extreme skin fragility.,Anim Genet,2019 Oct,Jaffey JA; Bullock G; Teplin E; Guo J; Villani NA; Mhlanga-Mutangadura T; Schnabel RD; Cohn LA; Johnson GS,10.1111/age.12825,EDS_hEDS,2019
6761414,PMC6761414,42. Large vessel vasculitis with rapidly expanding aortic aneurysm.,Rheumatol Adv Pract,2019 Sep,Singh MKB; Hauser B,10.1093/rap/rkz028.011,EDS_hEDS,2019
6699327,PMC6699327,Transvestism Recognized in Ehlers-Danlos Syndrome: Report of Two Cases.,Case Rep Psychiatry,2019,Ishiguro H; Honobe N; Suzuki T; Tamai M; Nakane T,10.1155/2019/7472301,EDS_hEDS,2019
6652450,PMC6652450,13. Pain in joint hypermobility syndrome.,Rheumatol Adv Pract,2017 Oct,Shaikh M,10.1093/rap/rkx014.002,EDS_hEDS,2017
6664867,PMC6664867,Intestinal Perforation in Children as an Important Differential Diagnosis of Vascular Ehlers-Danlos Syndrome.,Am J Case Rep,2019 Jul 20,Park KY; Gill KG; Kohler JE,10.12659/AJCR.917245,EDS_hEDS,2019
6677863,PMC6677863,Leukocytoclastic vasculitis with Koebner phenomenon associated with Ehlers Danlos syndrome.,JAAD Case Rep,2019 Aug,Haddock EES; Marsch AF,10.1016/j.jdcr.2019.05.028,EDS_hEDS,2019
6601149,PMC6601149,Prolapse and regurgitation of the four heart valves in a patient with Ehlers-Danlos Syndrome: a case report.,Eur Heart J Case Rep,2019 Jun 1,Chango Azanza DX; Munín MA; Sánchez GA; Spernanzoni F,10.1093/ehjcr/ytz052,EDS_hEDS,2019
6580888,PMC6580888,A Dual Approach for the Management of Complex Craniovertebral Junction Abnormalities: Endoscopic Endonasal Odontoidectomy and Posterior Decompression with Fusion.,World Neurosurg X,2019 Apr,Alalade AF; Ogando-Rivas E; Forbes J; Ottenhausen M; Uribe-Cardenas R; Hussain I; Nair P; Lehner K; Singh H; Kacker A; Anand VK; Hartl R; Baaj A; Schwartz TH; Greenfield JP,10.1016/j.wnsx.2019.100010,EDS_hEDS,2019
6551759,PMC6551759,SAT-485 Transient Vision Loss Due to Physiologic Pituitary Enlargement during Normal Pregnancy.,J Endocr Soc,2019 Apr 15,Chang S; LE A; Messier S; Horani D; Horani M,10.1210/js.2019-SAT-485,EDS_hEDS,2019
6501436,PMC6501436,Comparable patient-reported outcomes in females with or without joint hypermobility after hip arthroscopy and capsular plication for femoroacetabular impingement syndrome.,J Hip Preserv Surg,2019 Jan,Stone AV; Mehta N; Beck EC; Waterman BR; Chahla J; Ukwuani G; Nho SJ,10.1093/jhps/hnz004,EDS_hEDS,2019
6452458,PMC6452458,"Hypermobile type Ehlers-Danlos syndrome associated with hypogammaglobulinemia and fibromyalgia: A case-based review on new classification, diagnosis, and multidisciplinary management.",Clin Case Rep,2019 Apr,Zhang W; Windsor K; Jones R; Taunton DO,10.1002/ccr3.2070,EDS_hEDS,2019
6409156,PMC6409156,Congenital absence of lingual frenum in a non-syndromic patient: a case report.,J Med Case Rep,2019 Mar 10,Felemban R; Mawardi H,10.1186/s13256-018-1966-7,EDS_hEDS,2019
6394365,PMC6394365,Spontaneous perforation of small intestine followed by rupture of the cystic artery: the natural history of Vascular Ehlers-Danlos Syndrome.,Autops Case Rep,2019 Jan-Mar,Febres-Aldana CA; Castellano-Sanchez AA; Alexis J,10.4322/acr.2018.054,EDS_hEDS,2019
6394140,PMC6394140,Vascular Type of Ehlers-Danlos Syndrome: A Case Report of an Aortic Dissection During Pregnancy.,Am J Case Rep,2019 Feb 22,Papadopoulos G; Maier O; Bönner F; Veulemans V,10.12659/AJCR.911688,EDS_hEDS,2019
6335977,PMC6335977,"Anesthetic Management for Ehlers-Danlos Syndrome, Hypermobility Type Complicated by Local Anesthetic Allergy: A Case Report.",Am J Case Rep,2019 Jan 10,Cesare AE; Rafer LC; Myler CS; Brennan KB,10.12659/AJCR.912799,EDS_hEDS,2019
6313834,PMC6313834,Late conversion after endovascular abdominal aortic aneurysm repair in a patient with Ehlers-Danlos syndrome.,J Vasc Surg Cases Innov Tech,2019 Mar,Karaolanis G; Sensebat Ö; Torsello G; Bisdas T; Donas KP,10.1016/j.jvscit.2018.09.010,EDS_hEDS,2019
6292952,PMC6292952,"Autism, Joint Hypermobility-Related Disorders and Pain.",Front Psychiatry,2018,Baeza-Velasco C; Cohen D; Hamonet C; Vlamynck E; Diaz L; Cravero C; Cappe E; Guinchat V,10.3389/fpsyt.2018.00656,EDS_hEDS,2018
6282529,PMC6282529,High risk of peri-implant disease in periodontal Ehlers-Danlos Syndrome. A case series.,Clin Oral Implants Res,2018 Nov,Rinner A; Zschocke J; Schossig A; Gröbner R; Strobl H; Kapferer-Seebacher I,10.1111/clr.13373,EDS_hEDS,2018
6250522,PMC6250522,Management of chronic pain in Ehlers-Danlos syndrome: Two case reports and a review of literature.,Medicine (Baltimore),2018 Nov,Zhou Z; Rewari A; Shanthanna H,10.1097/MD.0000000000013115,EDS_hEDS,2018
6265373,PMC6265373,Ehlers-Danlos syndrome type IV as the etiology of spontaneous coronary artery rupture.,J Cardiol Cases,2012 Jun,Nishigaki K,10.1016/j.jccase.2012.03.010,EDS_hEDS,2012
6230631,PMC6230631,Identification of a de novo case of COL5A1-related Ehlers-Danlos syndrome in an infant in the West Indies leading to improved targeted clinical care.,Clin Case Rep,2018 Nov,Wardeh A; Jackson T; Nelson B; Ernst C; Théroux JF; Al-Hertani W; Sobering AK; Maj MC,10.1002/ccr3.1873,EDS_hEDS,2018
6159307,PMC6159307,"Transvaginal ultrasound-guided aspiration of an anterior sacral meningocele masquerading as a hydrosalpinx, resulting in abscess formation.",BJR Case Rep,2017,Jawad S; Ejindu V; Johnson D; Shah MA; Abbasi MA; Ojha K; Papadakos N,10.1259/bjrcr.20160037,EDS_hEDS,2017
6136482,PMC6136482,Ehlers-Danlos Syndrome: Not Just Joint Hypermobility.,Case Rep Med,2018,Bregant T; Klopcic Spevak M,10.1155/2018/5053825,EDS_hEDS,2018
6087563,PMC6087563,Gastrointestinal Symptoms in Marfan Syndrome and Hypermobile Ehlers-Danlos Syndrome.,Gastroenterol Res Pract,2018,Inayet N; Hayat JO; Kaul A; Tome M; Child A; Poullis A,10.1155/2018/4854701,EDS_hEDS,2018
6099022,PMC6099022,Renal infarction in vascular Ehlers-Danlos syndrome masquerading as pyelonephritis.,Clin Case Rep,2018 Aug,Dousa KM; Khan K; Alencherry B; Deng L; Salata RA,10.1002/ccr3.1639,EDS_hEDS,2018
6100124,PMC6100124,Application of immunotherapy for neurological manifestations in hypermobile Ehlers-Danlos syndrome.,Ther Adv Neurol Disord,2018,Araki M; Lin Y; Ono H; Sato W; Yamamura T,10.1177/1756286418793766,EDS_hEDS,2018
6083619,PMC6083619,FLNA mutations in surviving males presenting with connective tissue findings: two new case reports and review of the literature.,BMC Med Genet,2018 Aug 8,Cannaerts E; Shukla A; Hasanhodzic M; Alaerts M; Schepers D; Van Laer L; Girisha KM; Hojsak I; Loeys B; Verstraeten A,10.1186/s12881-018-0655-0,EDS_hEDS,2018
6061067,PMC6061067,Complications and recurrence rates of patients with Ehlers-Danlos syndrome undergoing ventral hernioplasty: a case series.,Hernia,2018 Aug,Kroese LF; Mommers EH; Robbens C; Bouvy ND; Lange JF; Berrevoet F,10.1007/s10029-018-1739-7,EDS_hEDS,2018
6052501,PMC6052501,Anterior Cruciate Ligament Reconstruction With Achilles Tendon Allograft in a Patient With Ehlers-Danlos Syndrome.,Orthop J Sports Med,2018 Jul,Choi J; Naito K; Curry EJ; Li X,10.1177/2325967118785170,EDS_hEDS,2018
6050812,PMC6050812,A rare case of bilateral spontaneous indirect caroticocavernous fistula treated previously as a case of conjunctivitis.,Ther Adv Ophthalmol,2018 Jan-Dec,Khan S; Gibbon C; Johns S,10.1177/2515841418788303,EDS_hEDS,2018
6050467,PMC6050467,Arrhythmias and myocardial fragility in Ehlers-Danlos syndrome: Complications after routine ICD placement.,HeartRhythm Case Rep,2018 Jul,Garg V; Bersohn M; Han JK,10.1016/j.hrcr.2018.03.008,EDS_hEDS,2018
6019721,PMC6019721,Pathophysiology of carotid-cavernous fistulas in vascular Ehlers-Danlos syndrome: a retrospective cohort and comprehensive review.,Orphanet J Rare Dis,2018 Jun 25,Adham S; Trystram D; Albuisson J; Domigo V; Legrand A; Jeunemaitre X; Frank M,10.1186/s13023-018-0842-2,EDS_hEDS,2018
6016292,PMC6016292,Hypermobile Ehlers-Danlos syndrome and rehabilitation: taking stock of evidence based medicine: a systematic review of the literature.,J Phys Ther Sci,2018 Jun,Corrado B; Ciardi G,10.1589/jpts.30.847,EDS_hEDS,2018
5993673,PMC5993673,Vascular phenotypes in nonvascular subtypes of the Ehlers-Danlos syndrome: a systematic review.,Genet Med,2018 Jun,D'hondt S; Van Damme T; Malfait F,10.1038/gim.2017.138,EDS_hEDS,2018
5829370,PMC5829370,Spinal Anaesthesia for Cesarean Section in a Patient with Vascular Type Ehlers-Danlos Syndrome.,Case Rep Anesthesiol,2018,Carness JM; Lenart MJ,10.1155/2018/1924725,EDS_hEDS,2018
5828290,PMC5828290,Suspicious scars: physical child abuse vs Ehlers-Danlos syndrome.,Autops Case Rep,2018 Jan-Mar,Vadysinghe AN; Wickramashinghe CU; Nanayakkara DN; Kaluarachchi CI,10.4322/acr.2018.008,EDS_hEDS,2018
5773269,PMC5773269,Visceroptosis and the Ehlers-Danlos Syndrome.,Cureus,2017 Nov 8,Kucera S; Sullivan SN,10.7759/cureus.1828,EDS_hEDS,2017
5747760,PMC5747760,Fulminant myocardial bleeding: another clinical course of vascular Ehlers-Danlos Syndrome.,BMJ Case Rep,2017 Sep 23,Tokue M; Hara H; Kurosawa K; Nakamura M,10.1136/bcr-2017-220786,EDS_hEDS,2017
5675945,PMC5675945,Mobile Cecum in a Young Woman with Ehlers-Danlos Syndrome Hypermobility type: A Case Report and Review of the Literature.,Intern Med,2017 Oct 15,Fukuda Y; Higuchi Y; Shinozaki K; Tanigawa Y; Abe T; Hanaoka N; Matsubayashi S; Yamaguchi T; Kosho T; Nakamichi K,10.2169/internalmedicine.8758-16,EDS_hEDS,2017
5530413,PMC5530413,Spontaneous Diaphragmatic Rupture in Hypermobile Type Ehlers-Danlos Syndrome.,Case Rep Surg,2017,Amin R; Waibel BH,10.1155/2017/2081725,EDS_hEDS,2017
5538080,PMC5538080,Ehlers-Danlos hypermobility type in an adult with chronic pain and fatigue: a case study.,Clin Case Rep,2017 Aug,Cohen S; Markham F,10.1002/ccr3.1046,EDS_hEDS,2017
5458014,PMC5458014,Surgical and medical treatment of ocular disease in a dog with Ehlers-Danlos syndrome.,Clin Case Rep,2017 Jun,Rasch SN,10.1002/ccr3.953,EDS_hEDS,2017
5396425,PMC5396425,Atraumatic Acromioclavicular Dislocation: A Case Report and Review of the Literature.,Case Rep Orthop,2017,Sadeghi N; Haen PS; Onstenk R,10.1155/2017/8450538,EDS_hEDS,2017
5097948,PMC5097948,"Periodontal Ehlers-Danlos Syndrome Is Caused by Mutations in C1R and C1S, which Encode Subcomponents C1r and C1s of Complement.",Am J Hum Genet,2016 Nov 3,Kapferer-Seebacher I; Pepin M; Werner R; Aitman TJ; Nordgren A; Stoiber H; Thielens N; Gaboriaud C; Amberger A; Schossig A; Gruber R; Giunta C; Bamshad M; Björck E; Chen C; Chitayat D; Dorschner M; Schmitt-Egenolf M; Hale CJ; Hanna D; Hennies HC; Heiss-Kisielewsky I; Lindstrand A; Lundberg P; Mitchell AL; Nickerson DA; Reinstein E; Rohrbach M; Romani N; Schmuth M; Silver R; Taylan F; Vandersteen A; Vandrovcova J; Weerakkody R; Yang M; Pope FM; Molecular Basis of Periodontal EDS Consortium; Byers PH; Zschocke J,10.1016/j.ajhg.2016.08.019,EDS_hEDS,2016
5258806,PMC5258806,A Review of the Genetics of Intracranial Berry Aneurysms and Implications for Genetic Counseling.,J Genet Couns,2017 Feb,Hitchcock E; Gibson WT,10.1007/s10897-016-0029-8,EDS_hEDS,2017
5226192,PMC5226192,Congenital Chylous Ascites and Ehlers-Danlos Syndrome Type VI.,ACG Case Rep J,2016 Aug,Ermarth AK; Pohl J; Esty B; Sempler JK; Carey JC; O'Gorman MA,10.14309/crj.2016.159,EDS_hEDS,2016
5096520,PMC5096520,Collagenopathies-Implications for Abdominal Wall Reconstruction: A Systematic Review.,Plast Reconstr Surg Glob Open,2016 Oct,Harrison B; Sanniec K; Janis JE,10.1097/GOX.0000000000001036,EDS_hEDS,2016
5088665,PMC5088665,Next-generation sequencing and a novel COL3A1 mutation associated with vascular Ehlers-Danlos syndrome with severe intestinal involvement: a case report.,J Med Case Rep,2016 Oct 31,Cortini F; Marinelli B; Seia M; De Giorgio B; Pesatori AC; Montano N; Bassotti A,10.1186/s13256-016-1087-0,EDS_hEDS,2016
4932739,PMC4932739,Nationwide population-based cohort study of psychiatric disorders in individuals with Ehlers-Danlos syndrome or hypermobility syndrome and their siblings.,BMC Psychiatry,2016 Jul 4,Cederlöf M; Larsson H; Lichtenstein P; Almqvist C; Serlachius E; Ludvigsson JF,10.1186/s12888-016-0922-6,EDS_hEDS,2016
4896234,PMC4896234,Ehlers-Danlos Syndrome Presenting as Severe Headache in a Young Adult.,Radiol Case Rep,2008,Alcorn SR; Sorel MA; Auerbach S; Shaffer K,10.2484/rcr.v3i2.172,EDS_hEDS,2008
4887635,PMC4887635,Hemodynamic Instability after Low-Energy Thigh Contusion Caused by Injury to the Femoral Artery: A Case Report and Literature Review.,Case Rep Orthop,2016,Rodríguez-Roiz JM; Ballesteros-Betancourt J; García-Tarriño R; Rodríguez-Roiz VA; Llusa M,10.1155/2016/9314297,EDS_hEDS,2016
4782065,PMC4782065,Blunt aortic trauma in a patient with the Ehlers-Danlos syndrome type VI.,J Surg Case Rep,2016 Mar 7,Yung MY; Murray J; Thompson EC,10.1093/jscr/rjw026,EDS_hEDS,2016
4748196,PMC4748196,Perisigmoid Abscess Leading to a Diagnosis of Ehlers-Danlos Syndrome Type IV.,ACG Case Rep J,2016 Jan,Normatov I; Kesavan A; Srikumar PB; McConnie RM,10.14309/crj.2016.14,EDS_hEDS,2016
4699009,PMC4699009,Allergy to Prolene Sutures in a Dural Graft for Chiari Decompression.,Case Rep Med,2015,Cajigas I; Burks SS; Gernsback J; Fine L; Moshiree B; Levi AD,10.1155/2015/583570,EDS_hEDS,2015
4508704,PMC4508704,Transvenous embolization for carotid-cavernous fistula in a patient with vascular type of Ehlers-Danlos syndrome--direct superior ophthalmic vein approach: case report.,Neurol Med Chir (Tokyo),2014,Tanaka T; Hayakawa M; Sadato A; Adachi K; Watabe T; Maeda S; Ohmura M; Hirose Y,10.2176/nmc.cr.2013-0007,EDS_hEDS,2014
4549537,PMC4549537,Complex Scapular Winging following Total Shoulder Arthroplasty in a Patient with Ehlers-Danlos Syndrome.,Case Rep Orthop,2015,Skedros JG; Phippen CM; Langston TD; Mears CS; Trujillo AL; Miska RM,10.1155/2015/680252,EDS_hEDS,2015
4499396,PMC4499396,Anterior Cruciate Ligament Reconstruction in Ehlers-Danlos Syndrome.,Case Rep Orthop,2015,Williams J; Hutt J; Rickman M,10.1155/2015/160381,EDS_hEDS,2015
4484843,PMC4484843,Spontaneous Dissection of the Renal Artery in Vascular Ehlers-Danlos Syndrome.,Case Rep Crit Care,2015,Pereira F; Cardoso T; Sá P,10.1155/2015/804252,EDS_hEDS,2015
4477102,PMC4477102,Unilateral periventricular heterotopia and epilepsy in a girl with Ehlers-Danlos syndrome.,Epilepsy Behav Case Rep,2015,Savasta S; Verrotti A; Spartà MV; Foiadelli T; Villa MP; Parisi P,10.1016/j.ebcr.2015.05.004,EDS_hEDS,2015
4422098,PMC4422098,Complications associated with surgical repair of syndromic scoliosis.,Scoliosis,2015,Levy BJ; Schulz JF; Fornari ED; Wollowick AL,10.1186/s13013-015-0035-x,EDS_hEDS,2015
4356030,PMC4356030,Bullous emphysema as first presentation of Ehlers-Danlos syndrome in monozygotic twins.,Respir Med Case Rep,2015,Ruggeri P; Calcaterra S; Girbino G,10.1016/j.rmcr.2014.12.002,EDS_hEDS,2015
4300890,PMC4300890,Lumbar artificial disc replacement in Ehlers-Danlos syndrome: A case report and discussion of clinical management.,Int J Spine Surg,2012,Lindley EM; Patti BN; Taylor M; Burger EL; Patel VV,10.1016/j.ijsp.2012.02.006,EDS_hEDS,2012
4327794,PMC4327794,Skin malformations in a neonatal foal tested homozygous positive for Warmblood Fragile Foal Syndrome.,BMC Vet Res,2015 Jan 31,Monthoux C; de Brot S; Jackson M; Bleul U; Walter J,10.1186/s12917-015-0318-8,EDS_hEDS,2015
4300794,PMC4300794,Neurological manifestations of Ehlers-Danlos syndrome(s): A review.,Iran J Neurol,2014 Oct 6,Castori M; Voermans NC,,EDS_hEDS,2014
4223622,PMC4223622,Recommendations for anesthesia and perioperative management in patients with Ehlers-Danlos syndrome(s).,Orphanet J Rare Dis,2014 Jul 23,Wiesmann T; Castori M; Malfait F; Wulf H,10.1186/s13023-014-0109-5,EDS_hEDS,2014
4199079,PMC4199079,Peroneal arteriovenous fistula and pseudoaneurysm: an unusual presentation.,Case Rep Vasc Med,2014,Ching KC; McCluskey KM; Srinivasan A,10.1155/2014/506067,EDS_hEDS,2014
4069127,PMC4069127,Presymptomatic genetic analysis during pregnancy for vascular type Ehlers-Danlos syndrome.,Int Med Case Rep J,2014,Naing BT; Watanabe A; Tanigaki S; Ono M; Iwashita M; Shimada T,10.2147/IMCRJ.S59879,EDS_hEDS,2014
4049028,PMC4049028,Spontaneous colon perforations associated with a vascular type of ehlers-danlos syndrome.,Case Rep Gastroenterol,2014 May,Yoneda A; Okada K; Okubo H; Matsuo M; Kishikawa H; Naing BT; Watanabe A; Shimada T,10.1159/000363373,EDS_hEDS,2014
4009270,PMC4009270,Ehlers-danlos syndrome-hypermobility type and hemorrhoids.,Case Rep Surg,2014,Plackett TP; Kwon E; Gagliano RA Jr; Oh RC,10.1155/2014/171803,EDS_hEDS,2014
3809367,PMC3809367,Ehlers-Danlos Syndrome Type VIII: A Rare Cause of Leg Ulcers in Young Patients.,Case Rep Dermatol Med,2013,Ronceray S; Miquel J; Lucas A; Piérard GE; Hermanns-Lê T; De Paepe A; Dupuy A,10.1155/2013/469505,EDS_hEDS,2013
3789896,PMC3789896,Cephalohematoma in a patient with ehlers-danlos syndrome.,West J Emerg Med,2013 Sep,Felton BM; White JM; Jones RA,10.5811/westjem.2013.1.13409,EDS_hEDS,2013
3435946,PMC3435946,"Ehlers-danlos syndrome in orthopaedics: etiology, diagnosis, and treatment implications.",Sports Health,2012 Sep,Shirley ED; Demaio M; Bodurtha J,10.1177/1941738112452385,EDS_hEDS,2012
3736514,PMC3736514,"Children with generalised joint hypermobility and musculoskeletal complaints: state of the art on diagnostics, clinical characteristics, and treatment.",Biomed Res Int,2013,Scheper MC; Engelbert RH; Rameckers EA; Verbunt J; Remvig L; Juul-Kristensen B,10.1155/2013/121054,EDS_hEDS,2013
3670523,PMC3670523,Ehlers Danlos Syndrome: An Unusual Presentation You Need to Know about.,Case Rep Pediatr,2013,Karaa A; Stoler JM,10.1155/2013/764659,EDS_hEDS,2013
3571520,PMC3571520,Non-syndrome patient with bilateral supernumerary teeth: Case report and 9-year follow-up.,Eur J Dent,2013 Jan,Akgun OM; Sabuncuoglu F; Altug A; Altun C,,EDS_hEDS,2013
3567970,PMC3567970,Vascular-type Ehlers-Danlos syndrome caused by a hitherto unknown genetic mutation: a case report.,J Med Case Rep,2013 Feb 1,Kashizaki F; Hatamochi A; Kamiya K; Yoshizu A; Okamoto H,10.1186/1752-1947-7-35,EDS_hEDS,2013
3512326,PMC3512326,"Ehlers-danlos syndrome, hypermobility type: an underdiagnosed hereditary connective tissue disorder with mucocutaneous, articular, and systemic manifestations.",ISRN Dermatol,2012,Castori M,10.5402/2012/751768,EDS_hEDS,2012
3412739,PMC3412739,A complex microdeletion 17q12 phenotype in a patient with recurrent de novo membranous nephropathy.,BMC Nephrol,2012 May 14,Hinkes B; Hilgers KF; Bolz HJ; Goppelt-Struebe M; Amann K; Nagl S; Bergmann C; Rascher W; Eckardt KU; Jacobi J,10.1186/1471-2369-13-27,EDS_hEDS,2012
3362267,PMC3362267,Ehlers-Danlos Syndrome Type VIIC: A Mexican Case Report.,Case Rep Dermatol,2012 Jan,Rincón-Sánchez AR; Arce IE; Tostado-Rabago EA; Vargas A; Padilla-Gómez LA; Bolaños A; Barrios-Guyot S; Anguiano-Alvarez VM; Ledezma-Rodríguez VC; Islas-Carbajal MC; Rivas-Estilla AM; Feria-Velasco A; Dávalos NO,10.1159/000338277,EDS_hEDS,2012
3258236,PMC3258236,Uterine dysfunction in biglycan and decorin deficient mice leads to dystocia during parturition.,PLoS One,2012,Wu Z; Aron AW; Macksoud EE; Iozzo RV; Hai CM; Lechner BE,10.1371/journal.pone.0029627,EDS_hEDS,2012
3141693,PMC3141693,Colonoscopic perforation leading to a diagnosis of Ehlers Danlos syndrome type IV: a case report and review of the literature.,J Med Case Rep,2011 Jun 23,Rana M; Aziz O; Purkayastha S; Lloyd J; Wolfe J; Ziprin P,10.1186/1752-1947-5-229,EDS_hEDS,2011
3134995,PMC3134995,Pregnancy and delivery in ehlers-danlos syndrome (hypermobility type): review of the literature.,Obstet Gynecol Int,2011,Dutta I; Wilson H; Oteri O,10.1155/2011/306413,EDS_hEDS,2011
3026338,PMC3026338,Cervical artery dissection: emerging risk factors.,Open Neurol J,2010 Jun 15,Micheli S; Paciaroni M; Corea F; Agnelli G; Zampolini M; Caso V,10.2174/1874205X01004010050,EDS_hEDS,2010
2829519,PMC2829519,Occult small bowel perforation in a patient with Ehlers Danlos syndrome: a case report and review of the literature.,Cases J,2010 Feb 12,Leake TF; Singhal T; Chandra A; Ashcroft A; Doddi S; Hussain A; Smedley F,10.1186/1757-1626-3-57,EDS_hEDS,2010
2697526,PMC2697526,"Angioid streaks, clinical course, complications, and current therapeutic management.",Ther Clin Risk Manag,2009 Feb,Georgalas I; Papaconstantinou D; Koutsandrea C; Kalantzis G; Karagiannis D; Georgopoulos G; Ladas I,,EDS_hEDS,2009
2693823,PMC2693823,Genetic analysis of three Korean patients with clinical features of Ehlers-Danlos syndrome type IV.,J Korean Med Sci,2007 Aug,Yang JH; Lee ST; Kim JA; Kim SH; Jang SY; Ki CS; Kim DK,10.3346/jkms.2007.22.4.698,EDS_hEDS,2007
2575416,PMC2575416,The zinc transporter SLC39A13/ZIP13 is required for connective tissue development; its involvement in BMP/TGF-beta signaling pathways.,PLoS One,2008,Fukada T; Civic N; Furuichi T; Shimoda S; Mishima K; Higashiyama H; Idaira Y; Asada Y; Kitamura H; Yamasaki S; Hojyo S; Nakayama M; Ohara O; Koseki H; Dos Santos HG; Bonafe L; Ha-Vinh R; Zankl A; Unger S; Kraenzlin ME; Beckmann JS; Saito I; Rivolta C; Ikegawa S; Superti-Furga A; Hirano T,10.1371/journal.pone.0003642,EDS_hEDS,2008
2262905,PMC2262905,Posterior dislocation of the elbow as an unusual presentation after a total hip replacement: a case report.,J Med Case Rep,2008 Feb 6,Periasamy K; Meek D; Crossman P,10.1186/1752-1947-2-38,EDS_hEDS,2008
1971255,PMC1971255,Ehlers-Danlos syndrome type IV.,Orphanet J Rare Dis,2007 Jul 19,Germain DP,10.1186/1750-1172-2-32,EDS_hEDS,2007
529450,PMC529450,"Age-related changes in serum growth hormone, insulin-like growth factor-1 and somatostatin in system lupus erythematosus.",BMC Musculoskelet Disord,2004 Oct 20,Denko CW; Malemud CJ,10.1186/1471-2474-5-37,EDS_hEDS,2004
13023622,PMC13023622,An Overview of Vascular Compression Syndromes and Associations with Autonomic Dysfunction: A Review.,Biomedicines,2026 Mar 17,Davis BM; Rantanen P; Seo G; Thadani S; Spencer EB; Hepworth E; Cutchins A,10.3390/biomedicines14030689,POTS,2026
12998959,PMC12998959,"Postural Orthostatic Tachycardia Syndrome, Myalgic Encephalomyelitis/Chronic Fatigue Syndrome and Long COVID as Neuroimmune Disorders.",Immunotargets Ther,2026,Blitshteyn S; Doherty TA; Steinman L,10.2147/ITT.S581262,POTS,2026
12982215,PMC12982215,Systematic literature review: treatment of postural orthostatic tachycardia syndrome (POTS).,Clin Auton Res,2026 Feb,Schiweck N; Langer K; Maier A; Vilser D; Spiegler J,10.1007/s10286-025-01172-2,POTS,2026
12949424,PMC12949424,Postural Orthostatic Tachycardia Syndrome Presenting With Recurrent Syncope After Cervical Spinal Cord Injury.,Clin Case Rep,2026 Mar,Liu Y; Fang B; Zhen Q,10.1002/ccr3.72181,POTS,2026
12892731,PMC12892731,Genetic variants in acetylcholine processing and significant improvement with pyridostigmine in a patient with postural orthostatic tachycardia syndrome: a case report.,Eur Heart J Case Rep,2026 Feb,Stephenson KM; Foster B; Blitshteyn S,10.1093/ehjcr/ytag033,POTS,2026
12864418,PMC12864418,"Post-licensure safety surveillance of 9-valent human papillomavirus vaccine using the vaccine adverse event reporting system, 2014-2024.",Front Public Health,2026,Chen JH; Chen M; Wu ZY; Luo QM; Tu YY,10.3389/fpubh.2026.1724482,POTS,2026
12813278,PMC12813278,Autoimmune syndrome induced by adjuvants (ASIA) following urethral sling placement: A case report.,Case Rep Womens Health,2026 Mar,Hammad MAM; Gryzinski G; Pak EM; Bell A; Ghoniem G,10.1016/j.crwh.2025.e00778,POTS,2026
12802868,PMC12802868,Tirzepatide and Autonomic Dysfunction: Insights From Postural Orthostatic Tachycardia Syndrome.,JACC Case Rep,2025 Dec 17,Zhan ZQ,10.1016/j.jaccas.2025.106326,POTS,2025
12793844,PMC12793844,Exacerbation of Postural Orthostatic Tachycardia Syndrome With Tirzepatide Prescribed for Weight Loss.,JACC Case Rep,2025 Oct 15,Hedge ET; Grappe SR; Vernino S; Almandoz JP; Levine BD,10.1016/j.jaccas.2025.105430,POTS,2025
12711217,PMC12711217,Use of Ivabradine in the Treatment of Patients with Postural Orthostatic Tachycardia Syndrome (POTS): A Systematic Review.,Arq Bras Cardiol,2025 Nov,Melo APG; Moretti MA; Chagas ACP,10.36660/abc.20250347,POTS,2025
12743803,PMC12743803,Complex chronic adverse events following immunization: a systemic critique and reform proposal for vaccine pharmacovigilance.,Ther Adv Drug Saf,2025,Kenny TA,10.1177/20420986251395925,POTS,2025
12736109,PMC12736109,Disproportionality Analysis of Adverse Events Associated with IL-1 Inhibitors in the FDA Adverse Event Reporting System (FAERS).,Pharmaceuticals (Basel),2025 Dec 1,Lei J; Lou Z; Jiang Y; Cui Y; Li S; Hu J; Jing Y; Yang J,10.3390/ph18121827,POTS,2025
12714501,PMC12714501,Autonomic Dysfunction and Postural Orthostatic Tachycardia Syndrome Secondary to Abuse.,JACC Case Rep,2025 Nov 26,Reiss S; Reiss R; Reiss C,10.1016/j.jaccas.2025.105773,POTS,2025
12640735,PMC12640735,Effects of human papillomavirus (HPV) vaccination programmes on community rates of HPV-related disease and harms from vaccination.,Cochrane Database Syst Rev,2025 Nov 24,Henschke N; Bergman H; Buckley BS; Crosbie EJ; Dwan K; Golder SP; Kyrgiou M; Loke YK; McIntosh HM; Probyn K; Villanueva G; Morrison J,10.1002/14651858.CD015363.pub2,POTS,2025
12640326,PMC12640326,Postural orthostatic tachycardia syndrome is the most frequent cardiovascular autonomic disorder following COVID-19 infection or vaccination.,J Neurol,2025 Nov 22,Leys F; Verginer M; Kirchler E; Marino L; Goebel G; Campese N; Eschlböck S; Duerr S; Broessner G; Djamshidian-Tehrani A; Heidbreder A; Högl B; Rothmund-Grenier MS; Hüfner K; Iglseder S; Löscher W; Stefani A; Wanschitz J; Weiss G; Zamarian L; Löffler-Ragg J; Helbok R; Kiechl S; Granata R; Wenning GK; Fanciulli A,10.1007/s00415-025-13518-x,POTS,2025
12574150,PMC12574150,Postural orthostatic tachycardia syndrome and orthostatic intolerance in adult patients with active cancer.,Cardiooncology,2025 Oct 29,Hamam I; Holy AA; Darwish O; Alkhalaileh B; Abdulelah A; Shaaban S; Qudah SA; Amro M; Shakhatreh A; Alkarmi A; Jarrad I,10.1186/s40959-025-00379-6,POTS,2025
12554255,PMC12554255,Chronic Cardiovascular Disorders Associated With COVID-19: A Literature Review.,Cureus,2025 Sep,Dudek A; Bursy M; Szkudlarek W; Linkiewicz J; Fabiszewski Z; Starosta P,10.7759/cureus.93271,POTS,2025
12520903,PMC12520903,Differential diagnosis of orthostatic dizziness with persistent postural-perceptual dizziness and its underlying mechanisms.,Front Neurol,2025,Dao Pei Z; Yong Hui Z; Bing Yang L; Huai Liang Z; Min Z,10.3389/fneur.2025.1642869,POTS,2025
12515974,PMC12515974,"Immunotherapies for postural orthostatic tachycardia syndrome, other common autonomic disorders, and Long COVID: current state and future direction.",Front Cell Infect Microbiol,2025,Blitshteyn S; Funez-dePagnier G; Szombathy A; Hutchinson M,10.3389/fcimb.2025.1647203,POTS,2025
12504783,PMC12504783,Therapeutic Plasma Exchange in Postural Tachycardia Syndrome (POTS).,Cureus,2025 Sep,Baykara Y; Akgun Y,10.7759/cureus.91804,POTS,2025
12495029,PMC12495029,Monitoring of cardiorespiratory vagal desynchrony using novel biomarkers derived from smartwatch electrocardiograms in a patient recovering from long COVID: case report.,Eur Heart J Case Rep,2025 Oct,Kranck G; Ståhlberg M; Andersson U; Lundin J; Fedorowski A,10.1093/ehjcr/ytaf425,POTS,2025
12462795,PMC12462795,Autoimmune/inflammatory syndrome induced by adjuvants (ASIA) with postural orthostatic tachycardia syndrome after silicone breast implantation: Case report.,Eur J Rheumatol,2023 Jan,de Carvalho JF; de Oliveira CBA; Boas RV; Matias MFV; Bastos LMC,10.5152/eurjrheum.2022.21108,POTS,2023
12441330,PMC12441330,A Case of Postural Orthostatic Tachycardia Syndrome in a 20-Year-Old Female Athlete: Review of Ivabradine Guidelines.,JACC Case Rep,2025 Jul 16,Boyapalli S; Alvarado GA; Avanthsa U; Nagi A; Manouchehri S; Testa K; Sumalbag J; Pietras RJ; Ben-Zur UM,10.1016/j.jaccas.2025.104167,POTS,2025
12399260,PMC12399260,Characterization of Postural Orthostatic Tachycardia Syndrome in Long COVID: Self-reported Data From the LISTEN Study.,JACC Adv,2025 Aug,Al Mouslmani M; Sawano M; Arun AS; Wu Y; Shah RM; Kaleem S; Zhou T; Murugiah K; Lu Y; Herrin J; Bishop P; Taub P; Peixoto AJ; Bhattacharjee B; Iwasaki A; Krumholz HM,10.1016/j.jacadv.2025.101873,POTS,2025
12335401,PMC12335401,Two-year follow-up on multisystem inflammatory syndrome in children (MIS-c): findings from a tertiary paediatric hospital in Latvia.,Eur J Pediatr,2025 Aug 9,Roge-Gurecka I; Kivite-Urtane A; Pavare J,10.1007/s00431-025-06253-y,POTS,2025
12294965,PMC12294965,Effectiveness of Sunn Hemp (Crotalaria juncea L.) in Reducing Wireworm Damage in Potatoes.,Insects,2025 Jun 27,Furlan L; Bona S; Matteo R; Lazzeri L; Benvegnù I; Casadei N; Caprai E; Prizio I; Parisi B,10.3390/insects16070674,POTS,2025
12280984,PMC12280984,Patient-reported treatment outcomes in ME/CFS and long COVID.,Proc Natl Acad Sci U S A,2025 Jul 15,Eckey M; Li P; Morrison B; Bergquist J; Davis RW; Xiao W,10.1073/pnas.2426874122,POTS,2025
12283190,PMC12283190,The Long-Term Postural Orthostatic Tachycardia Syndrome Outcomes Survey-Gynecologic Findings: A Cross-Sectional Survey in Young Women.,Obstet Gynecol Int,2025,Boris JR; Shadiack EC 3rd; McCormick EM; MacMullen LE; George-Sankoh I; Fitzgerald F; Falk M,10.1155/ogi/8872884,POTS,2025
12245418,PMC12245418,Plug-and-Play Mitral Regurgitation: Not a Lid for All Pots.,JACC Case Rep,2025 May 7,Denti P,10.1016/j.jaccas.2024.103212,POTS,2025
12197400,PMC12197400,Cardiopulmonary Effects of COVID-19 Vaccination: A Comprehensive Narrative Review.,Vaccines (Basel),2025 May 22,Forchette LT; Palma L; Sanchez C; Gibons RM; Stephenson-Moe CA; Behers BJ,10.3390/vaccines13060548,POTS,2025
12148095,PMC12148095,Autoimmune Antibodies in Orthostatic Intolerance Syndromes.,Physiol Res,2025 Apr 30,Lukáčová M; Mitro P; Lazúrová Z; Hijová E; Bertková I; Valová K,10.33549/physiolres.935504,POTS,2025
12112802,PMC12112802,The Involvement and Manifestations of SARS-CoV-2 Virus in Cardiovascular Pathology.,Medicina (Kaunas),2025 Apr 22,Hărșan ST; Sin AI,10.3390/medicina61050773,POTS,2025
12071195,PMC12071195,Impact of exercise to treat postural orthostatic tachycardia syndrome: a systematic review.,Front Neurol,2025,Cortez MM; Aikins K; Arnold AC; Boris JR; Davenport TE; Johnson K; Kattaya HS; Kinsella L; McFarland MM; Pelo R; Powers CD; Schiltz K; Stiles LE; Ziaks L; Chung TH; Dal Molin C,10.3389/fneur.2025.1567708,POTS,2025
11775448,PMC11775448,Oral medications for the treatment of postural orthostatic tachycardia syndrome; a systematic review of studies before and during the COVID-19 pandemic.,Front Neurol,2024,Pierson BC; Apilado K; Franzos MA; Allard R; Mancuso JD; Tribble D; Saunders D; Koehlmoos TP,10.3389/fneur.2024.1515486,POTS,2024
11771442,PMC11771442,P-18 THREE BODY PROBLEM PATIENT: EHLER DANLOS SYNDROME COMBINED WITH HYPOPHOSPHATASIA AND FATTY ACID OXIDATION DEFECT.,JCEM Case Rep,2025 Jan,Salva H; Yavuz DG,10.1210/jcemcr/luae218.021,POTS,2025
11646465,PMC11646465,Exercise Interventions in the Management of Postural Orthostatic Tachycardia Syndrome: A Scoping Review.,J Multidiscip Healthc,2024,Gonçalves Leite Rocco P; Reategui-Rivera CM; Finkelstein J,10.2147/JMDH.S495088,POTS,2024
11608111,PMC11608111,Conservative Management of Cervicogenic Dizziness Associated With Upper Cervical Instability and Postural Orthostatic Tachycardia Syndrome: A Case Report.,Cureus,2024 Oct,Trager RJ; Schuster A; Tao C; Zamary G,10.7759/cureus.72765,POTS,2024
11565627,PMC11565627,A Case of Post-malarial Postural Orthostatic Tachycardia Syndrome in a Young Woman of South Asian Origin.,Cureus,2024 Oct,Barua M,10.7759/cureus.71606,POTS,2024
11562304,PMC11562304,Postural orthostatic tachycardia syndrome after COVID-19 vaccination: A systematic review.,BMC Cardiovasc Disord,2024 Nov 13,Bushi G; Gaidhane S; Ballal S; Kumar S; Bhat M; Sharma S; Kumar MR; Rustagi S; Khatib MN; Rai N; Sah S; Shabil M,10.1186/s12872-024-04315-x,POTS,2024
11440135,PMC11440135,Postural orthostatic tachycardia syndrome after radiofrequency catheter ablation in the atrioventricular junction-An uncommon and often unrecognized complication.,HeartRhythm Case Rep,2024 Sep,Lypourlis D; Agarwal R,10.1016/j.hrcr.2024.06.003,POTS,2024
11270463,PMC11270463,Cardiovascular Disease in Post-Acute COVID-19 Syndrome: A Comprehensive Review of Pathophysiology and Diagnosis Approach.,Rev Cardiovasc Med,2023 Jan,Kusumawardhani NY; Putra ICS; Kamarullah W; Afrianti R; Pramudyo M; Iqbal M; Prameswari HS; Achmad C; Tiksnadi BB; Akbar MR,10.31083/j.rcm2401028,POTS,2023
11276651,PMC11276651,Stress-Related Chronic Fatigue Syndrome: A Case Report with a Positive Response to Alpha-Methyl-P-Tyrosine (AMPT) Treatment.,Int J Mol Sci,2024 Jul 16,Ljungström M; Oltra E; Pardo M,10.3390/ijms25147778,POTS,2024
11050777,PMC11050777,The Role of Heparin in Postural Orthostatic Tachycardia Syndrome and Other Post-Acute Sequelae of COVID-19.,J Clin Med,2024 Apr 20,Gómez-Moyano E; Pavón-Morón J; Rodríguez-Capitán J; Bardán-Rebollar D; Ramos-Carrera T; Villalobos-Sánchez A; Pérez de Pedro I; Ruiz-García FJ; Mora-Robles J; López-Sampalo A; Pérez-Velasco MA; Bernal-López MR; Gómez-Huelgas R; Jiménez-Navarro M; Romero-Cuevas M; Costa F; Trenas A; Pérez-Belmonte LM,10.3390/jcm13082405,POTS,2024
11051445,PMC11051445,Autoimmunity in Syndromes of Orthostatic Intolerance: An Updated Review.,J Pers Med,2024 Apr 20,Pena C; Moustafa A; Mohamed AR; Grubb B,10.3390/jpm14040435,POTS,2024
10990027,PMC10990027,Complete remission with histamine blocker in a patient with intractable hyperadrenergic postural orthostatic tachycardia syndrome secondary to long coronavirus disease syndrome.,J Hypertens,2024 May 1,González-Alvarez F; Estañol B; González-Hermosillo JA; Gómez-Pérez FJ; Tamez-Torres KM; Peña E; Cantú C; Chiquete E; Sifuentes-Osornio J; Alba-Lorenzo MDC; Celestino-Montelongo DA; Salazar-Calderón GE; Aceves Buendia JJ,10.1097/HJH.0000000000003669,POTS,2024
10981078,PMC10981078,"Myocarditis, Coagulopathy, and Small Fibre, Sensory, and Multiple Cranial Nerve Neuropathy Complicating BNT162b2 Vaccination: A Case Report.",Cureus,2024 Feb,Finsterer J,10.7759/cureus.55205,POTS,2024
10849078,PMC10849078,Radiofrequency venous ablation for symptomatic relief in postural orthostatic tachycardia syndrome: a case series.,Eur Heart J Case Rep,2024 Feb,McGeoch CLB; Steinberg RS; Bortfeld KS; Almuwaqqat Z; Rheudasil JM; Bhatia NK; Cutchins AC,10.1093/ehjcr/ytae029,POTS,2024
10767774,PMC10767774,"""When,"" ""Where,"" and ""How"" of SARS-CoV-2 Infection Affects the Human Cardiovascular System: A Narrative Review.",Balkan Med J,2024 Jan 3,Kounis NG; Gogos C; de Gregorio C; Hung MY; Kounis SN; Tsounis EP; Assimakopoulos SF; Pourmasumi S; Mplani V; Servos G; Dousdampanis P; Plotas P; Michalaki MA; Tsigkas G; Grammatikopoulos G; Velissaris D; Koniar I,10.4274/balkanmedj.galenos.2023.2023-10-25,POTS,2024
10762669,PMC10762669,Non-invasive Vagus Nerve Simulation in Postural Orthostatic Tachycardia Syndrome.,Arrhythm Electrophysiol Rev,2023,Chakraborty P; Farhat K; Morris L; Whyte S; Yu X; Stavrakis S,10.15420/aer.2023.20,POTS,2023
10755912,PMC10755912,Evaluation and management of orthostatic headache in hypermobility disorders.,Front Neurol,2023,Fermo OP,10.3389/fneur.2023.1321350,POTS,2023
10562791,PMC10562791,Tolerability of COVID-19 mRNA vaccines in patients with postural tachycardia syndrome: a cross-sectional study.,F1000Res,2022,Jost K; Rodriguez B; Söll N; Hoepner R; Z'Graggen WJ,10.12688/f1000research.109373.1,POTS,2022
10481607,PMC10481607,Impaired parasympathetic function in long-COVID postural orthostatic tachycardia syndrome - a case-control study.,Bioelectron Med,2023 Sep 6,Rigo S; Urechie V; Diedrich A; Okamoto LE; Biaggioni I; Shibao CA,10.1186/s42234-023-00121-6,POTS,2023
10467287,PMC10467287,Postural orthostatic tachycardia syndrome and other related dysautonomic disorders after SARS-CoV-2 infection and after COVID-19 messenger RNA vaccination.,Front Neurol,2023,Gómez-Moyano E; Rodríguez-Capitán J; Gaitán Román D; Reyes Bueno JA; Villalobos Sánchez A; Espíldora Hernández F; González Angulo GE; Molina Mora MJ; Thurnhofer-Hemsi K; Molina-Ramos AI; Romero-Cuevas M; Jiménez-Navarro M; Pavón-Morón FJ,10.3389/fneur.2023.1221518,POTS,2023
10464593,PMC10464593,Case report of long-term postural tachycardia syndrome in a patient after messenger RNA coronavirus disease-19 vaccination with mRNA-1273.,Eur Heart J Case Rep,2023 Aug,Reiner MF; Schmidt D; Frischknecht L; Ruschitzka F; Duru F; Saguner AM,10.1093/ehjcr/ytad390,POTS,2023
10382909,PMC10382909,Postural Orthostatic Tachycardia Syndrome in Spinal Cord Injury.,Cureus,2023 Jun,Yadav A; Yadav RK; Neyaz O; Sherin P P S; Gupta A,10.7759/cureus.41124,POTS,2023
10357168,PMC10357168,Postural orthostatic tachycardia syndrome-like symptoms following COVID-19 vaccination: An overview of clinical literature.,Hum Antibodies,2023,Tv P; Tran TT; Hao HT; Hau NTH; Jain N; Reinis A,10.3233/HAB-220013,POTS,2023
10332885,PMC10332885,COVID-19-Induced Postural Orthostatic Tachycardia Syndrome and Dysautonomia.,Cureus,2023 Jun,Minhas R; Bharadwaj AS,10.7759/cureus.40235,POTS,2023
10259876,PMC10259876,Choices and Challenges With Drug Therapy in Postural Orthostatic Tachycardia Syndrome: A Systematic Review.,Cureus,2023 May,Vasavada AM; Verma D; Sheggari V; Ghetiya S; Chirumamilla PC; Kotak RA; Mahapatra SS; Patel T; Jain M,10.7759/cureus.38887,POTS,2023
10224806,PMC10224806,Autoimmunity in Long Covid and POTS.,Oxf Open Immunol,2023,El-Rhermoul FZ; Fedorowski A; Eardley P; Taraborrelli P; Panagopoulos D; Sutton R; Lim PB; Dani M,10.1093/oxfimm/iqad002,POTS,2023
10199303,PMC10199303,Acute and Post-Acute COVID-19 Cardiovascular Complications: A Comprehensive Review.,Cardiovasc Drugs Ther,2024 Oct,Kole C; Stefanou Ε; Karvelas N; Schizas D; Toutouzas KP,10.1007/s10557-023-07465-w,POTS,2024
10187582,PMC10187582,"Postural Orthostatic Tachycardia Syndrome in COVID-19: A Contemporary Review of Mechanisms, Clinical Course and Management.",Vasc Health Risk Manag,2023,Narasimhan B; Calambur A; Moras E; Wu L; Aronow W,10.2147/VHRM.S380270,POTS,2023
10090716,PMC10090716,Post-acute sequelae of SARS-CoV-2 syndrome presenting as postural orthostatic tachycardia syndrome.,Clin Exp Emerg Med,2023 Mar,Diekman S; Chung T,10.15441/ceem.22.409,POTS,2023
10065129,PMC10065129,COVID-19 Induced Postural Orthostatic Tachycardia Syndrome (POTS): A Review.,Cureus,2023 Mar,Mallick D; Goyal L; Chourasia P; Zapata MR; Yashi K; Surani S,10.7759/cureus.36955,POTS,2023
10032659,PMC10032659,Pathogenic mechanisms of post-acute sequelae of SARS-CoV-2 infection (PASC).,Elife,2023 Mar 22,Sherif ZA; Gomez CR; Connors TJ; Henrich TJ; Reeves WB; RECOVER Mechanistic Pathway Task Force,10.7554/eLife.86002,POTS,2023
9963391,PMC9963391,Suspected COVID-19 mRNA Vaccine-Induced Postural Orthostatic Tachycardia Syndrome.,Cureus,2023 Jan,Maharaj N; Swarath S; Seecheran R; Seecheran V; Panday A; Seecheran N,10.7759/cureus.34236,POTS,2023
9871405,PMC9871405,A case of dysautonomia after COVID-19 infection in a patient with poorly controlled type I diabetes.,Clin Case Rep,2023 Jan,Aitkens L; Downey G,10.1002/ccr3.6889,POTS,2023
9839201,PMC9839201,"Long COVID: major findings, mechanisms and recommendations.",Nat Rev Microbiol,2023 Mar,Davis HE; McCorkell L; Vogel JM; Topol EJ,10.1038/s41579-022-00846-2,POTS,2023
9821608,PMC9821608,Autonomic Nerve Involvement in Post-Acute Sequelae of SARS-CoV-2 Syndrome (PASC).,J Clin Med,2022 Dec 22,Chung TH; Azar A,10.3390/jcm12010073,POTS,2022
9795856,PMC9795856,POTS and Pregnancy: A Review of Literature and Recommendations for Evaluation and Treatment.,Int J Womens Health,2022,Morgan K; Smith A; Blitshteyn S,10.2147/IJWH.S366667,POTS,2022
9732766,PMC9732766,Postural orthostatic tachycardia syndrome and orthostatic hypotension in post-acute sequelae of COVID-19 during pregnancy: a case report.,Eur Heart J Case Rep,2022 Dec,Hanson J; Richley M; Hsu JJ; Lin J; Afshar Y,10.1093/ehjcr/ytac453,POTS,2022
9602558,PMC9602558,Long-Haul COVID Patients: Prevalence of POTS Are Reduced but Cerebral Blood Flow Abnormalities Remain Abnormal with Longer Disease Duration.,Healthcare (Basel),2022 Oct 21,Campen CLMCV; Visser FC,10.3390/healthcare10102105,POTS,2022
9548822,PMC9548822,COVID-19-INDUCED POSTURAL ORTHOSTATIC TACHYCARDIA SYNDROME.,Chest,2022 Oct,KHAN A,10.1016/j.chest.2022.08.388,POTS,2022
9498034,PMC9498034,Clogmia albipunctata (Nematocera; Psychodidae) as the Etiologic Agent of Myiasis: True or False?,Diagnostics (Basel),2022 Sep 1,Akhoundi M; Ranorohasimanana NM; Brun S; Kauffmann-Lacroix C; Izri A,10.3390/diagnostics12092129,POTS,2022
9444584,PMC9444584,Clinical cardiovascular emergencies and the cellular basis of COVID-19 vaccination: from dream to reality?,Int J Infect Dis,2022 Nov,Li YE; Wang S; Reiter RJ; Ren J,10.1016/j.ijid.2022.08.026,POTS,2022
9413809,PMC9413809,What Works for One May Not Work for Another: A New Warning for Modafinil.,Cureus,2022 Jul,Kim H; Ayele GM; Atalay RT; Hussien S; Tewoldemedhin B; Michael MB; Scharf SM,10.7759/cureus.27287,POTS,2022
9345651,PMC9345651,COVID-19 vaccination in patients with long QT syndrome.,Heart Rhythm O2,2022 Dec,Wu CI; Schwartz PJ; Ackerman MJ; Wilde AAM,10.1016/j.hroo.2022.07.011,POTS,2022
9323926,PMC9323926,COVID-19 Vaccination Might Induce Postural Orthostatic Tachycardia Syndrome: A Case Report.,Vaccines (Basel),2022 Jun 22,Hermel M; Sweeney M; Abud E; Luskin K; Criado JP; Bonakdar R; Gray J; Ahern T,10.3390/vaccines10070991,POTS,2022
9287587,PMC9287587,Postural orthostatic tachycardia syndrome as a sequela of COVID-19.,Heart Rhythm,2022 Nov,Ormiston CK; Świątkiewicz I; Taub PR,10.1016/j.hrthm.2022.07.014,POTS,2022
9270602,PMC9270602,MEN2B Masquerading as Postural Orthostatic Tachycardia Syndrome.,JACC Case Rep,2022 Jul 6,Khan G; Giacona J; Mirfakhraee S; Vernino S; Vongpatanasin W,10.1016/j.jaccas.2022.04.009,POTS,2022
9208536,PMC9208536,A case of transient POTS following COVID-19 vaccine.,Acta Neurol Belg,2022 Aug,Park J; Kim S; Lee J; An JY,10.1007/s13760-022-02002-2,POTS,2022
9174810,PMC9174810,Intermittent left bundle branch block with septal flash and postural orthostatic tachycardia syndrome in a young woman with long COVID-19.,BMJ Case Rep,2022 Jun 7,Kitsou V; Blomberg B; Lunde T; Saeed S,10.1136/bcr-2022-249608,POTS,2022
9021422,PMC9021422,"Case Report, Practices Survey and Literature Review of an Under-Recognized Pediatric Vascular Disorder: The BASCULE Syndrome.",Front Pediatr,2022,Baurens N; Briand C; Giovannini-Chami L; De Guillebon De Resnes JM; Hubiche T; Chiaverini C; Giordana P; Leftheriotis G; Bernardor J,10.3389/fped.2022.849914,POTS,2022
8976261,PMC8976261,Prospective Evaluation of Autonomic Dysfunction in Post-Acute Sequela of COVID-19.,J Am Coll Cardiol,2022 Jun 14,Jamal SM; Landers DB; Hollenberg SM; Turi ZG; Glotzer TV; Tancredi J; Parrillo JE,10.1016/j.jacc.2022.03.357,POTS,2022
8931464,PMC8931464,Orthostatic Intolerance in Adults Reporting Long COVID Symptoms Was Not Associated With Postural Orthostatic Tachycardia Syndrome.,Front Physiol,2022,Monaghan A; Jennings G; Xue F; Byrne L; Duggan E; Romero-Ortuno R,10.3389/fphys.2022.833650,POTS,2022
8866568,PMC8866568,Evaluating the Impact of Orthostatic Syncope and Presyncope on Quality of Life: A Systematic Review and Meta-Analysis.,Front Cardiovasc Med,2022,Hockin BCD; Heeney ND; Whitehurst DGT; Claydon VE,10.3389/fcvm.2022.834879,POTS,2022
8779641,PMC8779641,Post-HPV-Vaccination Mast Cell Activation Syndrome: Possible Vaccine-Triggered Escalation of Undiagnosed Pre-Existing Mast Cell Disease?,Vaccines (Basel),2022 Jan 16,Afrin LB; Dempsey TT; Weinstock LB,10.3390/vaccines10010127,POTS,2022
8778312,PMC8778312,Orthostatic Symptoms and Reductions in Cerebral Blood Flow in Long-Haul COVID-19 Patients: Similarities with Myalgic Encephalomyelitis/Chronic Fatigue Syndrome.,Medicina (Kaunas),2021 Dec 24,Campen CLMCV; Rowe PC; Visser FC,10.3390/medicina58010028,POTS,2021
8716749,PMC8716749,COVID-19 and postural tachycardia syndrome: a case series.,Eur Heart J Case Rep,2021 Dec,Parker WH; Moudgil R; Wilson RG; Tonelli AR; Mayuga KA; Singh TK,10.1093/ehjcr/ytab325,POTS,2021
8679991,PMC8679991,Arrhythmias in COVID-19.,Methodist Debakey Cardiovasc J,2021,Pandat S; Zhu Z; Fuentes-Rojas S; Schurmann P,10.14797/mdcvj.1039,POTS,2021
8721424,PMC8721424,"Quadruple-negative RT-PCR assay for COVID-19, but clinically and radiologically COVID pneumonia with POTS: Case report and case-based review.",SAGE Open Med Case Rep,2021,Rajendran N; Rameli PM; Collins G,10.1177/2050313X211066647,POTS,2021
8687482,PMC8687482,Postural orthostatic tachycardia syndrome: A conundrum for patients and healthcare providers.,Nurse Pract,2022 Jan 1,Cline HM; Einhardt A,10.1097/01.NPR.0000802968.90212.70,POTS,2022
8621226,PMC8621226,Post-Acute Sequelae of COVID-19 and Cardiovascular Autonomic Dysfunction: What Do We Know?,J Cardiovasc Dev Dis,2021 Nov 15,Bisaccia G; Ricci F; Recce V; Serio A; Iannetti G; Chahal AA; Ståhlberg M; Khanji MY; Fedorowski A; Gallina S,10.3390/jcdd8110156,POTS,2021
8506054,PMC8506054,Midodrine overdose in children: a case report and review of treatment for hypertensive emergencies.,Transl Pediatr,2021 Sep,Jan M; Brothers E; Nakagawa TA,10.21037/tp-21-153,POTS,2021
8510689,PMC8510689,"Recommendations for the recognition, diagnosis, and management of long COVID: a Delphi study.",Br J Gen Pract,2021 Nov,Nurek M; Rayner C; Freyer A; Taylor S; Järte L; MacDermott N; Delaney BC; Delphi panellists,10.3399/BJGP.2021.0265,POTS,2021
8555928,PMC8555928,Management of Long-COVID Postural Orthostatic Tachycardia Syndrome With Enhanced External Counterpulsation.,Cureus,2021 Sep,Varanasi S; Sathyamoorthy M; Chamakura S; Shah SA,10.7759/cureus.18398,POTS,2021
8387908,PMC8387908,Maintenance therapy with subcutaneous immunoglobulin in a patient with immune-mediated neuropathic postural tachycardia syndrome.,J Transl Autoimmun,2021,Pitarokoili K; Maier A; de Moya Rubio EC; Hahn K; Wallukat G; Athanasopoulos D; Grüter T; Motte J; Fisse AL; Gold R,10.1016/j.jtauto.2021.100112,POTS,2021
8405341,PMC8405341,Clinical and Laboratory Improvement in Hyperadrenergic Postural Orthostatic Tachycardia Syndrome (POTS) after COVID-19 Infection.,Case Rep Cardiol,2021,Ocher RA; Padilla E; Hsu JC; Taub PR,10.1155/2021/7809231,POTS,2021
8204164,PMC8204164,COVID-19-induced postural orthostatic tachycardia syndrome treated with ivabradine.,BMJ Case Rep,2021 Jun 14,O'Sullivan JS; Lyne A; Vaughan CJ,10.1136/bcr-2021-243585,POTS,2021
8137224,PMC8137224,Novel vaccine safety issues and areas that would benefit from further research.,BMJ Glob Health,2021 May,Salmon DA; Lambert PH; Nohynek HM; Gee J; Parashar UD; Tate JE; Wilder-Smith A; Hartigan-Go KY; Smith PG; Zuber PLF,10.1136/bmjgh-2020-003814,POTS,2021
8112930,PMC8112930,POTS and Antiphospholipid Syndrome: An Unlikely Association.,Case Rep Rheumatol,2021,Zee K; Qureshi S,10.1155/2021/9942668,POTS,2021
8121406,PMC8121406,Dysautonomia: A Forgotten Condition - Part 1.,Arq Bras Cardiol,2021 Apr,Rocha EA; Mehta N; Távora-Mehta MZP; Roncari CF; Cidrão AAL; Elias Neto J,10.36660/abc.20200420,POTS,2021
8117457,PMC8117457,COVID and Cardiovascular Disease: What We Know in 2021.,Curr Atheroscler Rep,2021 May 13,Chilazi M; Duffy EY; Thakkar A; Michos ED,10.1007/s11883-021-00935-2,POTS,2021
8091396,PMC8091396,POSTURAL ORTHOSTATIC TACHYCARDIA SYNDROME IN SIX PATIENTS FOLLOWING COVID-19 INFECTION.,J Am Coll Cardiol,2021 May 11,Parker W; Moudgil R; Singh T,10.1016/S0735-1097(21)04518-6,POTS,2021
8076737,PMC8076737,COVID-19 Dysautonomia.,Front Neurol,2021,Goodman BP; Khoury JA; Blair JE; Grill MF,10.3389/fneur.2021.624968,POTS,2021
8050227,PMC8050227,Autonomic dysfunction following COVID-19 infection: an early experience.,Clin Auton Res,2021 Jun,Shouman K; Vanichkachorn G; Cheshire WP; Suarez MD; Shelly S; Lamotte GJ; Sandroni P; Benarroch EE; Berini SE; Cutsforth-Gregory JK; Coon EA; Mauermann ML; Low PA; Singer W,10.1007/s10286-021-00803-8,POTS,2021
8045944,PMC8045944,gAChR antibodies in children and adolescents with acquired autoimmune dysautonomia in Japan.,Ann Clin Transl Neurol,2021 Apr,Yamakawa M; Watari M; Torii KI; Kuki I; Miharu M; Kawazu M; Mukaino A; Higuchi O; Maeda Y; Ikeda T; Takamatsu K; Tawara N; Nakahara K; Matsuo H; Ueda M; Takahashi T; Nakane S,10.1002/acn3.51317,POTS,2021
8009458,PMC8009458,Postural orthostatic tachycardia syndrome (POTS) and other autonomic disorders after COVID-19 infection: a case series of 20 patients.,Immunol Res,2021 Apr,Blitshteyn S; Whitelaw S,10.1007/s12026-021-09185-5,POTS,2021
7976723,PMC7976723,Long-COVID postural tachycardia syndrome: an American Autonomic Society statement.,Clin Auton Res,2021 Jun,Raj SR; Arnold AC; Barboi A; Claydon VE; Limberg JK; Lucci VM; Numan M; Peltier A; Snapper H; Vernino S; American Autonomic Society,10.1007/s10286-021-00798-2,POTS,2021
7946344,PMC7946344,Long-Haul Post-COVID-19 Symptoms Presenting as a Variant of Postural Orthostatic Tachycardia Syndrome: The Swedish Experience.,JACC Case Rep,2021 Apr,Johansson M; Ståhlberg M; Runold M; Nygren-Bonnier M; Nilsson J; Olshansky B; Bruchfeld J; Fedorowski A,10.1016/j.jaccas.2021.01.009,POTS,2021
7936931,PMC7936931,Is postural orthostatic tachycardia syndrome (POTS) a central nervous system disorder?,J Neurol,2022 Feb,Blitshteyn S,10.1007/s00415-021-10502-z,POTS,2022
7888977,PMC7888977,Postural orthostatic tachycardia syndrome following open thoracoabdominal aortic aneurysm repair.,J Surg Case Rep,2021 Feb,Manuel L; Fong LS; Mamo A; Varcoe R; Saw W; Grant P,10.1093/jscr/rjab012,POTS,2021
7813764,PMC7813764,Adalimumab as a potential treatment for postural orthostatic tachycardia syndrome.,HeartRhythm Case Rep,2021 Jan,Hendrix A; Nesheiwat Z; Towheed A; Brar V; Grubb BP,10.1016/j.hrcr.2020.11.003,POTS,2021
7792263,PMC7792263,Serum Activity Against G Protein-Coupled Receptors and Severity of Orthostatic Symptoms in Postural Orthostatic Tachycardia Syndrome.,J Am Heart Assoc,2020 Aug 4,Kharraziha I; Axelsson J; Ricci F; Di Martino G; Persson M; Sutton R; Fedorowski A; Hamrefors V,10.1161/JAHA.120.015989,POTS,2020
7685310,PMC7685310,New-onset Postural Orthostatic Tachycardia Syndrome Following Coronavirus Disease 2019 Infection.,J Innov Card Rhythm Manag,2020 Nov,Kanjwal K; Jamal S; Kichloo A; Grubb BP,10.19102/icrm.2020.111102,POTS,2020
7274189,PMC7274189,"Hospital Records of Pain, Fatigue, or Circulatory Symptoms in Girls Exposed to Human Papillomavirus Vaccination: Cohort, Self-Controlled Case Series, and Population Time Trend Studies.",Am J Epidemiol,2020 Apr 2,Thomsen RW; Öztürk B; Pedersen L; Nicolaisen SK; Petersen I; Olsen J; Sørensen HT,10.1093/aje/kwz284,POTS,2020
7255540,PMC7255540,Ivabradine in Postural Orthostatic Tachycardia Syndrome: A Review of the Literature.,Cureus,2020 Apr 28,Tahir F; Bin Arif T; Majid Z; Ahmed J; Khalid M,10.7759/cureus.7868,POTS,2020
7139175,PMC7139175,Infectious mononucleosis complicated by peritonsillar abscess and postural orthostatic tachycardia syndrome: A case report.,SAGE Open Med Case Rep,2020,Yaxley KL,10.1177/2050313X20915413,POTS,2020
6806054,PMC6806054,Hop to It: The First Animal Model of Autoimmune Postural Orthostatic Tachycardia Syndrome.,J Am Heart Assoc,2019 Oct,Miller AJ; Doherty TA,10.1161/JAHA.119.014084,POTS,2019
5926514,PMC5926514,Postural Tachycardia Syndrome and Vasovagal Syncope: A Hidden Case of Obstructive Cardiomyopathy without Severe Septal Hypertrophy.,Case Rep Cardiol,2018,Mayuga KA; Ho N; Shields RW Jr; Cremer P; Rodriguez LL,10.1155/2018/8714819,POTS,2018
5845505,PMC5845505,From Postural Orthostatic Tachycardia Syndrome to Radiologically Isolated Syndrome.,Case Rep Neurol Med,2018,Tripathi R; Bernitsas E,10.1155/2018/2956387,POTS,2018
5778345,PMC5778345,"Successful treatment of postural orthostatic tachycardia and mast cell activation syndromes using naltrexone, immunoglobulin and antibiotic treatment.",BMJ Case Rep,2018 Jan 11,Weinstock LB; Brook JB; Myers TL; Goodman B,10.1136/bcr-2017-221405,POTS,2018
5414293,PMC5414293,Application of real-time global media monitoring and 'derived questions' for enhancing communication by regulatory bodies: the case of human papillomavirus vaccines.,BMC Med,2017 May 2,Bahri P; Fogd J; Morales D; Kurz X; ADVANCE consortium,10.1186/s12916-017-0850-4,POTS,2017
5209415,PMC5209415,Current Safety Concerns with Human Papillomavirus Vaccine: A Cluster Analysis of Reports in VigiBase(®).,Drug Saf,2017 Jan,Chandler RE; Juhlin K; Fransson J; Caster O; Edwards IR; Norén GN,10.1007/s40264-016-0456-3,POTS,2017
4930805,PMC4930805,Cooccurrence of Postural Orthostatic Tachycardia Syndrome with Two Different Clinical Entities.,Case Rep Pediatr,2016,Oztunc F; Ugan Atik S; Dedeoglu R; Erbek Alp F; Gokalp S,10.1155/2016/8542158,POTS,2016
4528866,PMC4528866,"Postural Orthostatic Tachycardia With Chronic Fatigue After HPV Vaccination as Part of the ""Autoimmune/Auto-inflammatory Syndrome Induced by Adjuvants"": Case Report and Literature Review.",J Investig Med High Impact Case Rep,2014 Jan-Mar,Tomljenovic L; Colafrancesco S; Perricone C; Shoenfeld Y,10.1177/2324709614527812,POTS,2014
4502630,PMC4502630,A Case Report and Review of Postural Orthostatic Tachycardia Syndrome in Pregnancy.,AJP Rep,2015 Apr,Lide B; Haeri S,10.1055/s-0034-1544106,POTS,2015
4452321,PMC4452321,Treatment of Refractory Postural Tachycardia Syndrome with Subcutaneous Octreotide Delivered Using an Insulin Pump.,Case Rep Med,2015,Khan M; Ouyang J; Perkins K; Somauroo J; Joseph F,10.1155/2015/545029,POTS,2015
4177336,PMC4177336,Orthostatic plasma norepinephrine level as a predictor for therapeutic response to metoprolol in children with postural tachycardia syndrome.,J Transl Med,2014 Sep 10,Zhang Q; Chen X; Li J; Du J,10.1186/s12967-014-0249-3,POTS,2014
3443665,PMC3443665,Postural orthostatic tachycardia syndrome after surgical correction of an aortic coarctation: a case report.,J Med Case Rep,2012 Aug 13,Fernex L; Coeytaux A; Rochat T; Karaca S; Perrig S; Burri H; Nendaz MR,10.1186/1752-1947-6-241,POTS,2012
3200026,PMC3200026,Peripheral odontogenic fibroma: A case report and review.,J Indian Soc Periodontol,2011 Jul,Baiju CS; Rohatgi S,10.4103/0972-124X.85674,POTS,2011
2995161,PMC2995161,Potentially new indication of ivabradine: treatment of a patient with postural orthostatic tachycardia syndrome.,Open Cardiovasc Med J,2010 Aug 9,Hersi AS,10.2174/1874192401004010166,POTS,2010
2602994,PMC2602994,Takotsubo cardiomyopathy in two female patients: two case reports.,Cases J,2008 Nov 18,Turley A; Graham R; Hall J,10.1186/1757-1626-1-325,POTS,2008
13062802,PMC13062802,A successful treatment of urticaria pigmentosa with omalizumab in a pediatric patient: a case report.,AME Case Rep,2026,Alhajri A; Hussain Albaqshi MA; Almarzooq ZY; Aljughayman MA; Almulla SA; Alkhalifa FS; Alsindi ZS,10.21037/acr-2025-207,MCAS,2026
13059005,PMC13059005,Reconsidering cytoreductive therapy in high-risk pediatric mastocytosis: From diffuse cutaneous to smoldering systemic disease.,J Allergy Clin Immunol Glob,2026 May,Giavina-Bianchi M; de Paula Santos MF; Jacob AT; Miranda SA; Kalil J; Giavina-Bianchi P,10.1016/j.jacig.2026.100681,MCAS,2026
13051026,PMC13051026,Omalizumab for Pediatric Cutaneous Mastocytosis: Case Report and Review.,Pediatr Dermatol,2026 Mar-Apr,Chang J; King A; Byrne A; Liy-Wong C,10.1111/pde.70038,MCAS,2026
13019796,PMC13019796,Management Strategy for Anaphylaxis in a Patient With Suspected or Confirmed Mastocytosis: A Case Report.,Am J Case Rep,2026 Mar 22,Smoluchowski K; Szymański M; Skiba MM; Piasecka M,10.12659/AJCR.951085,MCAS,2026
12981734,PMC12981734,Recurrent Cyclic Vomiting and Gastroparesis-Like Symptoms in a Patient With Mast Cell Activation Syndrome (MCAS): A Case of Gastrointestinal-Predominant MCAS.,Cureus,2026 Feb,Salib M; Music A; Salib J; Kondilis E; Moss J; Kang S,10.7759/cureus.103302,MCAS,2026
12971857,PMC12971857,Hereditary Alpha-Tryptasemia and Mastocytosis: What We Know and What We Need To Learn.,Curr Allergy Asthma Rep,2026 Mar 9,Rama TA; Gulen T,10.1007/s11882-026-01262-9,MCAS,2026
12971043,PMC12971043,Aggressive Systemic Mastocytosis Presenting as Diffuse Osteoblastic Bone Disease: A Diagnostic Pitfall Mimicking Metastatic Cancer.,Eur J Case Rep Intern Med,2026,Melício A; Gonçalves HD; Dias M; Vasconcelos-Teixeira S; Madeira Lopes J,10.12890/2026_006143,MCAS,2026
12958415,PMC12958415,Multiphasic anaphylaxis in the emergency and intensive care setting.,BMJ Case Rep,2026 Feb 26,Schneider MA; de Groot H; Geerts JW,10.1136/bcr-2025-270996,MCAS,2026
12922065,PMC12922065,Moyamoya Vasculopathy and Atypical Moyamoya-like Patterns: Insights into Diagnosis and Therapeutic Implications.,NeuroSci,2026 Feb 15,Calandrelli R; Mallio CA; Bernetti C; Massimi L; Pilato F,10.3390/neurosci7010027,MCAS,2026
12896522,PMC12896522,"Skeletal Involvement in Systemic Mastocytosis: Pathophysiology, Clinical Management, Standards of Care, and Novel Therapeutic Strategies.",Cells,2026 Feb 6,Fazio M; Bottaro A; Nasso ME; Stagno F; Allegra A,10.3390/cells15030307,MCAS,2026
12884832,PMC12884832,Case report: A case of mast cell leukemia treated with avapritinib: from diagnostic challenge to transplantation.,Front Oncol,2026,Faraci DG; Caravelli D; Schianca FC; Zaniol E; Enrico F; Boffano C; Labate C; Sterpi G; Fornari A; Sangiorgio V; Crisà E,10.3389/fonc.2026.1746589,MCAS,2026
12881254,PMC12881254,Near-Fatal Mastocytosis Mimicking as Malignant Vasovagal Syncope.,JACC Case Rep,2026 Feb 4,Estublier B; Martin-Blondel A; Berthomieux L; Severino-Freire M; Beneyto M; Rieu JB; Voisin S; Maury P,10.1016/j.jaccas.2025.106290,MCAS,2026
12856509,PMC12856509,Relapse of Acute Myeloid Leukemia With Concomitant Systemic Mastocytosis Five Years Post Allogenic Hematopoietic Stem Cell Transplantation.,Case Rep Hematol,2026,Vardanyan S; Gjelberg HK; Helgeland L; Tsykunova G; Forthun RB; Reikvam H,10.1155/crh/8965147,MCAS,2026
12796541,PMC12796541,Refractory cutaneous symptoms in systemic mastocytosis.,JAAD Case Rep,2026 Feb,Gleason L; Bhatti SA; Wallace M; Lee JB; Alpdogan O; Nikbakht N,10.1016/j.jdcr.2025.09.012,MCAS,2026
12790910,PMC12790910,Twig-Like Middle Cerebral Artery : Acquired Lesion Rather than Congenital Anomaly.,J Korean Neurosurg Soc,2026 Jan,Park YK; Yoon BH; Hwang EH; Kim JH; Kang HI; Won YD; Cheong JW,10.3340/jkns.2025.0059,MCAS,2026
12757523,PMC12757523,Off-label applications of omalizumab: Current insights and perspectives.,World Allergy Organ J,2025 Dec,Jaromin A; Wardzyńska A,10.1016/j.waojou.2025.101156,MCAS,2025
12741435,PMC12741435,Avapritinib and corticosteroids in advanced systemic mastocytosis with tumoral CMML and associated thrombocytopenia.,Oxf Med Case Reports,2025 Dec,Abakarim O; Jeddi R; Rossignol J; Hermine O; Delabesse E; Condom P; Laurent C; Botin T,10.1093/omcr/omaf240,MCAS,2025
12741381,PMC12741381,A probable case of hyaluronic acid injection-induced MAST cell activation syndrome with refractory vasoplegia: A rare complication reversed with hyaluronidase.,JAAD Case Rep,2026 Jan,Cunha JMT; Costa DAM; Munhoz G; Tembra MF; Cavallieri F; Bortolato T; Ramos-E-Silva M,10.1016/j.jdcr.2025.10.067,MCAS,2026
12675999,PMC12675999,Denosumab as a Potential Disease-Modifying Treatment in Indolent Systemic Mastocytosis-Related Osteoporosis.,JCEM Case Rep,2026 Jan,Abbas M; Luthra P,10.1210/jcemcr/luaf272,MCAS,2026
12641438,PMC12641438,Cardiovascular manifestations in mast cell activation disease: key insights for cardiologists and angiologists.,Front Cardiovasc Med,2025,Taumann W; Molderings GJ,10.3389/fcvm.2025.1705201,MCAS,2025
12633608,PMC12633608,"Geography, Ancestry, Age and Sex Shape Somatic Autosomal Mosaic Chromosomal Alterations in Blood.",medRxiv,2025 Oct 20,Won Kang JR; Kim YJ; Skead K; Soave D; Evans J; Bruat V; Harwood MP; Morris Q; Matovu E; Mulindwa J; Noyes H; McLeod A; Hazelhurst S; Lombard Z; Ramsay M; Fave MJ; Awadalla P,10.1101/2025.10.19.25338239,MCAS,2025
12614038,PMC12614038,Refractory Antiphospholipid Syndrome With Thoracic Outlet and Superior Vena Cava Syndromes: A Complex Case of Recurrent Thrombosis.,Cureus,2025 Oct,Khan TA; Schick S; Figueroa J; Swami J,10.7759/cureus.94557,MCAS,2025
12615035,PMC12615035,Chronic Anaphylaxis With Indolent Systemic Mastocytosis: A Case Report.,Case Rep Hematol,2025,Worth S; George TI; Shaheen DJ; Roche M; Vachhani P,10.1155/crh/9562195,MCAS,2025
12539782,PMC12539782,Anesthetic Considerations for Cesarean Section in a Woman With Systemic Mastocytosis.,Cureus,2025 Sep,Phipps W; Richardson L; Jolly E,10.7759/cureus.92864,MCAS,2025
12525111,PMC12525111,"Gender and Allergy: Mechanisms, Clinical Phenotypes, and Therapeutic Response-A Position Paper from the Società Italiana di Allergologia, Asma ed Immunologia Clinica (SIAAIC).",Int J Mol Sci,2025 Oct 1,Ventura MT; Giuliano AFM; Boni E; Brussino L; Buquicchio R; Conte M; Costantino MT; Crivellaro MA; Giuliani IMR; Losa F; Nicola S; Parronchi P; Peveri S; Ridolo E; Triggianese P; Patella V,10.3390/ijms26199605,MCAS,2025
12512096,PMC12512096,Midostaurin in daily clinical practice of patients with advanced systemic mastocytosis.,Br J Haematol,2025 Oct,Lübke J; Naumann N; Brand T; Steiner L; Repp R; Metzgeroth G; Fabarius A; Hofmann WK; Radia DH; Reiter A; Schwaab J,10.1111/bjh.70065,MCAS,2025
12433324,PMC12433324,KIT-Negative Systemic Mastocytosis Associated With Acute Myeloid Leukemia.,Case Rep Oncol Med,2025,Ali K; Rashid T; Miatech J; Karan A; Chandler Z; Garcia GD; Quan WJR,10.1155/crom/3563591,MCAS,2025
12432041,PMC12432041,"The evaluation, management, and future of indolent systemic mastocytosis.",Ann Hematol,2025 Aug,Syal A; Toh J; McInerney A; Tremblay D,10.1007/s00277-025-06475-y,MCAS,2025
12405650,PMC12405650,"Mucinous Cystadenocarcinomas of the Breast Exhibit Heterogeneous Genomic Profile as Triple Negative Breast Cancer, Harbor Alterations in PIK3CA, PTEN, AKT1, and GNAS Genes, and May Not Be Indolent.",Int J Surg Pathol,2025 Oct,Tondi Resta I; Nelson ND; Toorens E; Bleiweiss IJ; Nayak A,10.1177/10668969251331202,MCAS,2025
12404107,PMC12404107,Mast Cell Leukemia: Comprehensive Review of Literature With Current Insights and Updates on Management.,J Hematol,2025 Aug,Idamakanti M; Ebaid A; Bijjam RI; Bakhirev A,10.14740/jh2104,MCAS,2025
12371744,PMC12371744,Evaluating Melanoma Risk in Adult Mastocytosis: Potential Impact of Detection Bias - A Registry-based Study (Sweden).,Acta Derm Venereol,2025 Aug 18,Bergström A; Hägglund H; Berglund A; Nilsson G; Lambe M,10.2340/actadv.v105.43052,MCAS,2025
12347703,PMC12347703,The Pulmonary Manifestation of Mastocytosis: Experiences of the National Reference Centre of Excellence.,J Clin Med,2025 Aug 3,Sztormowska M; Górska A; Piskunowicz M; Górska L; Nazar W; Chełmińska M; Kuziemski K; Jassem E; Niedoszytko M,10.3390/jcm14155455,MCAS,2025
12343066,PMC12343066,Unmasking systemic mastocytosis: a case of gastrointestinal involvement misdiagnosed as achalasia.,J Surg Case Rep,2025 Aug,Nouri A; Rajab I; Ayaseh QZ; Hussein A; Farokhian A; Cavanagh Y,10.1093/jscr/rjaf590,MCAS,2025
12334448,PMC12334448,"Avapritinib monotherapy induces rapid and deep remission of heavily treated, KIT D816H-mutated t(8;21) acute myeloid leukemia, a case report and literature review.",Ann Hematol,2025 Jul,Getz TM; Bakirhan K; Seropian S; Shallis RM,10.1007/s00277-025-06388-w,MCAS,2025
12296355,PMC12296355,Schnitzler syndrome - a rare cause of chronic urticaria. Case report.,Oxf Med Case Reports,2025 Jul,Moos Ł; Kułakowska A; Szydłowska D; Chodak W; Brzoza Z,10.1093/omcr/omaf118,MCAS,2025
12264227,PMC12264227,Case report: Experience of a rare case of primary acute mast cell leukemia.,Leuk Res Rep,2025,Pan Z; Zhang Y; Guo Y; Sun J; Guo X; Guo Z,10.1016/j.lrr.2025.100510,MCAS,2025
12246164,PMC12246164,Impact of major congenital anomalies on preterm birth and low birth weight.,Sci Rep,2025 Jul 10,Adam H; Ghenimi N; Minsart AF; Narchi H; Al Awar S; Al Hajeri OM; Elbarazi I; Al-Rifai RH; Ahmed LA,10.1038/s41598-025-10020-2,MCAS,2025
12202291,PMC12202291,Idiopathic cutaneous Mastocytosis mimicking infantile psoriasis in a six-month-old male: a rare presentation.,Oxf Med Case Reports,2025 Jun,Diaz Q C; Lippmann D; Rios D; Caravantes RA; Perez C; Roquel I,10.1093/omcr/omaf077,MCAS,2025
12076930,PMC12076930,Trends and hotspots on hymenoptera venom immunotherapy: a bibliometric and visualized analysis of research from 2014 to 2024.,Front Immunol,2025,Luo Y; Guan M; Yu Y,10.3389/fimmu.2025.1546704,MCAS,2025
12052678,PMC12052678,Systemic mastocytosis: current status and challenges in 2024.,Blood Adv,2025 May 13,Ustun C; Keklik Karadag F; Linden MA; Valent P; Akin C,10.1182/bloodadvances.2024012612,MCAS,2025
12030918,PMC12030918,Genomic and clinical‑pathological features of mucinous cystadenocarcinoma of the breast with HER2 amplification: A case report.,Oncol Lett,2025 Jun,Liu L; Li M; Qiu X; Zheng X; Zheng G; Yang H,10.3892/ol.2025.15050,MCAS,2025
11869997,PMC11869997,The Normal Range of Baseline Tryptase Should Be 1 to 15 ng/mL and Covers Healthy Individuals With HαT.,J Allergy Clin Immunol Pract,2023 Oct,Valent P; Hoermann G; Bonadonna P; Hartmann K; Sperr WR; Broesby-Olsen S; Brockow K; Niedoszytko M; Hermine O; Chantran Y; Butterfield JH; Greiner G; Carter MC; Sabato V; Radia DH; Siebenhaar F; Triggiani M; Gülen T; Alvarez-Twose I; Staudinger T; Traby L; Sotlar K; Reiter A; Horny HP; Orfao A; Galli SJ; Schwartz LB; Lyons JJ; Gotlib J; Metcalfe DD; Arock M; Akin C,10.1016/j.jaip.2023.08.008,MCAS,2023
11825596,PMC11825596,Management of Bone Health in Adult Mastocytosis.,Curr Osteoporos Rep,2025 Feb 13,Degboé Y; Nezzar C; Alary P; Maëva M; Bulai Livideanu C; Laroche M,10.1007/s11914-025-00901-w,MCAS,2025
11803904,PMC11803904,A rare case of pediatric cutaneous bullous mastocytosis.,JAAD Case Rep,2025 Mar,Roux J; Pham CT; Yale K; Rojek NW; Linden K; Doan L,10.1016/j.jdcr.2024.11.041,MCAS,2025
11773267,PMC11773267,Characterization of patients with clonal mast cells in the bone marrow with clinical significance not otherwise specified.,EClinicalMedicine,2025 Feb,Ballul T; Sabato V; Valent P; Hermine O; Lortholary O; Rossignol J; CEREMAST study group,10.1016/j.eclinm.2024.103043,MCAS,2025
11771440,PMC11771440,P-70 THYMIC HYPERPLASIA AND GRAVES' DISEASE: IS THERE A HIDDEN AUTOIMMUNE DISORDER?,JCEM Case Rep,2025 Jan,Slato AD; Šakić B; Nalbani Spahić E; Burekovic A,10.1210/jcemcr/luae218.069,MCAS,2025
11676300,PMC11676300,Exploring Pediatric Dermatology in Skin of Color: Focus on Dermoscopy.,Life (Basel),2024 Dec 4,Karampinis E; Toli O; Georgopoulou KE; Papadopoulou MM; Vardiampasi A; Zafiriou E; Lazaridou E; Apalla Z; Lallas A; Behera B; Errichetti E,10.3390/life14121604,MCAS,2024
11671108,PMC11671108,Recalcitrant Pustular Dermatosis Successfully Treated With Prolonged Isotretinoin Therapy.,Cureus,2024 Nov,Aoki KC; Smithy W; Au S; Bartos S,10.7759/cureus.74501,MCAS,2024
11662473,PMC11662473,Hymenoptera venom allergy in children.,Ital J Pediatr,2024 Dec 20,Giovannini M; Mori F; Barni S; Saretta F; Arasi S; Castagnoli R; Liotti L; Mastrorilli C; Pecoraro L; Caminiti L; Sturm GJ; Marseglia GL; Del Giudice MM; Novembre E,10.1186/s13052-024-01731-9,MCAS,2024
11651727,PMC11651727,Unveiling the Uncommon: A Case Report of Horner's Syndrome as a Rare Glimpse Into Giant Cell Arteritis.,Case Rep Neurol Med,2024,Barr E; Levesque J; Badir J; Dunston R; Ranasinghe T,10.1155/crnm/2503963,MCAS,2024
11625085,PMC11625085,KIT V560D-Mutated Systemic Mastocytosis Associated With High-Risk Myelodysplastic Syndrome: A Unique Case of Systemic Mastocytosis-Associated Hematologic Neoplasm.,Case Rep Hematol,2024,Medawar G; Sakalabaktula K; Magri J; Rinker E; Baratam P,10.1155/crh/4360304,MCAS,2024
11607125,PMC11607125,"Recurrent prosthetic mitral valve thrombosis: First report of an unusual feature of systemic mastocytosis, a case report and review of the literature.",Caspian J Intern Med,2025 Winter,Akbarzadehpasha A; Lotfi Z; Omidvar R; Goodarzi A; Hosseini S; Sadeghzadeh Bazargan A; Kamyab Hesari K,10.22088/cjim.16.1.178,MCAS,2025
11596688,PMC11596688,Osteoporosis in Systemic Mastocytosis: A Scoping Review.,Medicina (Kaunas),2024 Oct 24,Letizia Mauro G; Accomando J; Tomasello S; Duca A; Mangano MS; de Sire A; Vecchio M; Scaturro D,10.3390/medicina60111752,MCAS,2024
11470813,PMC11470813,Non-aneurysmal Subarachnoid Hemorrhage Due to an Aplastic or Twig-Like Middle Cerebral Artery Diagnosed by Cone Beam CT and M1 Selective Angiography: A Case Report.,Cureus,2024 Sep,Kimura S; Yagi R; Yamada K; Taniguchi H; Wanibuchi M,10.7759/cureus.69285,MCAS,2024
11465966,PMC11465966,Severe Anaphylaxis From Remimazolam in a Mastocytosis Cancer Patient: A Case Report.,Cureus,2024 Sep,Mani J; Strang A; Faruki AA; Siddiqui ZA; Mena G,10.7759/cureus.69079,MCAS,2024
11444605,PMC11444605,Indolent systemic mastocytosis (ISM) without skin lesions as a recurrent anaphylaxis: a case report study.,Ann Med Surg (Lond),2024 Oct,Ghelichi-Ghojogh M; Ebrahimi M; Ghezeljeh E; Delavari S; Aghapour SA,10.1097/MS9.0000000000002472,MCAS,2024
11439156,PMC11439156,Management of Refractory Anaphylaxis: An Overview of Current Guidelines.,Clin Exp Allergy,2024 Jul,Pouessel G; Dribin TE; Tacquard C; Tanno LK; Cardona V; Worm M; Deschildre A; Muraro A; Garvey LH; Turner PJ,10.1111/cea.14514,MCAS,2024
11434177,PMC11434177,Tryptase: The Silent Witness of Past and Ongoing Systemic Events.,Medicina (Kaunas),2024 Aug 23,Oštrić Pavlović I; Radović S; Krtinić D; Spirić J; Kusić N; Veličković A; Tomić-Spirić V,10.3390/medicina60091380,MCAS,2024
11361272,PMC11361272,Diagnostic measures in patients with severe insect sting reactions and elevated baseline serum tryptase levels.,Allergol Select,2024,Lange S; Oppel E; Winkler M; Ruëff F,10.5414/ALX02524E,MCAS,2024
11303256,PMC11303256,Clinical and biological characteristics associated with bronchial or pulmonary abnormalities on chest CT imaging in patients with systemic mastocytosis.,Clin Transl Allergy,2024 Aug,Vallière R; Bulai Livideanu C; Villeneuve T; Prévot G; Reber LL; Guilleminault L,10.1002/clt2.12387,MCAS,2024
11236357,PMC11236357,Unraveling the Rare Entity of KIT D816V-Negative Systemic Mastocytosis.,J Hematol,2024 Jun,Alyamany R; Albachir CA; Alsaleh S; Hamad A; Abdulwali SK; Alotaibi AS; Ahmed SO; Alfayez M,10.14740/jh1279,MCAS,2024
11187405,PMC11187405,Comparison of the effects of abdominal massage and osteopathic manipulative treatment home program on constipation in children with cerebral palsy.,JGH Open,2024 Jun,Chatip AT; Acar G; Akçay AA,10.1002/jgh3.13102,MCAS,2024
11177828,PMC11177828,"Imatinib and Trigger Avoidance for Mast Cell Activation Syndrome Presenting With Attacks of Abdominal Pain, Nausea, Vomiting, and Diarrhea.",ACG Case Rep J,2024 Jun,Weinstock LB; Tenkhoff M; Gutovich J; Afrin LB,10.14309/crj.0000000000001383,MCAS,2024
11154339,PMC11154339,Diffuse Cutaneous Mastocytosis: A Current Understanding of a Rare Disease.,Int J Mol Sci,2024 Jan 23,Rydz A; Lange M; Ługowska-Umer H; Sikorska M; Nowicki RJ; Morales-Cabeza C; Alvarez-Twose I,10.3390/ijms25031401,MCAS,2024
11127591,PMC11127591,A Vertebral Fracture Unmasking Systemic Mastocytosis in a 29-Year-Old Man.,AACE Clin Case Rep,2024 May-Jun,Nguyen CN; Boggs NA; Maxwell DB; Danielson DT; Hoang TD,10.1016/j.aace.2024.02.003,MCAS,2024
11090565,PMC11090565,Sequential mechanical thrombectomies in acute bilateral middle cerebral artery strokes: A case report and review of literature.,J Neurosci Rural Pract,2024 Apr-Jun,Phuyal S; Pokhrel B; Lamsal R; Mishra B; Nayak MK,10.25259/JNRP_26_2024,MCAS,2024
10890967,PMC10890967,A case of indolent systemic mastocytosis responding to treatment with Avapritinib.,Clin Case Rep,2024 Feb,Sun T; Xavier M,10.1002/ccr3.8500,MCAS,2024
10875270,PMC10875270,A multicenter retrospective comparison between systemic mastocytosis with t(8;21) AML and KIT mutant t(8;21) AML.,Blood Adv,2024 Feb 27,Zhang Z; Yin J; Lian G; Bao X; Hu M; Liu Z; Yu Y; Mi R; Zuo Y; Shi P; Zheng W; Jiang Q; Chao H; Xiao P; Yu W; Han Y; Wu Y; Zeng Y; Wu D; Yang X; Chen S,10.1182/bloodadvances.2023012006,MCAS,2024
10871832,PMC10871832,Diagnosis and treatment of mast cell disorders: practical recommendations.,Sao Paulo Med J,2013,Sandes AF; Medeiros RS; Rizzatti EG,10.1590/1516-3180.2013.1314590,MCAS,2013
10854835,PMC10854835,Poor Applicability of Currently Available Prognostic Scoring Systems for Prediction of Outcome in KIT D816V-Negative Advanced Systemic Mastocytosis.,Cancers (Basel),2024 Jan 30,Naumann N; Rudelius M; Lübke J; Christen D; Bresser J; Sotlar K; Metzgeroth G; Fabarius A; Hofmann WK; Panse J; Horny HP; Cross NCP; Reiter A; Schwaab J,10.3390/cancers16030593,MCAS,2024
10852104,PMC10852104,Indolent systemic mastocytosis limited to the bone: a case report and review of the literature.,Sao Paulo Med J,2013,Pinto-Lopes P; Fonseca FA; Silva R; Hafe Pv; Fonseca E,10.1590/1516-3180.2013.1313460,MCAS,2013
10829777,PMC10829777,A 48-Year-Old Man With a Hip Fracture and Skin Rash: A Case Report.,AACE Clin Case Rep,2024 Jan-Feb,Parker JA; Hou R,10.1016/j.aace.2023.10.003,MCAS,2024
10814743,PMC10814743,Hematological Neoplasms with Eosinophilia.,Cancers (Basel),2024 Jan 12,Morales-Camacho RM; Caballero-Velázquez T; Borrero JJ; Bernal R; Prats-Martín C,10.3390/cancers16020337,MCAS,2024
10814166,PMC10814166,Challenges in Drug and Hymenoptera Venom Hypersensitivity Diagnosis and Management in Mastocytosis.,Diagnostics (Basel),2024 Jan 5,Giannetti MP; Nicoloro-SantaBarbara J; Godwin G; Middlesworth J; Espeland A; Douvas JL; Castells MC,10.3390/diagnostics14020123,MCAS,2024
10803124,PMC10803124,"How to handle off-label prescriptions of rupatadine, a second-generation antihistamine and PAF antagonist: a review.",Drugs Context,2024,Izquierdo I; Casas L; Cabrera S; Fernandez A,10.7573/dic.2023-9-5,MCAS,2024
10781526,PMC10781526,Renal Extramedullary Hematopoiesis in Mast Cell Leukemia with Bone Marrow Fibrosis.,Case Rep Hematol,2024,Rieke DT; Schmalbrock LK; Ihlow J; Kleo K; von Brünneck AC; Nolte F; Keller U; Ochsenreither S,10.1155/2024/3502887,MCAS,2024
10725995,PMC10725995,Urticaria pigmentosa and systemic mastocytosis.,Clin Case Rep,2023 Dec,Keow J; Chin-Yee B; Hsia CC; Robertson K,10.1002/ccr3.8302,MCAS,2023
10718195,PMC10718195,"Cognitive, neuropsychiatric and neurological alterations in mastocytosis: A systematic review.",Clin Transl Allergy,2023 Dec,Sagües-Sesé E; García-Casares N; Álvarez-Twose I,10.1002/clt2.12319,MCAS,2023
10712720,PMC10712720,"Diagnosis, Treatment, and Prognosis of Patients with Primary Familial Gastrointestinal Stromal Tumor: A Case Report and Literature Review.",Oncologist,2023 Dec 11,Yan M; Lin J; Shu M; Luo Y; Sun K; Yang S; Zhang X,10.1093/oncolo/oyad168,MCAS,2023
10686014,PMC10686014,Aggressive systemic mastocytosis with multiple organ involvement: a case report.,Oxf Med Case Reports,2023 Nov,Iranijam E; Salimi M; Negaresh M; Javanshir N,10.1093/omcr/omad095,MCAS,2023
10607143,PMC10607143,Antibody-Based and Cell Therapies for Advanced Mastocytosis: Established and Novel Concepts.,Int J Mol Sci,2023 Oct 12,Valent P; Akin C; Arock M; Gleixner KV; Greinix H; Hermine O; Horny HP; Ivanov D; Orfao A; Rabitsch W; Reiter A; Schulenburg A; Sotlar K; Sperr WR; Ustun C,10.3390/ijms242015125,MCAS,2023
10647312,PMC10647312,"A Puzzling Mast Cell Trilogy: Anaphylaxis, MCAS, and Mastocytosis.",Diagnostics (Basel),2023 Oct 25,Gülen T,10.3390/diagnostics13213307,MCAS,2023
10580978,PMC10580978,"Diagnosis and treatment of Hymenoptera venom allergy: S2k Guideline of the German Society of Allergology and Clinical Immunology (DGAKI) in collaboration with the Arbeitsgemeinschaft für Berufs- und Umweltdermatologie e.V. (ABD), the Medical Association of German Allergologists (AeDA), the German Society of Dermatology (DDG), the German Society of Oto-Rhino-Laryngology, Head and Neck Surgery (DGHNOKC), the German Society of Pediatrics and Adolescent Medicine (DGKJ), the Society for Pediatric Allergy and Environmental Medicine (GPA), German Respiratory Society (DGP), and the Austrian Society for Allergy and Immunology (ÖGAI).",Allergol Select,2023,Ruëff F; Bauer A; Becker S; Brehler R; Brockow K; Chaker AM; Darsow U; Fischer J; Fuchs T; Gerstlauer M; Gernert S; Hamelmann E; Hötzenecker W; Klimek L; Lange L; Merk H; Mülleneisen NK; Neustädter I; Pfützner W; Sieber W; Sitter H; Skudlik C; Treudler R; Wedi B; Wöhrl S; Worm M; Jakob T,10.5414/ALX02430E,MCAS,2023
10580708,PMC10580708,Successful Mechanical Thrombectomy of Bilateral Middle Cerebral Artery Occlusions Following Apixaban Discontinuation.,J Investig Med High Impact Case Rep,2023 Jan-Dec,Srichawla BS; Fang T; Bose A; Kipkorir V; Ferris A,10.1177/23247096231206624,MCAS,2023
10469220,PMC10469220,Eosinophilia in a patient with aggressive systemic mastocytosis harboring a KIT D816V mutation: A case report.,SAGE Open Med Case Rep,2023,Cao L; Tong H; Liu X; Pan Q; Xu Y; Lai J; Zheng W; Huang J; Wang Z; Ye S; Zhang L; Qin J; Jin J,10.1177/2050313X231197322,MCAS,2023
10425246,PMC10425246,Systemic Mastocytosis: A Mimicker of Reactive Arthritis.,Case Rep Rheumatol,2023,Nasrallah OG; Mohty R; El-Cheikh J; Merashli M,10.1155/2023/6655005,MCAS,2023
10381535,PMC10381535,Mast Cell Activation Syndrome Update-A Dermatological Perspective.,J Pers Med,2023 Jul 10,Mihele DM; Nistor PA; Bruma G; Mitran CI; Mitran MI; Condrat CE; Tovaru M; Tampa M; Georgescu SR,10.3390/jpm13071116,MCAS,2023
10372046,PMC10372046,Unusual presentation of maculopapular cutaneous mastocytosis in an infant with skin of color.,JAAD Case Rep,2023 Aug,Markeson C; Metkowski A; Huang S; Hsu S; Heath C,10.1016/j.jdcr.2023.02.025,MCAS,2023
10352544,PMC10352544,A case of high-risk AML in a patient with advanced systemic mastocytosis.,Clin Case Rep,2023 Jul,Fazio M; Vetro C; Markovic U; Duminuco A; Parisi M; Maugeri C; Mauro E; Parrinello NL; Stagno F; Villari L; Triolo AM; Stella S; Palumbo GA; Di Raimondo F; Romano A; Zanotti R,10.1002/ccr3.7134,MCAS,2023
10337288,PMC10337288,Skin and bones: systemic mastocytosis and bone.,Endocrinol Diabetes Metab Case Rep,2023 May 1,Wang M; Seibel MJ,10.1530/EDM-22-0408,MCAS,2023
10328639,PMC10328639,Acute Appendicitis as the First and the Only Presentation of Systemic Mastocytosis.,ACG Case Rep J,2023 Jul,Sarwate M; Bakhshwin A,10.14309/crj.0000000000001089,MCAS,2023
10315773,PMC10315773,"Systemic mastocytosis, in the context of a deleterious germline SDHC variant, treated with ripretinib.",JAAD Case Rep,2023 Jul,Saheb Kashaf S; Godley LA; Chadha A; Waldinger JB,10.1016/j.jdcr.2023.04.007,MCAS,2023
10313892,PMC10313892,Simultaneous diagnosis of papillary thyroid cancer and systemic mastocytosis.,Clin Case Rep,2023 Jul,Brown KF; Bloomer ZW; Shakir MKM; Cognetti MJ; Muir JM; Hoang TD,10.1002/ccr3.7507,MCAS,2023
10309087,PMC10309087,Recalcitrant Cutaneous Mastocytosis Treated With Genetically Informed Targeted Therapy: A Case Report.,Int J Dermatol Venereol,2023 Jun,Gleason L; Tekmen V; Cohen A; Bhatti S; Beksac B; Cha J; Porcu P; Nikbakht N,10.1097/JD9.0000000000000243,MCAS,2023
10298540,PMC10298540,Mastocytosis and Skin Cancer: The Current State of Knowledge.,Int J Mol Sci,2023 Jun 7,Kaszuba A; Sławińska M; Żółkiewicz J; Sobjanek M; Nowicki RJ; Lange M,10.3390/ijms24129840,MCAS,2023
10248858,PMC10248858,Avapritinib treatment of KIT D816V-mutant atypical chronic myeloid leukemia.,Leuk Res Rep,2023,Sandow L; Heinrich M,10.1016/j.lrr.2023.100371,MCAS,2023
10220212,PMC10220212,Indolent systemic mastocytosis and aleukemic mast cell leukemia: Subtle diagnostic differences with distinct management approaches.,JAAD Case Rep,2023 Jun,Paiva ML; Yumeen S; Saliba E; DiMarco C,10.1016/j.jdcr.2023.04.009,MCAS,2023
10220213,PMC10220213,Primary cutaneous lymphoma in a patient with mastocytosis: Is there an association?,JAAD Case Rep,2023 Jun,Kincaid CM; Phong C; Arnold JD; Fan X; Lee BA; Mesinkovska NA,10.1016/j.jdcr.2023.03.015,MCAS,2023
10220894,PMC10220894,Endocarditis with Streptococcus pseudoporcinus Associated with Mastocytosis and Spondylodiscitis-A Coincidental Association? A Case Report.,Trop Med Infect Dis,2023 Apr 25,Birlutiu V; Birlutiu RM; Teodoru M; Catana AC; Stoica CI,10.3390/tropicalmed8050247,MCAS,2023
10123330,PMC10123330,Internal Carotid Artery Agenesis: A Rare Entity.,Cureus,2023 Mar,Kulhari A; Singh A; Fourcand F; Zacharatos H; Mehta S; Kirmani JF,10.7759/cureus.36640,MCAS,2023
10099671,PMC10099671,Clearance of bone marrow mast cells after hypomethylating agent and venetoclax for systemic mastocytosis associated with myeloid neoplasia.,Eur J Haematol,2023 Feb,Pourhassan H; Kim Y; Pullarkat V,10.1111/ejh.13894,MCAS,2023
10046872,PMC10046872,Mast Cell Leukemia: An Update with a Practical Review.,Cancers (Basel),2023 Mar 8,Zanelli M; Quintini M; Magnasco S; Aprile L; Palicelli A; Zizzo M; Sanguedolce F; Ricci S; Pancetti S; Zuccalà V; Martino V; Broggi G; Caltabiano R; Cavazza A; Parente P; Mecucci C; Martino G; Ascani S,10.3390/cancers15061664,MCAS,2023
9918867,PMC9918867,Delayed Diagnosis of Indolent Systemic Mastocytosis as the Cause of Unexplained Skin Rash: A Case Report.,Case Rep Oncol,2023 Jan-Dec,Alshurafa A; Abu-Tineh M; Ibrahim FA; Petkar M; Yassin MA,10.1159/000529347,MCAS,2023
9917416,PMC9917416,A Practical Approach to Systemic Mastocytosis Complications in Cardiac Surgery: A Case Report and Systematic Review of the Literature.,J Clin Med,2023 Feb 1,Suleiman MN; Brueckl V; Fechner J; Kaemmerer AS; Wilk F; Weyand M; Harig F,10.3390/jcm12031156,MCAS,2023
9892685,PMC9892685,"Mast Cell Sarcoma of Small Intestine, Early Diagnosis, and Good Prognosis: An Extremely Rare Case Report and Review of the Literature.",Gastrointest Tumors,2023 Jan-Dec,Geramizadeh B; Nabavizadeh S; Rezvani A; Shamsolvaezin N; Zahedinassab A; Khodadadi N; Iranpour P,10.1159/000528887,MCAS,2023
9839392,PMC9839392,Successful treatment with Omalizumab of a child affected by Systemic Mastocytosis: clinical and biological implications.,Ital J Pediatr,2023 Jan 13,Bossi G; Brazzelli V; De Amici M; Pietra D; Raviola C; Naso M; Regalbuto C; Boselli F; Fortina V; Marseglia GL,10.1186/s13052-022-01402-7,MCAS,2023
9834603,PMC9834603,Mixed primary mucinous cystadenocarcinoma and invasive ductal carcinoma of the breast: a case report and literature review.,Transl Cancer Res,2022 Dec,Zuo C; Xie J,10.21037/tcr-22-1596,MCAS,2022
9806352,PMC9806352,Stings on wings: Proteotranscriptomic and biochemical profiling of the lesser banded hornet (Vespa affinis) venom.,Front Mol Biosci,2022,Sunagar K; Khochare S; Jaglan A; Senthil S; Suranse V,10.3389/fmolb.2022.1066793,MCAS,2022
9795958,PMC9795958,A case of annular erythema of infancy accompanied by elevated tryptase.,Pediatr Dermatol,2022 Sep,Kingsley JT; Lee EB; Adams JL,10.1111/pde.15037,MCAS,2022
9784954,PMC9784954,Management of Adult Patients with Gastrointestinal Symptoms from Food Hypersensitivity-Narrative Review.,J Clin Med,2022 Dec 9,Kanikowska A; Janisz S; Mańkowska-Wierzbicka D; Gabryel M; Dobrowolska A; Eder P,10.3390/jcm11247326,MCAS,2022
9763144,PMC9763144,Sugammadex in systemic mastocytosis : Case report and a systematic review of literature.,Anaesthesiologie,2022 Dec,Becerra-Bolaños A; Muiño-Palomar V; Cabrera-Doreste S; Rodríguez-Pérez A,10.1007/s00101-021-01069-5,MCAS,2022
9724157,PMC9724157,Mast cell activation syndrome-anesthetic challenges in two different clinical scenarios.,J Biomed Res,2022 May 28,Lide B; Mcguire S; Liu H; Chandler C,10.7555/JBR.36.20220071,MCAS,2022
9649302,PMC9649302,Systemic Mastocytosis in a Patient with BCR-ABL1-Positive Chronic Myeloid Leukemia in the Remission Phase.,Case Rep Hematol,2022,Fokoloros C; Foukas P; Georgakopoulos N; Tsakiraki Z; Bouchla A; Pappa V; Katoulis A; Makris M; Papageorgiou S,10.1155/2022/7251658,MCAS,2022
9483819,PMC9483819,Lenalidomide-induced autoimmune enteropathy complicating treatment of multiple myeloma with concurrent systemic mastocytosis.,Clin Case Rep,2022 Sep,Lakritz S; Forsberg PA; Sherbenou DW; Mark TM,10.1002/ccr3.6199,MCAS,2022
9410418,PMC9410418,Dermoscopic Features of Different Forms of Cutaneous Mastocytosis: A Systematic Review.,J Clin Med,2022 Aug 9,Sławińska M; Kaszuba A; Lange M; Nowicki RJ; Sobjanek M; Errichetti E,10.3390/jcm11164649,MCAS,2022
9228930,PMC9228930,Connecting the Dots in Emerging Mast Cell Research: Do Factors Affecting Mast Cell Activation Provide a Missing Link between Adverse COVID-19 Outcomes and the Social Determinants of Health?,Med Sci (Basel),2022 May 28,da Silveira Gorman R; Syed IU,10.3390/medsci10020029,MCAS,2022
9092525,PMC9092525,Mastocytosis: Fertility and Pregnancy Management in a Rare Disease.,Front Oncol,2022,Ferrari J; Benvenuti P; Bono E; Fiorelli N; Elena C,10.3389/fonc.2022.874178,MCAS,2022
8947295,PMC8947295,Systemic Mastocytosis Treatment with Midostaurin: [(18)F]FDG PET/CT as a Potential Monitoring Tool for Therapy Outcome.,Diagnostics (Basel),2022 Mar 10,Burgard C; Rosar F; Khreish F; Ezziddin S,10.3390/diagnostics12030680,MCAS,2022
8740000,PMC8740000,Newly Developed Psoriasis in a Patient with Telangiectasia Macularis Eruptiva Perstans and Systemic Mastocytosis Treated with Interferon.,Case Rep Dermatol,2021 Sep-Dec,Péčová T; Burjanivová T; Malicherová B; Péč MJ; Rohoň I; Madleňák M; Adamicová K; Péč J,10.1159/000520533,MCAS,2021
8750954,PMC8750954,Cutaneous mastocytosis in childhood.,Allergol Select,2022,Nemat K; Abraham S,10.5414/ALX02304E,MCAS,2022
8690422,PMC8690422,Quality of life in patients with allergic and immunologic skin diseases: in the eye of the beholder.,Clin Mol Allergy,2021 Dec 20,Di Agosta E; Salvati L; Corazza M; Baiardini I; Ambrogio F; Angileri L; Antonelli E; Belluzzo F; Bonamonte D; Bonzano L; Brancaccio R; Custurone P; De Marco A; Detoraki A; Di Guida A; Di Leo E; Fantò M; Fassio F; Ferrucci SM; Foti C; Gallo R; Gatta A; Guarneri F; Guidolin L; Hansel K; Lamacchia D; Lombardo C; Minciullo PL; Napolitano M; Pannofino A; Paravisi A; Parente R; Passante M; Patruno C; Peroni D; Quecchia C; Schettini N; Spadaro G; Stingeni L; Tarrini D; Tramontana M; Nettis E; Rossi O,10.1186/s12948-021-00165-6,MCAS,2021
8684076,PMC8684076,Adult-onset mast cell activation syndrome following scombroid poisoning: a case report and review of the literature.,J Med Case Rep,2021 Dec 18,Brock I; Eng N; Maitland A,10.1186/s13256-021-03190-w,MCAS,2021
8587177,PMC8587177,Cardiac complications in a patient affected by systemic mastocytosis and primitive myelofibrosis: A case report.,Clin Case Rep,2021 Nov,Suppa M; Marino L; Piccari P; Masselli G; Gradini R,10.1002/ccr3.4972,MCAS,2021
8556140,PMC8556140,The Role of Avapritinib for the Treatment of Systemic Mastocytosis.,Cureus,2021 Sep,Sumbly V; Landry I; Iqbal S; Bhatti Z; Alshamam MS; Ashfaq S; Rizzo V,10.7759/cureus.18385,MCAS,2021
7903504,PMC7903504,Acute Myocardial Infarction in Systemic Mastocytosis: Case Report With Literature Review on the Role of Inflammatory Process in Acute Coronary Syndrome.,Curr Cardiol Rev,2020,Battisha A; Sawalha K; Madoukh B; Sheikh O; Doughem K; Al-Akchar M; Al-Sadawi M; Shaikh S,10.2174/1573403X16666200331123242,MCAS,2020
8533777,PMC8533777,Mastocytosis-A Review of Disease Spectrum with Imaging Correlation.,Cancers (Basel),2021 Oct 12,Elsaiey A; Mahmoud HS; Jensen CT; Klimkowski S; Taher A; Chaudhry H; Morani AC; Wong VK; Salem UI; Palmquist SM; Elsayes KM,10.3390/cancers13205102,MCAS,2021
8467046,PMC8467046,State-of-the-Art on Biomarkers for Anaphylaxis in Obstetrics.,Life (Basel),2021 Aug 24,Simionescu AA; Stanescu AMA; Popescu FD,10.3390/life11090870,MCAS,2021
8425380,PMC8425380,Systemic Mastocytosis: Radiological Point of View.,Mediterr J Hematol Infect Dis,2021,Leone A; Macagnino S; D'Ambra G; Veltri G; Perla D,10.4084/MJHID.2021.056,MCAS,2021
8404676,PMC8404676,A case report of primary cutaneous marginal zone B-cell lymphoma with mastocytosis.,SAGE Open Med Case Rep,2021,Lee HY; Lee JS; Koo DW,10.1177/2050313X211042527,MCAS,2021
8342167,PMC8342167,Utilization of Rituximab for Refractory Rowell Syndrome.,Case Rep Rheumatol,2021,Singh S; Sheffield S; Chowdhury N; Nuthulaganti S; Vaghaiwalla Z; Ramsubeik K,10.1155/2021/2727382,MCAS,2021
8193587,PMC8193587,Safe administration of chemotherapy in mast cell activation syndrome.,J Oncol Pharm Pract,2021 Jun,Lythgoe MP; Krell J; McNeish IA; Tookman L,10.1177/1078155220953879,MCAS,2021
8135458,PMC8135458,Reduced Visual Field Activity Due to Covid-19 in a Patient With a Pituitary Macroadenoma.,J Endocr Soc,2021 May 3,Rosner MN; Aridi RA,10.1210/jendso/bvab048.1237,MCAS,2021
8008611,PMC8008611,"Medical, neurobiological, and psychobehavioral perspectives of mastocytosis: a case report.",J Med Case Rep,2021 Mar 30,Héron A; Papillon V; Dubayle D,10.1186/s13256-021-02757-x,MCAS,2021
8001403,PMC8001403,Response Criteria in Advanced Systemic Mastocytosis: Evolution in the Era of KIT Inhibitors.,Int J Mol Sci,2021 Mar 15,Shomali W; Gotlib J,10.3390/ijms22062983,MCAS,2021
7962052,PMC7962052,Mediator-Related Symptoms and Anaphylaxis in Children with Mastocytosis.,Int J Mol Sci,2021 Mar 7,Brockow K; Plata-Nazar K; Lange M; Nedoszytko B; Niedoszytko M; Valent P,10.3390/ijms22052684,MCAS,2021
7961806,PMC7961806,Real-World Efficacy of Midostaurin in Aggressive Systemic Mastocytosis.,J Clin Med,2021 Mar 7,Szudy-Szczyrek A; Bachanek-Mitura O; Gromek T; Chromik K; Mital A; Szczyrek M; Krupski W; Szumiło J; Kanduła Z; Helbig G; Hus M,10.3390/jcm10051109,MCAS,2021
7962470,PMC7962470,Omalizumab ensures compatibility to bee venom immunotherapy (VIT) after VIT-induced anaphylaxis in a patient with systemic mastocytosis.,Allergol Select,2021,Gülsen A; Ruëff F; Jappe U,10.5414/ALX02196E,MCAS,2021
7898829,PMC7898829,Graft-versus-mastocytosis effect after donor lymphocyte infusion: Proof of principle.,Eur J Haematol,2021 Feb,Hägglund H; Yavuz AS; Dreimane A; Malm C; Sundin A; Sander B; Nilsson G,10.1111/ejh.13528,MCAS,2021
7911219,PMC7911219,Mast Cell Activation Disorders.,Medicina (Kaunas),2021 Jan 30,Giannetti A; Filice E; Caffarelli C; Ricci G; Pession A,10.3390/medicina57020124,MCAS,2021
7873102,PMC7873102,Idiopathic Anaphylaxis: a Perplexing Diagnostic Challenge for Allergists.,Curr Allergy Asthma Rep,2021 Feb 9,Gulen T; Akin C,10.1007/s11882-021-00988-y,MCAS,2021
7869399,PMC7869399,A case of aggressive systemic mastocytosis with bulky lymphadenopathy showing response to midostaurin.,Clin Case Rep,2021 Feb,Sciumè M; Serpenti F; Muratori S; Pravettoni V; Ulivieri FM; Croci GA; Migliorini AC; Esposito A; Goldaniga MC; Saporiti GN; Galassi G; Baldini L; Onida F; Grifoni FI,10.1002/ccr3.3717,MCAS,2021
7813119,PMC7813119,Carbamazepine-induced Stevens-Johnson syndrome in a patient with history of methotrexate-induced mast cell activation syndrome.,Clin Case Rep,2021 Jan,Zaalouk TM; Bitar ZI; Maadarani OS; Elhabibi ME,10.1002/ccr3.3509,MCAS,2021
7688994,PMC7688994,Pancreatic neuroendocrine tumor presenting in indolent systemic mastocytosis: A case report.,Int J Surg Case Rep,2020,Sacco K; Khan TM; Passi M; Hernandez JM; Komarow H,10.1016/j.ijscr.2020.11.028,MCAS,2020
7687689,PMC7687689,CCT: continuous care trial - a randomized controlled trial of the provision of continuous care during labor by maternity care assistants in the Netherlands.,BMC Pregnancy Childbirth,2020 Nov 25,Lettink A; Chaibekava K; Smits L; Langenveld J; van de Laar R; Peeters B; Verstappen ML; Dirksen C; Nieuwenhuijze M; Scheepers H,10.1186/s12884-020-03336-6,MCAS,2020
7649174,PMC7649174,Dermoscopy in Monitoring and Predicting Therapeutic Response in General Dermatology (Non-Tumoral Dermatoses): An Up-To-Date Overview.,Dermatol Ther (Heidelb),2020 Dec,Errichetti E,10.1007/s13555-020-00455-y,MCAS,2020
7646220,PMC7646220,Catching the clinical and biological diversity for an appropriate therapeutic approach in systemic mastocytosis.,Ann Hematol,2021 Feb,Mannelli F,10.1007/s00277-020-04323-9,MCAS,2021
7327752,PMC7327752,Intracranial High-Grade Stenosis and Hyperhomocysteinemia Presenting as Cortical Subarachnoid Hemorrhage Concomitant with Acute Ischemic Stroke in a Young Man.,Am J Case Rep,2020 Jun 24,Qin W; Xie W; Xia M; Zhao RC; Zhang J,10.12659/AJCR.920606,MCAS,2020
7252834,PMC7252834,A Rare Case of Systemic Mastocytosis with Associated Hematologic Neoplasm (SM-AHN) Involving Chronic Myeloid Leukemia: A Case Report and Literature Review.,Am J Case Rep,2020 May 13,Ibrahim FA; Abdulla MAJ; Soliman D; Al Sabbagh A; Nawaz Z; Akiki SJ; Shwaylia H; Yassin MA,10.12659/AJCR.923354,MCAS,2020
7171446,PMC7171446,Systemic Mastocytosis: Following the Tyrosine Kinase Inhibition Roadmap.,Front Pharmacol,2020,Piris-Villaespesa M; Alvarez-Twose I,10.3389/fphar.2020.00443,MCAS,2020
7021538,PMC7021538,Presumed mast cell choroidal infiltrate in aggressive systemic mastocytosis.,Am J Ophthalmol Case Rep,2020 Jun,Tran TM; Najafi M; Ambros T; Pulido JS; Ustun C; Koozekanani D,10.1016/j.ajoc.2020.100614,MCAS,2020
7000442,PMC7000442,Primary cicatricial alopecia associated with systemic indolent mastocytosis.,JAAD Case Rep,2020 Feb,Prasad S; De Souza B; Burns LJ; Senna MM,10.1016/j.jdcr.2019.11.012,MCAS,2020
6886439,PMC6886439,"Proposed diagnostic criteria for classical chronic myelomonocytic leukemia (CMML), CMML variants and pre-CMML conditions.",Haematologica,2019 Oct,Valent P; Orazi A; Savona MR; Patnaik MM; Onida F; van de Loosdrecht AA; Haase D; Haferlach T; Elena C; Pleyer L; Kern W; Pemovska T; Vladimer GI; Schanz J; Keller A; Lübbert M; Lion T; Sotlar K; Reiter A; De Witte T; Pfeilstöcker M; Geissler K; Padron E; Deininger M; Orfao A; Horny HP; Greenberg PL; Arber DA; Malcovati L; Bennett JM,10.3324/haematol.2019.222059,MCAS,2019
6854920,PMC6854920,Highly Aggressive CD4-Positive Mast Cell Leukaemia (Leukaemic Variant) Associated with Isolated Trisomy 19 and Hemophagocytosis by Neoplastic Mast Cells: A Case Report with Challenging Experience and Review.,Case Rep Hematol,2019,Soliman DS; Al-Sabbagh A; Ibrahim F; Gameil A; Yassin M; El-Omri H,10.1155/2019/1805270,MCAS,2019
6851912,PMC6851912,Weird and wonderful ICU cases: Unusual causes of shock.,Qatar Med J,2019,Al-Busaidi M,10.5339/qmj.2019.qccc.53,MCAS,2019
6766258,PMC6766258,Efficacy of Omalizumab in Indolent Systemic Mastocytosis.,Case Rep Hematol,2019,Slapnicar C; Trinkaus M; Hicks L; Vadas P,10.1155/2019/3787586,MCAS,2019
6768441,PMC6768441,Successful treatment of idiopathic mast cell activation syndrome with low-dose Omalizumab.,Clin Transl Immunology,2019,Berry R; Hollingsworth P; Lucas M,10.1002/cti2.1075,MCAS,2019
6756067,PMC6756067,KIT D816 mutated/CBF-negative acute myeloid leukemia: a poor-risk subtype associated with systemic mastocytosis.,Leukemia,2019 May,Jawhar M; Döhner K; Kreil S; Schwaab J; Shoumariyeh K; Meggendorfer M; Span LLF; Fuhrmann S; Naumann N; Horny HP; Sotlar K; Kubuschok B; von Bubnoff N; Spiekermann K; Heuser M; Metzgeroth G; Fabarius A; Klein S; Hofmann WK; Kluin-Nelemans HC; Haferlach T; Döhner H; Cross NCP; Sperr WR; Valent P; Reiter A,10.1038/s41375-018-0346-z,MCAS,2019
6743404,PMC6743404,Dermatoscopy of Urticaria Pigmentosa with and without Darier's Sign in Skin of Colour.,Indian Dermatol Online J,2019 Sep-Oct,Nirmal B; Krishnaram AS; Muthu Y; Rajagopal P,10.4103/idoj.IDOJ_501_18,MCAS,2019
6472224,PMC6472224,Study of Middle Cerebral Artery in Human Cadaveric Brain.,Ann Indian Acad Neurol,2019 Apr-Jun,Gunnal SA; Farooqui MS; Wabale RN,10.4103/0972-2327.144289,MCAS,2019
6387409,PMC6387409,Bone Marrow Mast Cell Antibody-Targetable Cell Surface Protein Expression Profiles in Systemic Mastocytosis.,Int J Mol Sci,2019 Jan 28,Dasilva-Freire N; Mayado A; Teodosio C; Jara-Acevedo M; Álvarez-Twose I; Matito A; Sánchez-Muñoz L; Caldas C; Henriques A; Muñoz-González JI; García-Montero AC; Sánchez-Gallego JI; Escribano L; Orfao A,10.3390/ijms20030552,MCAS,2019
6380077,PMC6380077,Arterio-venous fistula-expanding role for venous access in mastocytosis patients.,J Surg Case Rep,2019 Feb,Beh HN; Sieunarine K,10.1093/jscr/rjz053,MCAS,2019
6250909,PMC6250909,Radiotherapy for breast cancer associated with a cutaneous presentation of systemic mastocytosis-a case report and literature review.,J Surg Case Rep,2018 Nov,Easwaralingam N; Wu Y; Cheung D; Tiver K; Fuller S; Edirimanne S,10.1093/jscr/rjy317,MCAS,2018
6220989,PMC6220989,"Low frequency of acetyl salicylic acid hypersensitivity in mastocytosis: The results of a double-blind, placebo-controlled challenge study.",Allergy,2018 Oct,Hermans MAW; van der Vet SQA; van Hagen PM; van Wijk RG; van Daele PLA,10.1111/all.13445,MCAS,2018
6159113,PMC6159113,Two cases of mimics of bone metastasis in breast cancer.,BJR Case Rep,2018,Tin AW; Hardman J; Naisby G,10.1259/bjrcr.20170091,MCAS,2018
6147426,PMC6147426,Anisakis sensitization in different population groups and public health impact: A systematic review.,PLoS One,2018,Mazzucco W; Raia DD; Marotta C; Costa A; Ferrantelli V; Vitale F; Casuccio A,10.1371/journal.pone.0203671,MCAS,2018
6157556,PMC6157556,Mast cell deposition and activation may be a new explanation for epiploic appendagitis.,BMJ Case Rep,2018 Sep 23,Weinstock LB; Kaleem Z; Selby D; Afrin LB,10.1136/bcr-2018-224689,MCAS,2018
6132108,PMC6132108,Diffuse cutaneous mastocytosis with novel somatic KIT mutation K509I and association with tuberous sclerosis.,Clin Case Rep,2018 Sep,Otani IM; Carroll RW; Yager P; Kroshinsky D; Murphy S; Hornick JL; Akin C; Castells M; Walter JE,10.1002/ccr3.1607,MCAS,2018
6057401,PMC6057401,Aggressive Systemic Mastocytosis in Association with Pure Red Cell Aplasia.,Case Rep Hematol,2018,Karam D; Swiatkowski S; Ravipati M; Agrawal B,10.1155/2018/6928571,MCAS,2018
6002427,PMC6002427,Mastocytosis: from a Molecular Point of View.,Clin Rev Allergy Immunol,2018 Jun,Komi DEA; Rambasek T; Wöhrl S,10.1007/s12016-017-8619-2,MCAS,2018
5987329,PMC5987329,Management of a Parturient with Mast Cell Activation Syndrome: An Anesthesiologist's Experience.,Case Rep Anesthesiol,2018,Kumaraswami S; Farkas G,10.1155/2018/8920921,MCAS,2018
5946163,PMC5946163,Case Report: Treatment of systemic mastocytosis with sunitinib.,F1000Res,2017,Molderings GJ; Afrin LB; Hertfelder HJ; Brettner S,10.12688/f1000research.13343.1,MCAS,2017
5881244,PMC5881244,Idiopathic Mast Cell Activation Syndrome With Associated Salicylate Intolerance.,Front Pediatr,2018,Rechenauer T; Raithel M; Götze T; Siebenlist G; Rückel A; Baenkler HW; Hartmann A; Haller F; Hoerning A,10.3389/fped.2018.00073,MCAS,2018
5727626,PMC5727626,Myelodysplasia and Mast Cell Leukemia with t(9;22).,Case Rep Oncol Med,2017,Lago KJ; Shupe MP; Hannah WN; Velagaleti GVN; Mendiola C; Ortega V; Haney BR,10.1155/2017/9249302,MCAS,2017
5739150,PMC5739150,"Clinical and molecular categorization of progressive, adult-onset cutaneous mastocytosis.",JAAD Case Rep,2018 Jan,Tate C; Tang F; Lane SW; Seymour L,10.1016/j.jdcr.2017.09.038,MCAS,2018
5715414,PMC5715414,Multiple large osteolytic lesions in a patient with systemic mastocytosis: a challenging diagnosis.,Clin Case Rep,2017 Dec,Bonifacio M; Zanotti R; Guardalben E; Mimiola E; Scognamiglio F; Perbellini O; De Matteis G; Escribano L; Bonadonna P; Grigolato D; Bissoli S; Parisi A; Zamò A; Ambrosetti A; Rossini M,10.1002/ccr3.1232,MCAS,2017
5637574,PMC5637574,Systemic Mastocytosis in Association with Small Lymphocytic Lymphoma.,Am J Case Rep,2017 Oct 3,Iqbal MF; Soriano PMK; Nagendra S; Sana S,10.12659/ajcr.905759,MCAS,2017
5640882,PMC5640882,Mucinous Cystadenoma: A Rare Hepatic Tumor in a Child.,Front Pediatr,2017,Ferraguti DA; McGetrick M; Zendejas I; Hernandez-Gonzalo D; Gonzalez-Peralta R,10.3389/fped.2017.00215,MCAS,2017
5620310,PMC5620310,Imatinib in systemic mastocytosis: a phase IV clinical trial in patients lacking exon 17 KIT mutations and review of the literature.,Oncotarget,2017 Sep 15,Alvarez-Twose I; Matito A; Morgado JM; Sánchez-Muñoz L; Jara-Acevedo M; García-Montero A; Mayado A; Caldas C; Teodósio C; Muñoz-González JI; Mollejo M; Escribano L; Orfao A,10.18632/oncotarget.10711,MCAS,2017
5589409,PMC5589409,Fatal Anaphylaxis: Mortality Rate and Risk Factors.,J Allergy Clin Immunol Pract,2017 Sep-Oct,Turner PJ; Jerschow E; Umasunthar T; Lin R; Campbell DE; Boyle RJ,10.1016/j.jaip.2017.06.031,MCAS,2017
5467965,PMC5467965,Angioedema: Perioperative management.,SAGE Open Med Case Rep,2017,Maynard AA; Burger CF; Schlesinger JJ,10.1177/2050313X17713912,MCAS,2017
5428180,PMC5428180,Acute Myeloid Leukemia With Inv(16)(p13q22) Associated With Hidden Systemic Mastocytosis: Case Report and Review of Literature.,Clin Med Insights Blood Disord,2017,Hilmi FAI; Al-Sabbagh A; Soliman DS; Sabah HA; Ismail OM; Yassin M; El-Omri H,10.1177/1179545X17700858,MCAS,2017
5451335,PMC5451335,The clinical and molecular diversity of mast cell leukemia with or without associated hematologic neoplasm.,Haematologica,2017 Jun,Jawhar M; Schwaab J; Meggendorfer M; Naumann N; Horny HP; Sotlar K; Haferlach T; Schmitt K; Fabarius A; Valent P; Hofmann WK; Cross NCP; Metzgeroth G; Reiter A,10.3324/haematol.2017.163964,MCAS,2017
5419203,PMC5419203,Morphologic Confounders and CD19 Negativity in a Case of Hairy Cell Leukemia.,Mediterr J Hematol Infect Dis,2017,Rastogi P; Sreedharanunni S; Yanamandra U; Sachdeva MUS; Varma N,10.4084/MJHID.2017.033,MCAS,2017
5402659,PMC5402659,Continuous diphenhydramine infusion and imatinib for KIT-D816V-negative mast cell activation syndrome: a case report.,J Med Case Rep,2017 Apr 24,Malik F; Ali N; Jafri SIM; Ghani A; Hamid M; Boigon M; Fidler C,10.1186/s13256-017-1278-3,MCAS,2017
5402055,PMC5402055,Systemic mastocytosis with KIT V560G mutation presenting as recurrent episodes of vascular collapse: response to disodium cromoglycate and disease outcome.,Allergy Asthma Clin Immunol,2017,Conde-Fernandes I; Sampaio R; Moreno F; Palla-Garcia J; Teixeira MDA; Freitas I; Neves E; Jara-Acevedo M; Escribano L; Lima M,10.1186/s13223-017-0193-x,MCAS,2017
5323235,PMC5323235,Mast cell sarcoma: new cases and literature review.,Oncotarget,2016 Oct 4,Monnier J; Georgin-Lavialle S; Canioni D; Lhermitte L; Soussan M; Arock M; Bruneau J; Dubreuil P; Bodemer C; Chandesris MO; Lortholary O; Hermine O; Damaj G,10.18632/oncotarget.11812,MCAS,2016
5340655,PMC5340655,Systemic Mastocytosis Complicated by Non-Cirrhotic Portal Hypertension and Variceal Bleeding.,ACG Case Rep J,2017,McCarty TR; Hung A; Mohanty A; Allen JI,10.14309/crj.2017.30,MCAS,2017
5311425,PMC5311425,Intertriginous maculopapular mastocytosis in a patient with acute myeloid leukemia.,JAAD Case Rep,2017 Jan,Herrero-Moyano M; Capusan TM; Pérez-Plaza A; Godoy A; Sánchez-Perez J,10.1016/j.jdcr.2016.11.004,MCAS,2017
5209625,PMC5209625,IgE-Related Chronic Diseases and Anti-IgE-Based Treatments.,J Immunol Res,2016,Navinés-Ferrer A; Serrano-Candelas E; Molina-Molina GJ; Martín M,10.1155/2016/8163803,MCAS,2016
5121168,PMC5121168,"Mast Cell Clonal Disorders: Classification, Diagnosis and Management.",Curr Treat Options Allergy,2016,Onnes MC; Tanno LK; Elberink JN,10.1007/s40521-016-0103-3,MCAS,2016
5123301,PMC5123301,4th Pediatric Allergy and Asthma Meeting (PAAM).,Clin Transl Allergy,2016,Yavuz ST; Koc O; Gungor A; Gok F; Hawley J; O’Brien C; Thomas M; Brodlie M; Michaelis L; Mota I; Gaspar Â; Piedade S; Sampaio G; Dias JG; Paiva M; Morais-Almeida M; Madureira C; Lopes T; Lopes S; Almeida F; Sequeira A; Carvalho F; Oliveira J; Gay-Crosier F; Nenciu IV; Nita AF; Ulmeanu A; Oraseanu D; Zapucioiu C; Machinena A; Sánchez OD; Lozano MA; Feijoo RJ; Blasco JL; Gibert MP; Muñoz MªTG; da Costa MD; Martín AMP; Yilmaz EA; Cavkaytar Ö; Buyuktiryaki B; Soyer O; Sackesen C; Netting M; El-Merhibi A; Gold M; Quinn P; Penttila I; Makrides M; Giavi S; Muraro A; Lauener R; Mercenier A; Bersuch E; Montagner IM; Passioti M; Celegato N; Summermatter S; Nutten S; Bourdeau T; Vissers YM; Papadopoulos NG; van der Kleij H; Warmenhoven H; van Ree R; Pieters R; Opstelten DJ; van Schijndel H; Smit J; Fitzsimons R; Timms V; Du Toit G; Kaya G; Gulec M; Saldir M; Sener O; Hassan N; Shaaban H; El-Hariri H; Mahfouz AKIE; Gabor P; Gabor B; Csaba K; Chawes B; Bønnelykke K; Stokholm J; Heickendorff L; Brix S; Rasmussen M; Bisgaard H; Hallas HW; Arianto L; Pincus M; Keil T; Reich A; Wahn U; Lau S; Grabenhenrich L; Fagerstedt S; Hesla HM; Johansson E; Rosenlund H; Mie A; Scheynius A; Alm J; Esparza-Gordillo J; Matanovic A; Marenholz I; Bauerfeind A; Rohde K; Nemat K; Lee-Kirsch MA; Nordenskjöld M; Winge MCG; Krüger R; Beyer K; Kalb B; Niggemann B; Hübner N; Cordell HJ; Bradley M; Lee YA; Gough H; Schramm D; Beschorner J; Schuster A; Bauer CP; Forster J; Zepp F; Bergmann R; Bergmann K; Garcia FB; Santos N; Pité H; Papadopoulou A; Mermiri D; Xatziagorou E; Tsanakas I; Lampidi S; Priftis K; Fuertes E; Markevych I; Bowatte G; Gruzieva O; Gehring U; Becker A; Berdel D; Brauer M; Carlsten C; Hoffmann B; Kozyrskyj A; Lodge C; Pershagen G; Wijga A; Joachim H; Zivkovic Z; Djuric-Filipovic I; Jocić-Stevanovic J; Zivanovic S; Taka S; Kokkinou D; Papakonstantinou A; Stefanopoulou P; Georgountzou A; Maggina P; Stamataki S; Papaevanggelou V; Andreakos E; Gibert MP; Spera AM; Deliu M; Belgrave D; Simpson A; Custovic A; Marques JG; Carreiro-Martins P; Belo J; Serranho S; Peralta I; Neuparth N; Leiria-Pinto P; Vazquez-Ortiz M; Pascal M; Plaza AM; Juan M; Paparo L; Nocerino R; Aitoro R; Langella I; Amoroso A; Amoroso A; Di Scala C; Berni Canani R; Maity S; Rotiroti G; Gandhi M; Jonsson K; Ljung A; Hesselmar B; Adlerbert I; Brekke H; Johansen S; Wold A; Sandberg AS; Nordlund B; Lundholm C; Ullemar V; van Hage M; Örtqvist A; Almqvist C; Selby A; Grimshaw K; Clausen M; Dubakiene R; Fiocchi A; Kowalski M; Papadopoulos N; Reche M; Sigurdardottir S; Sprikkleman A; Xepapadaki P; Mills C; Roberts G; Neto HJC; Wandalsen GF; Bianca ACD; Aranda C; Rosário NA; Solé D; Mallol J; Marcos LG; Banic I; Rijavec M; Plavec D; Korosec P; Turkalj M; Bozicevic A; De Mieri M; Hamburger M; Holley S; Morris R; Mitchell F; Knibb R; Latter S; Liossi C; Hassan MMM; Barman M; Sandin A; Posa D; Perna S; Hoffmann U; Chen KW; Resch Y; Vrtala S; Valenta R; Matricardi PM; Tsilochristou O; Rohrbach A; Cappella A; Hofmaier S; Hatzler L; D’Amelio R; Björkander S; Johansson MA; Lasaviciute G; Sverremark-Ekström E; Rüschendorf F; Strachan DP; Spycher BD; Baurecht H; Margaritte-Jeannin P; Sääf A; Kerkhof M; Ege M; Baltic S; Matheson MC; Li J; Michel S; Ang WQ; McArdle W; Arnold A; Homuth G; Demenais F; Bouzigon E; Söderhäll C; de Jongste JC; Postma DS; Braun-Fahrländer C; Horak E; Ogorodova LM; Puzyrev VP; Bragina EY; Hudson TJ; Morin C; Duffy DL; Marks GB; Robertson CF; Montgomery GW; Musk B; Thompson PJ; Martin NG; James A; Sleiman P; Toskala E; Rodriguez E; Fölster-Holst R; Franke A; Lieb W; Gieger C; Heinzmann A; Rietschel E; Cichon S; Nöthen MM; Pennell CE; Sly PD; Schmidt CO; Schneider V; Heinig M; Holt PG; Kabesch M; Weidinger S; Hakonarson H; Ferreira MAR; Laprise C; Freidin MB; Genuneit J; Koppelman GH; Melén E; Dizier MH; John Henderson A; Lee YA; González-Delgado P; Caparrós E; Clemente F; Cueva B; Moreno VM; Carretero JL; Fernández J; Swan K; Gopi M; Smith T; Ramesh E; Sadasivam A; Arêde C; Borrego LM; Pires G; Santa-Marta C; Brand S; Stein K; Heine H; Kauth M; Rolfsjord LB; Bakkeheim E; Skjerven HO; Carlsen KH; Hunderi JO; Berents TL; Mowinckel P; Lødrup Carlsen KC; Munzel U; Berger W; Valiente R; the Bilastine Pediatric Safety Study Group; Vozmediano V; Lukas JC; Rodríguez M; Guarnaccia S; Vitale L; Pluda A; D’Agata E; Colombo D; Felici S; Gretter V; Facchetti S; Pecorelli G; Quecchia C; Guibas G; Spandou E; Megremis S; West P; Papadopoulos N; Rufo JC; Madureira J; Paciência I; Aguiar L; Padrão P; Pinto M; Delgado L; Moreira P; Teixeira JP; Fernandes EO; Moreira A; Dominguez AI; Valero A; Mullol J; Del Cuvillo A; Montoro J; Jauregui I; Bartra J; Davila I; Ferrer M; Sastre J; Martins C; Lima J; Leandro MJ; Nunes G; Branco JC; Trindade H; Borrego LM; Conkar S; Kilic M; Aygun C; Sancak R; Tagalaki E; Banos L; Vlachou A; Giannoula F; Pavlakou M; Kryoni M; Makris K; Lazova S; Petrova G; Miteva D; Perenovska P; Klyucharova A; Skorohodkina O; Koumaki D; Manousaki A; Agrapidi M; Iatridou L; Eruk O; Myridakis K; Manousakis E; Koumaki V; Dimou M; Ingemansson M; Hedlin G; Pastor N; de Boissieu D; Vanderhoof J; Moore N; Maditz K; Mehdi A; Elhassan S; Beck C; Al-Hammadi A; Maris I; O’Sullivan R; Hourihane J; Raptis G; DunnGalvin A; Greenhawt M; Venter C; O’Regan E; Cronin D; O’Reilly A; Abdelaziz F; Khelifi-Touhami D; Selim N; Khelifi-Touhami T; Merida P; Plaza AMª; Castellanos JH; Lozano J; Dominguez O; Piquer M; Jimenez R; Giner MªT; Kakleas K; Joishy M; Maskele W; Jenkins HR; Escarrer M; Madroñero A; Guerra MT; Julia JC; Cerda JC; Contreras J; Tauler E; Vidorreta MJ; Rojo A; Del Valle S; Flynn N; Foley G; Harmon C; Fitzsimons J; Baynova K; Del Robledo ÁM; Marina L; Cortes A; Sciaraffia A; Castillo A; Juel-Berg N; Hansen KS; Poulsen LK; Lazar A; Aguiar R; Lopes A; Paes MJ; Santos AS; Pereira-Barbosa MA; Eke Gungor H; Uytun S; Sahiner UM; Altuner Torun Y; Zivanovic M; Atanasković-Marković M; Vesel T; Nahtigal M; Obermayer-Temlin A; Križnik EŠ; Maslar M; Bizjak R; Tomšič-Matic M; Posega-Devetak S; Skerbinjek-Kavalar M; Predalič M; Avčin T; Pouessel G; Beaudouin E; Moneret-Vautrin AM; Deschildre A; Allergy Vigilance Network; Viñas M; Borja B; Hernández N; Castillo MªJ; Izquierdo A; Ibero M; Kocabas CN; Heming C; Garrett E; Blackstock A; Chodhari R; Belohlavkova S; Kopelentova E; Visek P; Setinova I; Svarcova I; Sjölander S; Nilsson N; Berthold M; Ekoff H; Borres M; Nilsson C; González Domínguez L; Muñoz Archidona C; Moreira Jorge A; Quevedo Teruel S; Bracamonte Bermejo T; Castillo Fernández M; Pineda de la Losa F; Echeverría Zudaire LÁ; Vrani O; Mavroudi A; Fotoulaki M; Emporiadou M; Spiroglou K; Xinias I; Sadreddini HA; Warnes M; Traves D; Kostić G; Filipovic Đ; Sittisomwong S; Sittisomwong S; Podolec Z; Hartel M; Panek D; Podolec-Rubiś M; Banasik T; Abbasi E; Moghtaderi M; Sanneerappa P; Deliu A; Kutty M; Ramesh N; Sherkat R; Sabri MR; Dehghan B; Bigdelian H; Raeesi N; Afshar M; Rahimi H; Klein C; Al-Jebouri M; Svitich OA; Zubacheva DO; Potemkin DA; Gankovskaya LV; Zverev VV; OB Doyle E; Gallagher P; Dewlett S; Man K; Pocock J; Gerrardhughes A; Wasilewska J; Kaczmarski M; Lebensztejn D; Thuraisingham C; Sinniah D; Chen Y; Mei X; Ozdogan S; Karadeniz P; Ayyildiz-Emecen D; Oncul U; Sari G; Cavdar S; Farzan N; Vijverberg SJ; Palmer CJ; Tantisira KG; Maitland-van der Zee AH; on behalf of the PiCA consortium; Yavuzyilmaz F; Urganci N; Usta M; Hoxha M; Basho M; Wandalsen GF; Monteiro F; Lame B; Mesonjesi E; Sherri A; Ibranji A; Gjati L; Loloci G; Bardhi A; Moghtaderi B; Farjadian S; Eghtedari D; Olaya M; Del Mar Vasquez L; Ramirez LF; Serrano CD; Usta Guc B; Asilsoy S; Ozer F; Shopova S; Papochieva V; Loekmanwidjaja J; Mallozi M; Ratner P; Soteres D; Novák Z; Yáñez A; Ildikó K; Kuna P; Tortajada M; Valiente R; Feuerhahn J; Blome C; Hadler M; Karagiannis E; Langenbruch A; Augustin M; Roux M; Kakudo S; Zeldin RK; Sokolova A; Silva TM; Zivanovic SS; Cvetkovic V; Nikolic I; Zivanovic SJ; Saranac L; Nesterenko Z; Radic S; Milenkovic B; Smiljanic S; Micic-Stanijevic M; Calovic O; Hofbauer AMB; Agertoft L; Everson L; Kearney J; Coppel J; Braithwaite S; Christiansen ES; Kjaer HF; Eller E; Mørtz CG; Halken S; Román India C; Jiménez Jiménez J; Echeverría Zudaire L; O’Connor C; Kanti V; Lünnemann L; Malise G; Ludriksone L; Stroux A; Henrich W; Abu-Dakn M; Blume-Peytavi U; Garcia Bartels N; Schario M; Stanley T; Brandenbarg N; Boardman A; McGreevy G; Rodger E; Knight K; Taylor T; Scanlan G; Christoph G; van Stuivenberg M; Mosca F; Moro G; Chirico G; Braegger CP; Riedler J; Yavuz Y; Boehm G; Arasi S; Crisafulli G; Caminiti L; Porcaro F; Pajno GB; Tanaka A; Togawa Y; Oida K; Kambe N; Arkwright P; Amagai Y; Shimojo N; Sato Y; Mochizuki H; Jang H; Ishizaka S; Matsuda H; Barlianto W; Olivianto E; Chandra Kusuma HMS; Mollica M; Trinchese G; Alfano E; Amato F; Pirozzi C; Calignano A; Meli R; Rossberg S; Gerhold K; Zimmermann K; Zaino M; Geske T; Hamelmann E; Bogovic S; van den Berg J; Janssen C; Claver A; Martin-Muñoz MªF; Martorell C; Belver MT; Alonso Lebrero E; Zapatero L; Fuentes V; Piqué M; Plaza A; Muñoz C; Blasco C; Villa B; Gómez C; Nevot S; García JM; Echeverria L; DeWitt B; Holloway J; Hodge D; Ludman S; Jafari-Mamaghani M; Ebling R; Fox AT; Lack G; Lovén Björkman S; Ballardini N; Basu S; Hallet J; Srinivas J; Stringer H; Jay N; Fonseca P; Vieira C; Mastrorilli C; Caffarelli C; Asero R; Tripodi S; Dondi A; Ricci G; Povesi Dascola C; Calamelli E; Cipriani F; Di Rienzo Businco A; Bianchi A; Candelotti P; Frediani T; Verga C; Korovessi P; Tiliakou S; Tavoulari E; Moraiti KM; Tee WJ; Deiratany S; Seedhoo R; McNamara R; Okafor I; Khaleva E; Novic G; Bychkova N; Abd Al-Aziz A; Fatouh A; Motawie A; Bostany EE; Ibrahim A; Andonova S; Savov A; Zoto M; Kyriakakou M; Vassilopoulou M; Balaska A; Kostaridou S; Wartna J; Bohnen AM; Elshout G; Pols DHJ; Bindels PJE; Seys SF; Dilissen E; Van der Eycken S; Schelpe AS; Marijsse G; Troosters T; Vanbelle V; Aertgeerts S; Ceuppens JL; Dupont LJ; Peers K; Bullens DM; Lokas SB; Zivkovic J; Nogalo B; Kobal IM; Oliveira G; Pike K; Melo A; Amélia T; Cidrais Rodrigues JC; Serrano C; Lopes dos Santos JM; Lopes C; Schauer U; Bergmann KC; Moral L; Toral T; Marco N; Avilés BG; Fuentes MªJ; Garde J; Montahud C; Perona J; Forniés MªJ; Arroabarren E; Anda M; Sanz ML; Lizaso MT; Arregui C; May S; Hartz M; Joshi A; Park MA; Posega Devetak S; Koren Jeverica A; Castro L; Gouveia C; Marques AC; Cabral AJ; Amaral L; Carolino F; Castro E; Passos M; Cernadas JR; Amaral L; Dias de Castro E; Pineda F; Gomes A; Brough H; Röhmel J; Schwarz C; Mehl A; Stock P; Staab D; Seib C; Critchlow A; Barber A; Delavalle B; Garriga T; Vilá B; Astolfi A; Di Chiara C; Neri I; Patrizi A; Neskorodova K; Kudryavtseva A; Alvarez J; Palacios M; Martinez-Merino M; Vaquero I,10.1186/s13601-016-0117-8,MCAS,2016
5126489,PMC5126489,Systemic Mastocytosis Causing Refractory Pruritus in a Liver Disease Patient.,ACG Case Rep J,2016 Aug,Addepally NS; Klair JS; Girotra M; Jones J; Aduli F,10.14309/crj.2016.125,MCAS,2016
5112577,PMC5112577,Advances in the understanding and clinical management of mastocytosis and clonal mast cell activation syndromes.,F1000Res,2016,González-de-Olano D; Matito A; Orfao A; Escribano L,10.12688/f1000research.9565.1,MCAS,2016
5097803,PMC5097803,A Dog Is a Doctor's Best Friend: The Use of a Service Dog as a Perioperative Assistant.,Case Rep Pediatr,2016,Tew S; Taicher BM,10.1155/2016/9013520,MCAS,2016
5062667,PMC5062667,Ileal Pouch Biopsy Triggers Investigation and Diagnosis of Systemic Mastocytosis.,ACG Case Rep J,2016 Aug,Mannan AA; Shen B; Hsieh F; Patil DT,10.14309/crj.2016.67,MCAS,2016
5064901,PMC5064901,"A unique presentation of pulmonary disease in advanced systemic mastocytosis, proven by the presence of mast cells in bronchoalveolar lavage: a case report.",J Med Case Rep,2016 Oct 13,Hermans MA; Broijl A; van Daele PL,10.1186/s13256-016-1066-5,MCAS,2016
5014939,PMC5014939,FLAIR Hyperintense Vessel Sign of Both MCAs with Severe Heart Failure.,Case Rep Neurol Med,2016,Kim D; Lee SY; Seo KD,10.1155/2016/5169056,MCAS,2016
5014931,PMC5014931,"A 26-Year-Old Female with Systemic Mastocytosis with Associated Myeloid Neoplasm with Eosinophilia and Abnormalities of PDGFRB, t(4;5)(q21;q33).",Case Rep Hematol,2016,Brown LE; Zhang D; Persons DL; Yacoub A; Ponnala S; Cui W,10.1155/2016/4158567,MCAS,2016
4998476,PMC4998476,Mastocytosis among elderly patients: A multicenter retrospective French study on 53 patients.,Medicine (Baltimore),2016 Jun,Rouet A; Aouba A; Damaj G; Soucié E; Hanssens K; Chandesris MO; Livideanu CB; Dutertre M; Durieu I; Grandpeix-Guyodo C; Barète S; Bachmeyer C; Soria A; Frenzel L; Fain O; Grosbois B; de Gennes C; Hamidou M; Arlet JB; Launay D; Lavigne C; Arock M; Lortholary O; Dubreuil P; Hermine O; Georgin-Lavialle S,10.1097/MD.0000000000003901,MCAS,2016
4945533,PMC4945533,Chronic intractable diarrhea caused by gastrointestinal mastocytosis.,Intest Res,2016 Jul,Seo H; Park SH; Byeon JS; Woo CG; Hong SM; Chang K; So H; Kwak M; Kim WS; Lee JM; Yang DH; Kim KJ; Ye BD; Myung SJ; Yang SK,10.5217/ir.2016.14.3.280,MCAS,2016
4903110,PMC4903110,Pharmacological treatment options for mast cell activation disease.,Naunyn Schmiedebergs Arch Pharmacol,2016 Jul,Molderings GJ; Haenisch B; Brettner S; Homann J; Menzen M; Dumoulin FL; Panse J; Butterfield J; Afrin LB,10.1007/s00210-016-1247-1,MCAS,2016
4884845,PMC4884845,Systemic Mastocytosis with Smoldering Multiple Myeloma: Report of a Case.,Case Rep Oncol Med,2016,Ghanem S; Garcia G; Ying L; Hurford M; Odaimi M,10.1155/2016/3161768,MCAS,2016
4856249,PMC4856249,A child with mastocytosis and lymphomatoid papulosis.,Clin Case Rep,2016 May,Lange HJ; Agertoft L; Møller MB; Clemmensen O; Kristensen T; Vestergaard H; Mørtz CG; Bindslev-Jensen C; Broesby-Olsen S; Mastocytosis Centre Odense University Hospital (MastOUH),10.1002/ccr3.551,MCAS,2016
4852953,PMC4852953,Osteoporotic spinal burst fracture in a young adult as first presentation of systemic mastocytosis.,J Surg Case Rep,2016 May 2,Ble C; Tsitsopoulos PP; Anestis DM; Hadjileontiadou S; Koletsa T; Papaioannou M; Tsonidis C,10.1093/jscr/rjw063,MCAS,2016
4771862,PMC4771862,Systemic mastocytosis presenting as cardiac tamponade with CD25(+) pericardial mast cells.,Clin Case Rep,2016 Mar,Sukrithan VK; Salamon JN; Berulava G; Sibinga NE; Verma A,10.1002/ccr3.505,MCAS,2016
4727661,PMC4727661,Compressive myelopathy caused by isolated epidural myeloid sarcoma with systemic mastocytosis: Rare presentation of a hematological malignancy.,Neurosciences (Riyadh),2014 Jul,Kurian CJ; Madhavan I; Krishnankutty PK; Andrews MA,,MCAS,2014
4721669,PMC4721669,Pregnancy and Delivery in Patients with Mastocytosis Treated at the Polish Center of the European Competence Network on Mastocytosis (ECNM).,PLoS One,2016,Ciach K; Niedoszytko M; Abacjew-Chmylko A; Pabin I; Adamski P; Leszczynska K; Preis K; Olszewska H; Wydra DG; Hansdorfer-Korzon R,10.1371/journal.pone.0146924,MCAS,2016
4616764,PMC4616764,A French National Survey on Clotting Disorders in Mastocytosis.,Medicine (Baltimore),2015 Oct,Carvalhosa AB; Aouba A; Damaj G; Canioni D; Brouzes C; Gyan E; Durupt S; Durieu I; Cathebras P; Costédoat-Chalumeau N; Launay D; Pilmis B; Barete S; Frenzel L; Lortholary O; Hermine O; Hermans C; Chandesris MO,10.1097/MD.0000000000001414,MCAS,2015
4478337,PMC4478337,A Case of Intestinal Mastocytosis Misdiagnosed as Crohn's Disease.,Case Rep Gastroenterol,2015 May-Aug,Reggiani S; Cosso L; Adriani A; Pantaleoni S; Risso A; Vittone F; Chiusa L; Sapone N; Astegiano M,10.1159/000430946,MCAS,2015
4453286,PMC4453286,Critical care management of systemic mastocytosis: when every wasp is a killer bee.,Crit Care,2015 Jun 3,van der Weide HY; van Westerloo DJ; van den Bergh WM,10.1186/s13054-015-0956-z,MCAS,2015
4370013,PMC4370013,Hyperpigmented cutaneous lesions that flare-up with scratching: Darier's sign.,Oxf Med Case Reports,2015 Feb,Cuervo-Pardo LB; Gonzalez-Estrada A; Ruiz SJ; Pien LC,10.1093/omcr/omv004,MCAS,2015
4369969,PMC4369969,Moyamoya disease in a patient with neuromyelitis optica.,Oxf Med Case Reports,2014 Apr,Chan NH; Ip VH; Au L; Siu D; Leung T; Xiong L; Wong KS,10.1093/omcr/omu006,MCAS,2014
4338389,PMC4338389,Serum total tryptase level confirms itself as a more reliable marker of mast cells burden in mast cell leukaemia (aleukaemic variant).,Case Rep Hematol,2015,Savini P; Rondoni M; Poletti G; Lanzi A; Quercia O; Soverini S; De Benedittis C; Musardo G; Martinelli G; Stefanini GF,10.1155/2015/737302,MCAS,2015
4324745,PMC4324745,Cutaneous and gastrointestinal symptoms in two patients with systemic mastocytosis successfully treated with omalizumab.,Case Rep Med,2015,Lieberoth S; Thomsen SF,10.1155/2015/903541,MCAS,2015
4304775,PMC4304775,Anaphylactic reaction to platelet transfusion as the initial symptom of an undiagnosed systemic mastocytosis: a case report and review of the literature.,J Med Case Rep,2014 Nov 26,Blieden CR; Campuzano-Zuluaga G; Moul A; Chapman JR; Cioffi-Lavina M; Ikpatt OF; Byrne GE Jr; Vega F,10.1186/1752-1947-8-389,MCAS,2014
4238232,PMC4238232,An adult patient with systemic mastocytosis and B-acute lymphoblastic leukemia.,Case Rep Med,2014,Iliakis T; Rougkala N; Diamantopoulos PT; Papadopoulou V; Kalala F; Zervakis K; Giannakopoulou N; Chatzinikolaou P; Levidou G; Lakiotaki E; Korkolopoulou P; Patsouris E; Variami E; Viniou NA,10.1155/2014/526129,MCAS,2014
4211494,PMC4211494,Telangiectasia macularis eruptiva perstans: more than skin deep.,Dermatol Reports,2011 Jan 31,Watkins CE; Bokor WB; Leicht S; Youngberg G; Krishnaswamy G,10.4081/dr.2011.e12,MCAS,2011
4208443,PMC4208443,Systemic mastocytosis: a rare case of increased liver stiffness.,Case Reports Hepatol,2012,Adolf S; Millonig G; Seitz HK; Reiter A; Schirmacher P; Longerich T; Mueller S,10.1155/2012/728172,MCAS,2012
4198120,PMC4198120,The clinical impact of chromosomal microarray on paediatric care in Hong Kong.,PLoS One,2014,Tao VQ; Chan KY; Chu YW; Mok GT; Tan TY; Yang W; Lee SL; Tang WF; Tso WW; Lau ET; Kan AS; Tang MH; Lau YL; Chung BH,10.1371/journal.pone.0109629,MCAS,2014
4035675,PMC4035675,Bullous mastocytosis mimicking congenital epidermolysis bullosa.,Case Rep Dermatol,2014 May,Salas-Alanis JC; Rosales-Mendoza CE; Ocampo-Candiani J,10.1159/000362755,MCAS,2014
4033021,PMC4033021,Mast cell-mediated and associated disorders in pregnancy: a risky game with an uncertain outcome?,Front Immunol,2014,Woidacki K; Zenclussen AC; Siebenhaar F,10.3389/fimmu.2014.00231,MCAS,2014
3923619,PMC3923619,"Omalizumab, an anti-immunoglobulin E antibody: state of the art.",Drug Des Devel Ther,2014,Incorvaia C; Mauro M; Russello M; Formigoni C; Riario-Sforza GG; Ridolo E,10.2147/DDDT.S49409,MCAS,2014
3830880,PMC3830880,Bilateral synchronous granulomatous orchitis in a patient with erectile disfunction: clinical and pathologic study of the case.,Case Rep Urol,2013,Rodriguez Peña M; Moreno D,10.1155/2013/590608,MCAS,2013
3787002,PMC3787002,Familial occurrence of systemic mast cell activation disease.,PLoS One,2013,Molderings GJ; Haenisch B; Bogdanow M; Fimmers R; Nöthen MM,10.1371/journal.pone.0076241,MCAS,2013
3761194,PMC3761194,"Advanced systemic mastocytosis: the impact of KIT mutations in diagnosis, treatment, and progression.",Eur J Haematol,2013 Feb,Verstovsek S,10.1111/ejh.12043,MCAS,2013
3663351,PMC3663351,Systemic mastocytosis associated with chronic myelomonocytic leukemia and xanthogranuloma.,Dermatol Pract Concept,2012 Jul,Tschandl P; Müllauer L; Kittler H,10.5826/dpc.0203a03,MCAS,2012
3636968,PMC3636968,Systemic mastocytosis presenting as acute appendicitis: a case report and review of the literature.,Case Rep Oncol,2013 Jan,A Akbar S; Raza S; E Denney J; J Johannesen E; C Doll D,10.1159/000350678,MCAS,2013
3513068,PMC3513068,589 Urticaria Pigmentosa. Case Report.,World Allergy Organ J,2012 Feb,González-Díaz S; Arias-Cruz A; Mejia K; Gallego C; Garcia-Calderin D; Calva M; Dominguez L,10.1097/01.WOX.0000411704.27806.b8,MCAS,2012
3400919,PMC3400919,Mastocytosis in children and adults: clinical disease heterogeneity.,Arch Med Sci,2012 Jul 4,Lange M; Nedoszytko B; Górska A; Zawrocki A; Sobjanek M; Kozlowski D,10.5114/aoms.2012.29409,MCAS,2012
3172922,PMC3172922,Cancer risk in patients with Noonan syndrome carrying a PTPN11 mutation.,Eur J Hum Genet,2011 Aug,Jongmans MC; van der Burgt I; Hoogerbrugge PM; Noordam K; Yntema HG; Nillesen WM; Kuiper RP; Ligtenberg MJ; van Kessel AG; van Krieken JH; Kiemeney LA; Hoogerbrugge N,10.1038/ejhg.2011.37,MCAS,2011
3069946,PMC3069946,Mast cell activation disease: a concise practical guide for diagnostic workup and therapeutic options.,J Hematol Oncol,2011 Mar 22,Molderings GJ; Brettner S; Homann J; Afrin LB,10.1186/1756-8722-4-10,MCAS,2011
3014834,PMC3014834,"Hypotension, Syncope, and Fever in Systemic Mastocytosis without Skin Infiltration and Rapid Response to Corticosteroid and Cyclosporin: A Case Report.",Case Rep Med,2010,Ozdemir D; Dagdelen S; Erbas T; Agbaht K; Serefhanoglu S; Aksu S; Ersoy-Evans S,10.1155/2010/782595,MCAS,2010
2904792,PMC2904792,Oral and inhaled sodium cromoglicate in the management of systemic mastocytosis: a case report.,J Med Case Rep,2010 Jun 26,Edwards AM; Hagberg H,10.1186/1752-1947-4-193,MCAS,2010
2841250,PMC2841250,A V530I Mutation in c-KIT Exon 10 Is Associated to Imatinib Response in Extraabdominal Aggressive Fibromatosis.,Sarcoma,2010,Kurtz JE; Asmane I; Voegeli AC; Neuville A; Dufresne A; Litique V; Chevreau C; Bergerat JP,10.1155/2010/458156,MCAS,2010
2713498,PMC2713498,Systemic mastocytosis associated with t(8;21)(q22;q22) acute myeloid leukemia.,J Hematop,2009 Mar,Pullarkat ST; Pullarkat V; Kroft SH; Wilson CS; Ahsanuddin AN; Mann KP; Thein M; Grody WW; Brynes RK,10.1007/s12308-009-0023-2,MCAS,2009
13062037,PMC13062037,Gastrointestinal Symptoms and Systemic Comorbidities in Patients With POTS: A Systematic Review and Meta-Analysis.,Neurogastroenterol Motil,2026 Apr,Kulin D; Shah A; Fairlie T; Staller K; Nurko S; Keefer L; Aziz Q; Drossman DA; Jones MP; Holtmann G,10.1111/nmo.70305,TRIAD_cooccurrence,2026
12942574,PMC12942574,Patient Characteristics of a Telemedicine Clinic for Pediatric and Young Adult Postural Orthostatic Tachycardia Syndrome.,J Clin Med,2026 Feb 20,Boris JR,10.3390/jcm15041626,TRIAD_cooccurrence,2026
12633589,PMC12633589,Understanding Comorbidities in Hypermobile Ehlers-Danlos Syndrome: Could a Viral Infection Lead to a Diagnosis?,medRxiv,2025 Oct 24,Pearson ML; Laraway BJ; Elias ER; Bilousova G; Haendel MA; National Clinical Cohort Collaborative (N3C) Consortium,10.1101/2025.10.22.25338573,TRIAD_cooccurrence,2025
12541780,PMC12541780,Wearable technology in the management of complex chronic illness: preliminary survey results on self-reported outcomes.,Front Digit Health,2025,Sawyer A; Preston R; Leeming H; Martin-Fuller L; Proal A; Putrino D,10.3389/fdgth.2025.1662255,TRIAD_cooccurrence,2025
12437428,PMC12437428,"Hypermobility, immune dysfunction and dysautonomia cluster in ADHD.",Eur Psychiatry,2025 Apr,Kustow J,10.1192/j.eurpsy.2025.189,TRIAD_cooccurrence,2025
12063504,PMC12063504,"Association of postural orthostatic tachycardia syndrome, hypermobility spectrum disorders, and mast cell activation syndrome in young patients; prevalence, overlap and response to therapy depends on the definition.",Front Neurol,2025,Yao L; Subramaniam K; Raja KM; Arunachalam A; Tran A; Pandey T; Ravishankar S; Suggala S; Hendrickson C; Maxwell AJ,10.3389/fneur.2025.1513199,TRIAD_cooccurrence,2025
12048102,PMC12048102,Prevalence of Autoantibodies in Patients with Hereditary Alpha-Tryptasemia.,Int Arch Allergy Immunol,2025,Slapnicar C; Lee E; Vadas P,10.1159/000541880,TRIAD_cooccurrence,2025
12043455,PMC12043455,Hyperventilation during rest and exercise in orthostatic intolerance and Spiky-Leaky Syndrome.,Front Neurol,2025,Hashemizad A; Dela Cruz J; Narayan A; Maxwell AJ,10.3389/fneur.2025.1512671,TRIAD_cooccurrence,2025
11809041,PMC11809041,Comorbidities and neurosurgical interventions in a cohort with connective tissue disorders.,Front Neurol,2024,Ruhoy IS; Bolognese PA; Rosenblum JS; Dass RA; Nayyer NS; Wood JD; Biggins JB,10.3389/fneur.2024.1484504,TRIAD_cooccurrence,2024
11755520,PMC11755520,The prevalence of hypermobile Ehlers-Danlos syndrome at a gender-affirming primary care clinic.,SAGE Open Med,2025,Stein T; Collins S; St Louis J,10.1177/20503121251315021,TRIAD_cooccurrence,2025
11613559,PMC11613559,"Comorbidity, misdiagnoses, and the diagnostic odyssey in patients with hypermobile Ehlers-Danlos syndrome.",Genet Med Open,2023,Halverson CME; Cao S; Perkins SM; Francomano CA,10.1016/j.gimo.2023.100812,TRIAD_cooccurrence,2023
11033372,PMC11033372,"Longitudinal cytokine and multi-modal health data of an extremely severe ME/CFS patient with HSD reveals insights into immunopathology, and disease severity.",Front Immunol,2024,Jahanbani F; Sing JC; Maynard RD; Jahanbani S; Dafoe J; Dafoe W; Jones N; Wallace KJ; Rastan A; Maecker HT; Röst HL; Snyder MP; Davis RW,10.3389/fimmu.2024.1369295,TRIAD_cooccurrence,2024
10806170,PMC10806170,Characterizing a new clinical phenotype: the co-existence of cerebral venous outflow and connective tissue disorders.,Front Neurol,2023,Midtlien JP; Curry BP; Chang E; Kiritsis NR; Aldridge JB; Fargen KM,10.3389/fneur.2023.1305972,TRIAD_cooccurrence,2023
10672129,PMC10672129,Neuropsychiatric Manifestations of Mast Cell Activation Syndrome and Response to Mast-Cell-Directed Treatment: A Case Series.,J Pers Med,2023 Oct 31,Weinstock LB; Nelson RM; Blitshteyn S,10.3390/jpm13111562,TRIAD_cooccurrence,2023
